項番,会議回,年齢,御意見及びその理由,公表日,提出開始日,収集日
1,056,20代,賛同します,2024-06-06,2024-05-15,2024-06-03
2,056,70代,"意見は多数あるが、EVに限定します。
諸外国ではEVの不都合な真実から需要が鈍化しています。
寒冷地でも熱帯でもEVの運転は危険であり、全国に充電スタンドを十分に設置するには今後莫大な費用と時間がかかります。
更にこれらのEVに充電するための電力はどのように賄う予定ですか？
原発は能登半島地震ではっきりしたように、原発事故が起きれば住民放ったらかしにされることを示したと思っています。
あきらかに地震活動期に入っているのに、古い耐震基準で造られた上、40年を限度とする科学的根拠をないがしろにしてまで
原発でEVの電気を作るつもりですか？
その上、製造から廃棄までのCO2発生量が10万キロ以上使用しなければガソリン車より多いといわれています。 EVの価格の主要部分は電池であり、補助金を出せば主に中国が利するだけ。
このような物を推進し続けているのはなぜでしょう？",2024-06-06,2024-05-15,2024-06-03
3,056,20代,"基本政策分科会を初めとしたすべての会議のオフラインで参加している方々の発言のオンライン配信がだいぶ聞き取りづらい。
一語一句で決まる国の審議会において、聞き間違いや勘違いが生まれてもおかしくない。大きな問題である。
そのため早急に、オンライン配信のマイクの改善などを図っていただきたい。もしくは早急に議事録を出すなど対処していただきたい。",2024-06-06,2024-05-15,2024-06-03
4,056,50代,"《 ”竹の消費プロジェクト”考案放置竹やぶの竹原料供給システムを導入したバイオマス発電を基本計画に入れてください 》
私は竹の消費プロジェクトを主宰している”タケチック”（プラスチックからタケチック、商標申請中）と申します。現在SNS などで発信し企業の皆様に事業化を要望する活動をしています。竹原料供給システムの詳細は私のnote（タケチック）に記事を書いていますので、ご覧いただきたいと思います。
プロジェクトの柱であるバイオマス発電の基本計画化を要望します。
（ 理由 ）
１. 放置竹やぶは整備しないと毎年６～10m四方に広がってしまうため、社会課題になっている。
２. 竹は根がある限り大量に切っても枯渇しない（２年もたてば元に戻る）
３. 国産材なので輸入にた頼らない原料
４. カーボンニュートラル、サスティナブル
５. 竹やぶ整備で地域環境にも貢献を兼ねられる。
６. 発電量は天候に左右されない。
７. 為替の影響もほぼない
８. お湯も地元地域に還元し利用できる。
９. 竹をチップ状で運送するので、それを加工して建材にも転用できる。
発電後の灰も肥料として販売できる。
多数の企業が参入すれば、原料の融通が効く。
万が一の大事故の際も被害はほぼ想定の範囲内。
中山間地域の活性化につながる。
アジアを中心に竹の生えている国に技術の輸出もできるし、世界的に取り組めば脱炭素が加速する。
”タケチック”（竹原料バイオマスプラスチック製使いすて容器、商標申請中）製造とも連携でき、そのことで脱プラにもなる。
はびこる竹やぶは日本中の問題です。しかし一番身近な無尽蔵の国産資源であるともいえます。せっかくの竹のパワーを無駄にせず生かすため今こそ計画に入れるときです。
自給率up！で日本を安心、安全にしたい。”日本を循環型社会へ変える” 私の夢をかなえたいと活動しています。基本政策分科会委員の皆様、どうぞよろしくお願いいたします。",2024-06-06,2024-05-15,2024-06-03
5,056,50代,"以下の政策提言を、１６名の著者を代表して意見提出する。
なお、字数制限により、以下には要約のみ掲載するが、１７０ページにわたる全文を https://www.7ene.jp/
に掲載してあるのでご検討頂きたい。
＊＊＊
エネルギードミナンス 強く豊かな日本のためのエネルギー政策
（非政府の有志による第7次エネルギー基本計画）第３a版 2024年5月17日
杉山大志、野村浩二、岡芳明、岡野邦彦、加藤康子、 戸田直樹、中澤治久、南部鶴彦、平井宏治、山本隆三、小島正美、澤田哲生、田中博、室中善博、
山口雅之、渡辺正
現状の認識 2024年は、日本のエネルギー政策の方向性を定める第7次エネルギー基本計画の策定の年にあたる。前回策定の第6次エネルギー基本計画（2021年10月）では、いわゆる3E+S（エネルギー安定供給、経済効率性、環境、そして安全性）のうち、もっぱらCO2削減（環境のE）に重点が置かれてきた。
しかし今や内外の情勢は当時とまったく変わっている。
・安全保障状況は、ウクライナ、中東、台湾などを巡り切迫している。
・世界経済は、コロナ、戦争や紛争、米中経済デカップリングなどをうけ、高インフレ、金利上昇、財政難、生産性の低迷、不平等の拡大などの課題に直面している。
・日本経済は、長期にわたり抑制を強いられた賃金水準が上昇へと転じたが、それを持続させながら民需を拡大できるか、デフレ脱却に向けた岐路に立っている。
こうした厳しい現状にありながら、これまで四半世紀以上にわたり推進されてきた低炭素・脱炭素政策の弊害を省みることなく、政府は合理的な根拠もエビデンスを示すこともないまま に、GX（グリーントランスフォーメーション）によって脱炭素政策をさらに強化しようとしている。慣性のついてしまった行政府は、巨大な船のように方向転換が効かない。
そこで、危機感を持つ我々有志は、「非政府の手による第7次エネルギー基本計画」を提案するものである。強く豊かな日本を築くために、これからのエネルギー基本計画は安全保障（強さ）と経済成長（豊かさ）を重視しなければならない。
政策提言
「非政府の有志による第7次エネルギー基本計画」（以下、本計画）では、安全保障と経済成長を重視したエネルギー政策として、「エネルギードミナンス（優勢）」を提唱する。エネルギードミナンスとは、米国共和党で用いられてきた概念である。それはすなわち、豊富で、安定し、安価なエネルギーを供給することを指す。それによって、日本が経済発展をし、防衛力を高め、自由、民主といった普遍的価値を守り発展させることが可能になる。
エネルギードミナンスを確立するために、我々は以下の11項目にわたる提言をする。 1.光熱費を低減する。電気料金は東日本大震災前の水準を数値目標とする。エネルギーへの税や賦課金等は撤廃ないし削減する。 2.原子力を最大限活用する。全電源に占める比率50％を長期的な数値目標とする。
化石燃料の安定利用をCO2規制で阻害しない。
太陽光発電の大量導入を停止する。
拙速なEV推進により日本の自動車産業振興を妨げない。
再エネなどの化石燃料代替技術は、性急な導入拡大をせず、コスト低減を優先する。
過剰な省エネ規制を廃止する。
電気事業制度を垂直統合型に戻す。
エネルギーの備蓄およびインフラ防衛を強化する。
CO2排出総量の目標を置かず、部門別の排出量の割当てをしない。
パリ協定を代替するエネルギードミナンス協定を構築する。
現行のエネルギー政策は、極端なCO2排出削減目標に束縛され、かつイデオロギー的に技術選択が太陽・風力・電気自動車などに偏狭に絞られているゆえに、コストが高くて持続不可能に陥っている。これに対して本計画は、原子力、天然ガスの安定供給や、エネルギーの効率的な利用や生産性の改善など、現実的な国益を推進するものであり、経済成長を棄損することなく CO2を削減するという点において、より持続可能で実効的である。",2024-06-06,2024-05-15,2024-06-03
6,056,20代,"原子力発電活用については、高レベル放射線廃棄物の最終処分の実現と合わせて議論してもらいたい。
核のゴミの問題を次世代に残さないとしておきながら、現状最終処分については、文献調査に 3自治体が協力するにとどまり、政府の前面にたった推進とは言えない。
原子力発電のコストやエネルギー安全保障の観点でのメリットは十分に理解しているが、解決すべき課題を先送りにしたままでは、原子力発電は日本にとっての有効な発電方法ではない。課題解決の実現の期限を設け、期限内での実現が不可能ならば、発電方法として諦めることも視野に入れるべきである。",2024-06-06,2024-05-15,2024-06-03
7,056,40代,"私は40代で、子どもが2人います。これからの子どもたちの未来を考えると、再生可能エネルギーの割合を増やすことは非常に重要だと考えています。
まず、再生可能エネルギーの普及は環境保護と温室効果ガスの削減に直結します。私たちの世代が地球温暖化の進行を食い止めるための行動を取ることが、子どもたちの未来を守るために必要です。化石燃料に依存し続けることは、長期的に見て地球にとって大きなリスクとなります。
また、再生可能エネルギーはエネルギーの安定供給にも貢献します。災害や国際情勢の変化によりエネルギー供給が不安定になるリスクを軽減するためには、地域ごとの特性を活かした再生可能エネルギーの導入が有効です。特に、日本のように自然災害が多い国では、分散型のエネルギー供給が重要だと思います。
さらに、再生可能エネルギーの普及は経済的なメリットも大きいです。技術革新に伴う新たな産業や雇用の創出は、地域経済の活性化にも寄与します。これにより、私たちの子どもたちが成長した時に、持続可能な経済環境が整っていることを望みます。
日本が国際的な気候変動対策の目標を達成するためにも、再生可能エネルギーの導入拡大は必要です。国際社会における責任を果たすことで、私たちの子どもたちが誇れる国を作ることができると思います。
具体的には、再生可能エネルギーに対する補助金や税制優遇措置の拡充、技術開発への投資、普及啓発活動の強化が重要です。また、再エネ関連インフラの整備や規制緩和も進めていただきたいと思います。
以上の理由から、再生可能エネルギーの割合を増やすための政策強化を強く求めます。",2024-06-06,2024-05-15,2024-06-03
8,056,,第６次エネルギー基本計画にて示された2030年度のエネルギーミックスの目標と、現在のエネルギーミックスの実情は乖離がある。その実現には「異次元のエネルギー政策の転換」が必要となる。 生団連としては、より一層の官民一体となった取組みが必要であると考え、「エネルギー政策への国民の関与」を盛り込むことを要望するものである。 生団連として特に以下 2 点の観点について、要望する。 （１）エネルギー政策の選択肢を提示して、国民に責任と役割を待たせる （２）いかなるエネルギー政策を推進するにしても、原子力発電のバックエンド問題は早期に道筋をつける （１）エネルギー政策の選択肢を提示して、国民に責任と役割を持たせる。エネルギーミックスの野心的な目標数値の達成には、供給側だけでなく、需要側も巻き込んだ、国民全体の参画が必要である。その実現のために以下の３点の提示を求め る。 ①複数シナリオの提示 ②各シナリオにおけるメリットデメリットの提示 ③国民の生活イメージにつながる分かりやすい情報の提示 （２）いかなるエネルギー政策を推進するにしても、原子力発電のバックエンド問題は早期に道筋をつける。今後どのようなエネルギー政策を推進するにしても、すでに発生している使用済み核燃料の処分は日本国内で完結させなければならない。日本における原子力発電は国策民営で進めてきた背景から、国が前面に立ち、適切な核燃料サイクルが実現することを願い、以下２点の早期実現を求める。 ①最終処分に関する、国民の議論、理解を進める ②核燃料サイクルを早期実現し、喫緊に迫る中間貯蔵の問題を解決する,2024-06-06,2024-05-15,2024-06-03
9,056,30代,"街の電気屋を営んでおります。
まさにエネルギーを使用し、仕事をさせて頂いている私としての意見を述べます。
今の暮らしはエネルギー（電力）を使いすぎです。なぜ、使用量を減らすという考え方にならないのでしょうか？
利権？日本の衰退に繋がるから？政府の票集めだから？きっと下らない理由が多々あると思います。
こんなに便利になって、不自由な世の中を作ったのは誰でしょうか？
原発しかり、あんな大事故があったのに再稼働させるんですか？再稼働しないと現在の使用量を賄える電力を作れないから？電気代が高いから？
各世帯にソーラーを義務化して作らせる意味ってあるの？
私は電気屋でありながら、一番の節電は「電気を使わない」とお客様にも伝えてます。
夜は早く寝ればいいんです。なんとなくテレビをみて、エアコンつけて、電気をつけてる人が殆どですよね？夜ふかしして、スマホみて、ゲームして満たされない部分を埋める。
そのために原発再稼働ですか？
お偉いさんは利益の為に、ビジネスの為に今の生活水準を下げようとしない。下らない。
衰退は決して悪いことじゃない。変わらないこと（悪い意味で）がもっとも悪です。",2024-06-06,2024-05-15,2024-06-03
10,056,70代,トイレのないマンションには住めません。そしてCO2を吸って生きられません。人権を尊重し経済的合理性のある再生可能エネルギーで生きられる日本にすべきです。,2024-06-06,2024-05-15,2024-06-03
11,056,40代,"エネルギー政策を詳しく知らない一市民としての声。
今後のエネルギー政策は原発を早期に「ゼロ」にする事を強く意識したものにしてほしい。理由として、この国は東京電力福島第一原子力発電所の事故を過去に経験しているのに現
在、別の地域では原発を稼働させている現実にとても矛盾を感じる。
いまだ避難している方々の事や、福島の復興を心の底から本当に願うのであれば、全ての原発は即刻停止、廃炉にし、子や孫の世代が安心して暮らせる国にする事こそが大切であり、大多数の国民が持つ感情であると考える。また、その様な方法にエネルギー政策の舵を切る事が肝要であると考える。
東京都においては新築住宅には原則として太陽光発電システムの設置を2025年4月から義務化する制度が創設され、川崎市や相模原市もそれに続こうとしている。
太陽光発電や風力発電など、クリーンエネルギーにはデメリットもあるが、それを補う仕組みを政策として打ち出し、原発に頼らなくても電力が安定して供給される国であってほしいと強く願う。",2024-06-06,2024-05-15,2024-06-03
12,056,60代,脱炭素のために、原発復帰はやめてください。地震大国の日本では安全ではありません。いくら厳しい事故対策をしても、地震や津波の力に完全に勝つことはできません。再エネと省エネに本気で取り組んでください。,2024-06-06,2024-05-15,2024-06-03
13,056,50代,"意見
・原発は、全廃の方向で順次可能なものから廃炉を実施し、再稼働、新設は行わない。
・自然エネルギーでの電力供給にシフトする。
理由
・原子爆弾での被爆国としても、フクシマでの事故の経験からも、原子力発電所が、有事（災害、戦争）の際に、原子爆弾以上の殺傷力、影響力を持つということが自明であるのに、その稼働を続けるという方向性を維持していることは異常だと思う。
・原子力発電による「核のゴミ」の処分が不可能であり、それがさらに地球環境への悪影響があることが自明であるのに、ゴミを排出し続けることを推進することは異常である
・原子力発電にかける予算を自然エネルギーの推進にシフトし、安全で快適な国民生活を構築すべきであると考えます。",2024-06-06,2024-05-15,2024-06-03
14,056,40代,"原子力発電の事故リスクおよび未だ解決の見通しの無い廃棄物問題を考えると、原子力をやめて危険性の低い持続可能なエネルギー源にシフトしなければなりません。太陽光、風力、潮、地熱などの開発と拡大に投資して欲しいです。
よろしくお願いします。",2024-06-06,2024-05-15,2024-06-03
15,057,40代,"今回の能登半島地震でもよく分かりましたが、どこでも大きな地震が起こる可能性があります。また、大規模な地震が起きたら、避難は不可能です。 3.11後も原発を使用し続け、さらに老朽化した原発の稼働年数の引き上げを許可していますが、とても危険だと思います。
目先の利益を追うのではなく、日本に住む人たちのそして、周りの国の人々のことも考え、原発の使用は止めてください。",2024-06-17,2024-06-04,2024-06-12
16,057,60代,"【意見】
サステナビリティ情報開示に関する企業会計基準やその適用のあり方をGX実行計画やエネル ギー基本計画における施策と整合的なものにする必要があり、本基本政策分科会においてもそのための適切な目配りが行われるよう要望します。
【理由】
サステナビリティ情報開示については、国際的な拡充・強化の流れを踏まえ、サステナビリティ基準委員会（SSBJ）が取りまとめたわが国における基準の草案が本年7月末期限でパブ
リックコメント中であるほか、金融庁の金融審議会のWGにおいて当該基準の有価証券報告書での扱い等についての検討が始まっています。
上記草案は、報告企業の温室効果ガスの排出量の測定には「GHGプロトコル」に従うことを原則として要求していますが、この要求はエネルギー・トランジションにおいて重要なCCS、e-fuel、e-methane、GX-ETSなどの施策を阻害する可能性があることを懸念しています。
具体的に支障が生じる原因は、現行の「GHGプロトコル」がカーボンクレジットや排出権による排出量の減算を認めていないことにあります。CCSの場合を例にとれば、排出源企業と圧
入・貯留に取組む企業は通常一致しないことが想定されるところ、クレジットを適宜介在させて両者のニーズをマッチングさせる必要があります。しかしながら、「GHGプロトコル」は排出源企業がクレジットを購入して、その分を排出量から減算することを認めていないので、開示上のメリットが大幅に減殺され、クレジットの環境価値が高まらないこととなります。
わが国の温対法に基づくSHK報告制度はJ-クレジットなどを用いて減算した調整後の排出量の開示を認めており、基準草案は例外として同制度の対象企業にはこれに基づく開示も可能としているものの、金融・資本市場の参加者の多くが「GHGプロトコル」準拠の開示に注目する可能性が高いとみられる中、十分な解決策にはなっていません。このような問題は、GX-ETSで創出される排出権についても生じ、わが国のNDCには貢献できても、自社の排出量からは減算できないということが起こり得ます。
ちなみに、「GHGプロトコル」自体は、本年末の改定草案取りまとめに向けて、現在改定に向けたレビューの過程にあり、市場メカニズムとしてのクレジットやオフセットの扱いも議論の対象となっています。
以上に鑑み、本分科会においても、わが国におけるサステナビリティ情報開示基準の内容やその適用について、GX実行計画やエネルギー政策の実施を阻害することがないよう、柔軟・弾力的なものとすべく適切な検討・発信を行われることを希望します。",2024-06-17,2024-06-04,2024-06-12
17,057,50代,"①カーボンリサイクル燃料がガス業界や石油業界、航空業界などでカーボンニュートラル社会実現に向けた切り札として検討されているのは良いことだと思います。
一方、今後本格的にCO2削減が進み、また、CRの原料としての利用が行われた場合、最終的には原料とする CO2が不足するものと考えます。
対応策としては、BECCSを増やすしかない（DACは究極に非効率かつ本末転倒な方法）と思いますので、CR燃料推進にあたっては、一定量のBECCSの確保、あるいは、Jクレジットの創出も同時に進める仕組みを作られてはどうでしょうか？
②電力に関しては、エネルギー基本計画にしっかりと「脱炭素化された電源による電化」が謳われており、その様に進んでほしいと思っています。
一方、電力業界では、「電源の脱炭素化」よりも「最大限の電化」が優先されているように思えます。（彼らの本願故か。）
そこで、こちらについても、「電化」する際には、しっかりと脱炭素電源の確保に取り組むような仕組み（原子力はさらなる上乗せを期待できることから、別立てで進める方が良い）を作られてはどうでしょうか？
③最近、経済安保関係の取り組みが進展していることはとても心強く思います。対して、世界情勢の不安定化やサイバー攻撃の激化が問題となっています。
有事の際や大規模災害時にも備えた対策のより一層の推進をお願いいたします。",2024-06-17,2024-06-04,2024-06-12
18,057,60代,"6/10に小生名にて意見（サステナビリティ情報開示をエネルギー政策との整合的なものとする観点での基本政策分科会としての検討・発信の要望）を提出しましたが、同意見中「GHGプロトコル」の改訂草案の取りまとめの時期について「本年末まで」と記しましたところ、直近で
「2025年中」となっていることが判明しましたので、正確を期すため「2025年中」に訂正します。
取りまとめの主体であるWBCSD（World Business Council for Sustainable Development）の改定スケジュールについての公表内容は以下の通りです。
https://ghgprotocol.org/ghg-protocol-corporate-suite-standards-and-guidance-update-process",2024-06-17,2024-06-04,2024-06-12
19,057,,"以下につきまして提言いたします。
エネルギー政策のご参考になりましたら幸甚です。
①脱炭素化により日本の産業国際競争力を強化し、日本の産業振興および経済成長を目指す。それに資する第７次エネルギー基本計画とする、という基本方針と認識しております。
②長い年月を掛け最適化され経済合理性によって普及してきた化石燃料に由来する社会構造からの脱却をする脱炭素化は、省エネ以外は基本的にコストアップ必至と考えられます。
上記より②、産業競争力の最も重要な因子であるコストに関し、脱炭素化は電力・エネルギー価格アップを通じて悪影響を及ぼすのは論を待ちません。 GX国家戦略の実現には、日本輸出産品による収益増、その収益の国内還流及び国内投資増や賃金増などが必須ですが、製造コスト増分を価格転嫁しつつ、安価化石燃料を活用しながら低コスト生産を進める中国製品などとの国際競争に勝つ為の国際ルール確定が必須であるのは明白です。
＜提言１＞
第７次エネルギー基本計画は、脱炭素化効果と経済合理性（エネルギーコストアップ）をセットとし、欧州などの実績精査に日本の国土事情の考慮や科学的な原理原則を踏まえた議論を経て制定すべき。また、国民生活への影響も大きいことから、各施策によるコスト影響も提示すべき。
尚、コスト影響精査においては、
現在エネルギー自給率12%前後と極めて低く、
偏西風域から外れていり平地面積が少なく国土的に変動再エネに不利な日本における脱炭素化コストは、国内資源を有する国より高くならざるを得ない点も考慮すべき。
尚、変動再エネは、導入比率が高まる程、系統・需給調整コストが大きく増加し、電力供給システム全体のコストアップを招くのはドイツ、デンマークなどの実態を見れば明らかです。 蓄電池活用は、現状では高コストと思われます。変動再エネ導入時に不可欠となる調整電源については、蓄電池と火力発電などとの科学的原理原則に基づいたエネルギー密度も考慮すべ き。
＜提言2＞
変動の極めて少ない高品質な電力が求められるデータセンターや半導体工場増加も考慮した最適電源構成の在り方の視点も重要であり、各種電源のベースロード電源、調整電源としての特性を科学的に踏まえた議論を行い、第７次エネルギー基本計画に反映すべき。
＜提言3＞
世界共通の炭素税価格および各製品の炭素強度を明確にする透明性の高い仕組みが必須と思料いたします。
従いまして、GX国家戦略実現に不可欠となる国際社会におけるルール導入に対する国の明確かつ具体的な方針提示をすべき。
方針は、具体的な時間軸を明確にしたアクションプランとして提示されるべき。
上記の国の対応が不十分な場合、投資予見性が確保できず民間投資は進まない恐れが高いと思料いたします。
一方、日本輸出産品の大きな競争相手かつ輸出市場でもあるGlobal south諸国は、安価な化石燃料活用による経済成長および貧困撲滅が最優先の考えと思われます。
昨年COP28の議論でも明白なように、G7を中心とした西側諸国の提案である化石燃料の段階的廃止は、Global south諸国によって、極めて曖昧な合意文書として骨抜きにされており、＜提言２＞で記した国際的な仕組が無ければ、日本の産業競争力が相対的に低下すると懸念いたします。
＜提言4＞
第７次エネルギー基本計画は複数シナリオを議論すべき。 2050年カーボンニュートラルという従来の方針に基づくシナリオに加え、
経済合理性を重視した時間を掛けて進める現実的な脱炭素化方針に基ずくシナリオ、地政学的リスク等によるエネルギー安全保障最優先方針に基づくシナリオ、
等も検討し、第７次エネルギー基本計画で明記すべき。
実行は、国際情勢や＜提言2＞で記した国際的な仕組の実現状況も考慮しながら、臨機応変に日本の国益に最適な政策決定・実行を行うべき。
欧州は、6月のEU議会選挙結果を踏まえ、変動再エネ至上主義や短期間での急進的な脱炭素化から、経済合理性を重視した時間を掛けて進める現実的な脱炭素化に方向修正をする可能性が高いと思われます。
加えて、米国も、共和党政権なれば、化石燃料をクリーン活用しながら、経済合理性を重視した時間を掛けて進める現実的な脱炭素化に向かうと推定されます。
＜提言5＞
最後に、脱炭素化は、化石燃料を基礎とした社会構造の大変革であり、税金含む巨額投資が不可欠です。
一方、現在の日本のエネルギー自給率は12%前後と極めて低く脆弱であり、エネルギー政策の大きな課題と思料いたします。
従いまして、脱炭素化施策は、最終的に日本のエネルギー自給率アップに繋がるものにすべきであり、それに向けた将来構想を踏まえたエネルギー基本計画で在るべき。第７次エネルギー基本計画でもこの点を議論のうえ、日本のエネルギー自給率向上の方向性とエネルギー基本計画各施策の関係性等を明記すべき。
視点としましては、
・原発活用拡大および深化
・日本排他的経済水域における海底資源開発
・炭素循環
などが有ると思料いたします。",2024-06-17,2024-06-04,2024-06-12
20,058,30代,"国民がエネルギー基本計画の検討にアクセスし、議論に参加できるようにしてください。具体的には、次の事項を実施してください。
・基本政策分科会の開催予定は、日程が決まり次第、開催日に十分先立って、ウェブページ上で公開をしてください。これまでのように開催日前日にウェブサイトに掲載するのでは、この検討に関心のある市民がYouTubeで議論の様子を視聴することが難しくなります。
・基本政策分科会のYouTube配信について、フロアの音声が鮮明ではなく、聞き取りにくいときが多々あります（オンライン参加の委員の声のほうが鮮明なので、フロアの音声システムの問題だと思われます）。フロアの音声がクリアにYouTubeにのるように、音声システムを改善してください。",2024-07-08,2024-06-13,2024-07-03
21,058,,"以下につきまして提言いたします。 20240612に拝送したものに最終部分に追加をしたものです。エネルギー政策のご参考になりましたら幸甚です。
①脱炭素化により日本の産業国際競争力を強化し、日本の産業振興および経済成長を目指す。それに資する第７次エネルギー基本計画とする、という基本方針と認識しております。
②長い年月を掛け最適化され経済合理性によって普及してきた化石燃料に由来する社会構造からの脱却をする脱炭素化は、省エネ以外は基本的にコストアップ必至と考えられます。
上記より②、産業競争力の最も重要な因子であるコストに関し、脱炭素化は電力・エネルギー価格アップを通じて悪影響を及ぼすのは論を待ちません。 GX国家戦略の実現には、日本輸出産品による収益増、その収益の国内還流及び国内投資増や賃金増などが必須ですが、製造コスト増分を価格転嫁しつつ、安価化石燃料を活用しながら低コスト生産を進める中国製品などとの国際競争に勝つ為の国際ルール確定が必須であるのは明白です。
＜提言１＞
第７次エネルギー基本計画は、脱炭素化効果と経済合理性（エネルギーコストアップ）をセットとし、欧州などの実績精査に日本の国土事情の考慮や科学的な原理原則を踏まえた議論を経て制定すべき。また、国民生活への影響も大きいことから、各施策によるコスト影響も提示すべき。
尚、コスト影響精査においては、
現在エネルギー自給率12%前後と極めて低く、
偏西風域から外れていり平地面積が少なく国土的に変動再エネに不利な日本における脱炭素化コストは、国内資源を有する国より高くならざるを得ない点も考慮すべき。
尚、変動再エネは、導入比率が高まる程、系統・需給調整コストが大きく増加し、電力供給システム全体のコストアップを招くのはドイツ、デンマークなどの実態を見れば明らかです。
蓄電池活用は、現状では高コストと思われます。変動再エネ導入時に不可欠となる調整電源については、蓄電池と火力発電などとの科学的原理原則に基づいたエネルギー密度も考慮すべ き。
＜提言2＞
変動の極めて少ない高品質な電力が求められるデータセンターや半導体工場増加も考慮した最適電源構成の在り方の視点も重要であり、各種電源のベースロード電源、調整電源としての特性を科学的に踏まえた議論を行い、第７次エネルギー基本計画に反映すべき。
＜提言3＞
世界共通の炭素税価格および各製品の炭素強度を明確にする透明性の高い仕組みが必須と思料いたします。
従いまして、GX国家戦略実現に不可欠となる国際社会におけるルール導入に対する国の明確かつ具体的な方針提示をすべき。
方針は、具体的な時間軸を明確にしたアクションプランとして提示されるべき。
上記の国の対応が不十分な場合、投資予見性が確保できず民間投資は進まない恐れが高いと思料いたします。
一方、日本輸出産品の大きな競争相手かつ輸出市場でもあるGlobal south諸国は、安価な化石燃料活用による経済成長および貧困撲滅が最優先の考えと思われます。
昨年COP28の議論でも明白なように、G7を中心とした西側諸国の提案である化石燃料の段階的廃止は、Global south諸国によって、極めて曖昧な合意文書として骨抜きにされており、＜提言２＞で記した国際的な仕組が無ければ、日本の産業競争力が相対的に低下すると懸念いたします。
＜提言4＞
第７次エネルギー基本計画は複数シナリオを議論すべき。 2050年カーボンニュートラルという従来の方針に基づくシナリオに加え、
経済合理性を重視した時間を掛けて進める現実的な脱炭素化方針に基ずくシナリオ、地政学的リスク等によるエネルギー安全保障最優先方針に基づくシナリオ、
等も検討し、第７次エネルギー基本計画で明記すべき。
実行は、国際情勢や＜提言2＞で記した国際的な仕組の実現状況も考慮しながら、臨機応変に日本の国益に最適な政策決定・実行を行うべき。
欧州は、6月のEU議会選挙結果を踏まえ、変動再エネ至上主義や短期間での急進的な脱炭素化から、経済合理性を重視した時間を掛けて進める現実的な脱炭素化に方向修正をする可能性が高いと思われます。
加えて、米国も、共和党政権なれば、化石燃料をクリーン活用しながら、経済合理性を重視した時間を掛けて進める現実的な脱炭素化に向かうと推定されます。
＜提言5＞
最後に、脱炭素化は、化石燃料を基礎とした社会構造の大変革であり、税金含む巨額投資が不可欠です。
一方、現在の日本のエネルギー自給率は12%前後と極めて低く脆弱であり、エネルギー政策の大きな課題と思料いたします。
従いまして、脱炭素化施策は、最終的に日本のエネルギー自給率アップに繋がるものにすべきであり、それに向けた将来構想を踏まえたエネルギー基本計画で在るべき。第７次エネルギー基本計画でもこの点を議論のうえ、日本のエネルギー自給率向上の方向性とエネルギー基本計画各施策の関係性等を明記すべき。
＜前回20240612発信からの追記箇所＞
視点としましては、下記などがあると思料いたします。
・原発活用拡大および深化
・日本排他的経済水域における海底資源開発
・炭素循環および水＋空気によるエネルギー国内清掃製造高温ガス炉水素＋CO2→メタン、
高温ガス炉高温によるSOEC法：水＋CO2→メタン PEMCO2（水＋CO2電解→メタン）
高温ガス炉水素＋空気中N2→アンモニア
高温ガス炉高温によるSOEC法：水＋N2→アンモニア
・変動再生可能エネルギー（太陽光、風力）
経済合理性がある範囲内（現状では全発電量構成の1割程度と推定）
電源特性上、大規模電力インフラへの接続では無く、離島など小範囲での地産地消が適しているのではないかと思料いたします。",2024-07-08,2024-06-13,2024-07-03
22,058,50代,"以前はエネルギーミックスと言う日本全体で掲げるスローガンがあったと記憶するが、いつの頃から消失したのか？
洋上風力等の再エネ推進に反対する原子力推進派はいない。
国富の流出を抑えて海外からのエネルギー輸入を少なくする国策を望みたい。",2024-07-08,2024-06-13,2024-07-03
23,058,70代,"所謂エネルギーミックスに関しては、いくつかの団体から化石燃料に頼らず、あるいは原発に頼らず再エネ１００％が可能であるという研究結果がでています。もちろん違う考えの研究結果があることは承知していますが、民間の企業であれば、どちらがより良いか徹底的に議論して決めると思います。分科会の議論でも、委員からの様々な意見の言いっ放しではなく、深度のある議論を国民が見える形で行ってほしいと考えます。
また、委員の構成に関しては、将来気候変動の影響をより多く受ける若者世代や、子供を育てるなど実生活からこの問題を考えることができる女性委員を、人口構成比率に合わせる人数にする必要があると考えます。
今回の改定は、確実に起こる脱炭素社会に向けて、我が国の国力をいかに増大させるかの需要な機会です。持続可能な将来と我が国の国力を増大させるという視点からの議論を期待しま す。",2024-07-08,2024-06-13,2024-07-03
24,058,30代,"今月16日の朝日新聞朝刊1面を読ませてもらいました。原発「増設」認める方針、に反対です。
ウランは原子1個あたり200[MeV]のエネルギーを取り出せる密度の高いエネルギー源です、これは化学エネルギーの約百万倍です。しかし現状ではウランが大量生産出来されるのは超新星爆発の時だけです、太陽エネルギーから核エネルギーに大量に変換して保存しておくのは現状技術では不可能です。
その貴重なウラン資源を今ここで消費すべきでしょうか？ウラン資源は地球上に500万トン程しか存在していません。
宇宙探査機ボイジャーに原子力電池が使われ、1977年の打ち上げから長期にわたって太陽光の微弱な深宇宙で観測を続けてたことを想起します。エネルギー密度の高いウランはこのような宇宙空間でこそ活躍すべき元素ではないでしょうか？
地上で原子力発電が許されるのは「宇宙での使用の準備のため、研究炉として」だけだと思います。
たとえば1基あたり100万キロワットにもなるような大型商業原発を増設しては、ウラン資源を早く枯渇させるだけだと思います。
将来の宇宙探査のため、または人類の深宇宙への旅立ちのため、今この地上でウラン資源を
「単なる発電のために」浪費するのは止めたほうがいいと思います。
太陽も核融合で光ってますが余命50億年と言われてます。将来世代のためにもウラン資源は保存しておきませんか？",2024-07-08,2024-06-13,2024-07-03
25,058,,"持続可能な再エネ100％と公正な社会を実現する新しいエネルギー基本計画を求めます
再エネ100％と公正な社会をめざす「ワタシのミライ」実行委員会* 2024年5月16日
気候危機は年々深刻さを増し、日本でも私たちの生命や暮らしが脅かされています。気候危機の被害を減らすため、国際社会は、世界の平均気温上昇を産業革命前に比べて1.5℃未満に抑えることをめざしています。近年の化石燃料の価格高騰は、エネルギーを輸入に頼ることの危うさを明らかにしました。東京電力福島第一原発事故や能登半島地震は、想定外の地震が頻発する日本での原発リスクを改めて浮き彫りにしました。化石燃料や原子力をめぐる汚染やリスク、気候変動の被害が、弱い立場に置かれた人々や地域に偏っている不公正な状況が続いています。
気候・エネルギー問題を解決するには、エネルギー消費や経済・産業のあり方を見直した上で、化石燃料や原子力から脱却し、持続可能な再生可能エネルギー100%の公正な社会にシフトすることが不可欠です。それによって化石燃料の輸入で毎年海外に流出している数十兆円が国内で循環します。それだけあれば、きれいな空気や自然を守り、クリーンな雇用を増やして地域を活性化させながら、夏は涼しく冬は暖かい省エネ性能の優れた家で健康かつ安価に暮らせる、公正な社会を作ることは可能です。
新しいエネルギー基本計画には、多様な立場の専門家や環境団体に加え、広く市民の声を反映させなければなりません。特に、気候危機の悪影響を大きく受ける第一次産業の関係者、気候災害や原発事故の当事者、若い世代などが検討に参加する必要があります。
しかし、実際のエネルギー政策の検討は、化石燃料・原子力産業の代表が中心になっています。2022年に政府が打ち出したGX（グリーントランスフォーメーション）方針は、関連企業の意向を反映し、原子力推進に踏み込み、化石燃料の利用を温存する内容です。市民参加のないまま策定されたGX方針が第七次エネルギー基本計画の土台になることはあってはなりません。
これからの世代に希望ある社会を残すために、私たちは、第七次エネルギー基本計画の検討に向けて、以下を要望します。
要望事項
１．エネルギー基本計画の見直しでは、審議会における検討に若い世代を含む多様な立場の専門家や環境団体、市民の参加を確保するとともに、民主的で透明なプロセスによる「国民的議論」を行うこと。
２．エネルギー基本計画の見直しとあわせ、2030年の温室効果ガス削減目標を、1.5℃目標や COP28合意に整合させ、先進国としての責任を果たせる水準に引き上げること。加えて、2035年に向けた新たな野心的な削減目標（*）を設定し、遅くとも2025年2月までに国連に提出すること。
*「世界全体で2035年までに60%以上削減（2019年比）」を大きく上回る目標
３．G7サミットで合意されている「2035年までに電源のほぼすべてを脱炭素化する」目標について、これを原子力に頼らず省エネと再エネで実現する方針をエネルギー基本計画に盛り込むこと。COP28で合意された「化石燃料からの脱却」と「2030年までの再エネ設備容量3倍及びエネルギー効率改善率2倍」というグローバル目標に、先進国である日本として大きく貢献できるエネルギー基本計画とすること。
４．原子力について、再稼働、運転延長、新増設・リプレースや新型炉の開発をやめる方針をエネルギー基本計画に盛り込むこと。原子力規制や避難計画なども見直す必要がある。既存の原発も期限を定めて廃止すること。
５．決定的に重要なこの10年に実用化が間に合わず、実現可能性が不確実かつ高コストで、環境・社会への悪影響が懸念される化石燃料関連の新技術（水素・アンモニア、CCS等）には頼らずに、化石燃料自体からの脱却をめざすエネルギー基本計画とすること。
６．原子力と化石燃料から、省エネ・再エネを中心とした産業・社会構造への公正な移行が円滑に進むよう、クリーンな雇用の確保や地域への支援、人々のくらしのサポート、格差や不平等の是正に取り組む方針をエネルギー基本計画に位置づけること。
以上
* ワタシのミライ実行委員団体（17団体）
Fridays For Future Japan、国際環境NGO FoE Japan、国際環境NGOグリーンピース・ジャパ ン、市民電力連絡会、Protect Our Winters Japan、国際環境NGO 350.org Japan、気候ネットワーク、環境エネルギー政策研究所、原子力資料情報室、アムネスティ・インターナショナル日本、Climate Action Network Japan（CAN-Japan）、地球環境市民会議、グリーン連合、パルシステム生活協同組合連合会、spiral club、原子力市民委員会、日本労働者協同組合連合会（ワーカーズコープ連合会）、気候訴訟ジャパン、環境まちづくりNPO エコメッセ
●本意見書の賛同団体一覧（46団体）
グリーンピープルズパワー株式会社、さよなら玄海原発・久留米、未来世代幸福法日本版プロジェクト、特定非営利法人グラス・ルーツ、グローバル連帯税フォーラム、東京の水連絡会、特定非営利活動法人セブン・ジェネレーションズ、地球救出アクション97、環境文明21、グ リーンコープ生活協同組合おかやま、環境まちづくりNPO元気力発電所、PV-Net（NPO太陽光発電所ネットワーク）、NPO法人バングラデシュと手をつなぐ会、ＮＰＯ法人新エネルギーをすすめる宝塚の会、特定非営利活動法人A SEED JAPAN、一般社団法人コンサベーション・アライアンス・ジャパン、コンセプトワークス、I女性会議、大阪市の街路樹撤去を考える会、ノーニュークス・アジアフォーラム・ジャパン、電力改革プロジェクト、株式会社Hibana、プロボス、ふぇみん婦人民主クラブ、小平・環境の会、こだいらソーラー、NPO法人リアルにブルーアースおおさか、みどりのドクターズ、#6年後も本当に住みやすい街大賞1位とるぞ藤沢プロジェクト、NPO法人気候危機対策ネットワーク、グローバル連帯税フォーラム、メコン・
ウォッチ、全大阪消費者団体連絡会、生活協同組合パルシステム東京、生活クラブ生活協同組合埼玉、一般社団法人生活クラブエネルギー事業連合、気候危機・自治体議員の会、バングラデシュと手をつなぐ会、XR四国、コンシューマーズかながわ、一般社団法人大磯エネシフト、特定非営利活動法人せたがや水辺デザインネットワーク、核燃サイクル阻止１万人訴訟原告 団、日本カトリック正義と平和協議会平和のための脱核部会、原発さよなら四国ネットワーク
「ワタシのミライ」実行委員団体・意見書賛同団体の合計：63団体",2024-07-08,2024-06-13,2024-07-03
26,058,10代以下,"エネルギー基本計画の見直しで最も重要なことは、民主的かつ透明なプロセスで決められることだと考えます。気候変動の被害を最も受ける子供や若者、気候変動対策によって規制される化石燃料を扱う企業など、さまざまな当事者性が尊重された上で議論が進められるべきだと思います。
私は、日本の電力構成を2050年までに再生可能エネルギー100%にするべきだと考えていま す。原発は新設に10年以上の時間が必要で、2030年までの気候変動対策になりません。それに安全性や核のごみの処分など課題が多いため、持続可能とはいえません。そのため早期に脱原発を達成し、再エネ100%への｢公正な移行｣が求められます。失業者等を出さない公正な移行という視点を忘れずに再エネ100%の実現を目指すことは最も効果的な気候変動対策となります。それと同時に、毎年化石燃料の輸入に使われる数十兆円を国内に残すことができるため、経済効果や国の税収が増えることが期待できます。
そして、次期エネルギー基本計画では気候変動の影響を最も受ける若者の意見を反映させるべきです。基本政策分科会のメンバーは化石燃料、原発推進派の中年男性が多数を占めます が、これは公平とはいえません。若者を含めたさまざまに立場の人が議論に加わらなければなりません。その上で、市民の意見を幅広く反映させた計画を国民に示すべきだと考えていま す。
私は中学３年生で、選挙権がありません。しかし、未来を担うのも気候変動の被害を最も受けるのも選挙権のない子供、若者です。私たちの未来を気候変動から守るために、中高生の意見を計画にに反映させてください。市民の意見が反映されたエネルギー基本計画となることを期待しています。",2024-07-08,2024-06-13,2024-07-03
27,058,70代,異常気象のため、冬は寒く夏は暑く、そういう中で電力料金が高くて非常に困っています。特に再生可能エネルギーが増えるとFIT賦課金が増えて、これを消費者全員に一律に負担させるのは大変迷惑です。電気料金の中に原子力発電の料金メニューを作って頂き、消費者がそれを選択できるようにして、この料金を選択した人にはFIT賦課金とか、今後増える風力とか太陽光のように制御できない電気のために設置する蓄電池の費用（賦課金含む）は負担させないようにしてもらいたい。これらの再生可能エネルギーにかかる費用（賦課金含む）は、再生可能エネルギーを希望する人（原子力発電のメニューを選択しない人）が負担すべきである。電力自由化のもとで再生可能エネルギーのこれらの費用増分をすべての消費者に強制的に負担させるのは違反ではないでしょうか。電力会社は消費者が選択する発電方法（原子力発電か、再生可能エネルギー）での発電所を増やすべきだ。発電方法を政治家や官僚や有識者が勝手に決めることではない。特に、エネルギーの政治利用（選挙対策など）は決してやってはいけない。,2024-07-08,2024-06-13,2024-07-03
28,058,30代,"2024年6月19日に「意見箱」にコメントしたものに誤植があったので訂正させてください。
＊＊＊＊＊＊＊＊＊＊＊＊＊＊＊＊＊＊＊＊＊＊＊＊ 2024年6月16日の朝日新聞朝刊1面を読ませてもらいました。原発「増設」認める方針、に反対です。
ウランは原子1個あたり200[MeV]のエネルギーを取り出せる密度の高いエネルギー源です、これは化学エネルギーの約百万倍です。しかし現状ではウランが大量生産されるのは超新星爆発の時だけです、太陽エネルギーから核エネルギーに大量に変換して保存しておくのは現状技術では不可能です。
その貴重なウラン資源を今ここで消費すべきでしょうか？ウラン資源は地球上に500万トン程しか存在していません。
宇宙探査機ボイジャーに原子力電池が使われ、1977年の打ち上げから長期にわたって太陽光の微弱な深宇宙で観測を続けてたことを想起します。エネルギー密度の高いウランはこのような宇宙空間でこそ活躍すべき元素ではないでしょうか？
地上で原子力発電が許されるのは「宇宙での使用の準備のため、研究炉として」だけだと思います。
たとえば1基あたり100万キロワットにもなるような大型商業原発を増設しては、ウラン資源を早く枯渇させるだけだと思います。
将来の宇宙探査のため、または人類の深宇宙への旅立ちのため、今この地上でウラン資源を
「単なる発電のために」浪費するのは止めたほうがいいと思います。
太陽も核融合で光ってますが余命50億年と言われてます。将来世代のためにもウラン資源は保存しておきませんか？
＊＊＊＊＊＊＊＊＊＊＊＊＊＊＊＊＊＊＊＊＊＊＊以上です。",2024-07-08,2024-06-13,2024-07-03
29,058,20代,"マイクが導入され、とても聴きやすくなりました。ありがとうございます！
たまに聴きづらい箇所があるため、マイクに向かって発言いただくようご配慮頂けますと幸いです。",2024-07-08,2024-06-13,2024-07-03
30,058,70代,"エネルギー基本計画の検討をされていると報道されています。一方で、電気料金が高いので、また、お金をばらまくと岸田首相が言っていました。日本の財政は膨大な借金を抱え、そのうえ、日本経済は実質成長率が見込めず、円安は進むばかり年金額も増えず給与の増え方も僅かで円安で物価は高騰し、そのよう中電力料金は上がるばかりで我々は生活が苦しく大変です。電気料金があがるのは円安で輸入する化石燃料費用が上がっていることもありますが、何たって再生可能エネルギーが増えることによる値上がりには、目を覆いたくなります。頼りの原子力発電の再稼働や新規については、最悪の原子力規制が邪魔しています。原子力発電が稼働している地域としてない地域では3割も電気代が違います。原子力規制を早く見直し再稼働や新規原子力発電を早くしてほしいが、「安全」を理由に原子力発電反対を選挙対策に使う今の日本の政治家に期待はできない。少なくても、再生可能エネルギーのFIT賦課金制度は止めて欲しい。どうしても、止めないというのであれば、再生可能エネルギーを希望する消費者がFIT賦課金を負担する仕組みに変えて欲しい。今後増える蓄電池は電気料金を大幅に上昇させま す。蓄電池は、再生可能エネルギー（変動電源）のためのものであり、その蓄電池の費用も全部再生可能エネルギー希望の消費者が負担とし、間違っても原子力発電を希望の消費者に負担させないようにお願いしたい。発電方式の再生可能エネルギー、原子力発電、火力発電を各々何％などと勝手に決めないでいただきたい、消費者が望む電気を発電してほしい。消費者が何を望むのかは、電力メニューにそれが分かるメニューを作って判断してほしい。国民は、再生可能エネルギーを増やせば電気料金が下がると誤解しています。いや、国が騙しています。 異常気象の中で、脱炭素政策だなど言って、再生可能エネルギーを沢山導入し、その費用負担を国民に押し付ける。国民は、電気代の節約をしないと生きていけない。国は熱中症で老人は死ねと言っているように聞こえます。今後脱炭素で石油が使えなくなると、国民は電気で暖房をとらないと行けなくなります。特に北国は大変です。北国には人を住むなと言っているのですか？お金持ちの皆さんだけで勝手に、電気の種類を決めないでください。政治家が選挙のために、エネルギー政策を利用することはとんでもない話です。
貴方たちは国民の命を握っているのです。自覚を持ってください。",2024-07-08,2024-06-13,2024-07-03
31,058,70代,"エネルギー基本計画の見直し（策定）については、日本の国情（島国、山岳国、実質的には無資源国、工業立国など）、世界情勢（人口増、エネルギー消費量増、ロシアのウクライナ侵 略、エネルギー価格の高止まり、円安、地球温暖化対策など）、エネルギーの基本（種類、特徴など）、科学（工学）的事実を正しく認識して議論されるべきえある。
この100年間で大気、海水（表層）温度が上昇しているのは測定記録により事実であるが、その原因については温暖化ガス（主としてCO2）と科学的に証明されている訳ではないことに注意が必要である。また、日本のCO2排出量は世界の約3％しかなく、しかも電源由来は1.2％以下であり、アメリカ、中国、インドの排出量の誤差範囲でしかないことにも注意が必要である。
即ち、GX政策に偏重したエネルギー政策は、日本のエネルギーの安全保障（安定供給）を阻害する要因になることにも注意が必要である。
一次エネルギーは化石（石炭、石油、天然ガス）、核（原子力）、再エネ（水力、バイオ、地熱：太陽光、風力）の3種類しか無く、実質的に無資源国の日本にとっては、3種類の一次エネの全てが重要（必要）なことは自明のことであり、石炭火力であっても必要なエネルギーということである。
また、再エネと一括りした議論も誤解を招くことになり、水力、バイオ、地熱という安定電源と、太陽光、風力という不安定電源は分けて議論すべきである。
太陽光、風力という不安定電源はお天気任せであり、電力の安定供給には寄与せず、バックアップ電源（主として火力）が必要で、電源設備の二重化という無駄、余剰電力は系統遮断
（捨てられる）という無駄、こんな意味の無い不安定電源のために新たに送電網を整備しなければならないという無駄、火力の稼働率を下げて効率を悪くするという無駄、日本の美しい自然、景観を破壊するという無駄を強いられている。
こういう事実を認識した上でGX政策の是非を含め、エネルギー基本計画の議論をすべきである。",2024-07-08,2024-06-13,2024-07-03
32,058,60代,"以下につきまして提言いたします。 20240628に再度拝送したものを修正したものです。エネルギー政策のご参考になりましたら幸甚です。
注）以下、変動再エネとは、再生可能エネルギーのうち、太陽光発電、風力発電など、自然環境によって発電量が短時間で大きく変動するものを表します。
1．基本的な認識 ‘①脱炭素化により日本の産業国際競争力を強化し、日本輸出産品による収益を増やす。
そして、その収益を国内に還流し国内投資増や賃金増等を行い日本の産業振興および経済成長実現するのがGX国家戦略。 GX国家戦略に資するエネルギー政策として第７次エネルギー基本計画を策定する基本方針と認識。 ‘②経済合理性によって普及し長い年月を掛け最適化されてきた化石燃料に由来する社会構造からの脱却を意味する脱炭素化は、 2050年までの中期的期間では、省エネ以外は基本的に大きなコストアップに繋がるのは不可 避。
‘③国際社会がG7主体の西側先進諸国とBRICSを中核としたGlobal south諸国の2極分化体制に移行し、急速に分化進行中。
経済成長、保有資源量、増加率含めた人口などの点からGlobal south諸国の国際社会における発言力が中長期的に高まる可能性が高いと考えられる。 ‘④エネルギー政策における優先順位（価値感）は、G7主体の西側先進諸国が脱炭素化優先
（価格＋脱炭素価値共有）であるのに対し、
Global south諸国は安価エネルギーによる経済成長・貧困撲滅最優先（価格最優先）と考えられる。
昨年COP28の議論でも明白なように、G7を中心とした西側諸国の提案である化石燃料の段階的廃止は、Global south諸国によって、極めて曖昧な合意文書として実質的に骨抜きにされており、loss & damage補償に加え後進国の脱炭素用資金として
年5兆USDの基金拠出を日本含めた先進諸国に要求されていることからも、Global South諸国の考えは明白と思われる。
‘⑤日本産業界の主要輸出マーケットは、Global South諸国の比率が今後増大すると思われる。
‘⑥上記①～⑤より、今後の日本の輸出先のメインとなると思われるGlobal south諸国マーケットに於ける最も重要な因子である
コストに関し、脱炭素化は電力・エネルギー価格アップを通じて日本製品のコストアップという悪影響を及ぼす懸念がある。
この悪影響を排除する為には、脱炭素化によるコスト増分を価格転嫁しつつ脱炭素価値を同じくする国際ルール導入が必須。
これが、GX国家戦略実現のための必須条件である。 ‘⑦国際規格標準化
“技術で勝ち、ビジネスでも勝つ”の実現がGX国家戦略実現のための極めて重要な条件。その為には、日本の先端技術を磨き、国際市場で有利に普及させる為の国際規格標準化を日本が主導することが必須。
日本の限定された官民リソースを最大限に有効活用し、技術開発やインフラ検討・設計・建設を進める為には、限定される民間リソースの分散を回避する、選択と集中が重要。中国、韓国、EUなど競合国・地域は、日本以上に選択と集中をして活動を展開。 ‘⑦現在エネルギー自給率12%前後と極めて低く、これを向上させることがエネルギー安全保障強化の最終目的であり、
エネルギー政策も将来的に日本のエネルギー自給率を上げる観点が必要不可欠。
＜提言１＞
脱炭素に関する国際社会に動向により、第７次エネルギー基本計画に於ける、エネルギーコストと脱炭素レベルの最適点は変り得ることから、今までの国内外の実績も含めコストに関する精査を確実に実施すべき。
第７次エネルギー基本計画は、脱炭素化効果と経済合理性（エネルギーコストアップ）の双方を勘案し、
・欧州などの変動再エネ主力電源化実施国の実績精査
・日本の国土事情の考慮や科学的な原理原則を踏まえた議論を経て方針を決定すべき。
また、国民生活への影響も大きいことから、各施策によるコスト影響も提示すべき。
尚、コスト影響精査においては、
現在エネルギー自給率12%前後と極めて低く、
偏西風域から外れており平地面積が少なく国土的に変動再エネに不利な日本における脱炭素化コストは、
変動再エネに有利な国や、自国産エネルギーがある国より高くならざるを得ない点も考慮すべき。
（変動再エネ建設コスト差、発電量差、調整電源である火力発電の燃料コスト差など）
また、変動再エネは、導入比率が高まる程、系統・需給調整コストが大きく増加し、電力供給システム全体のコストアップを招くのはドイツ、デンマークなどの実態を見れば明らか。ま た、変動再エネの共食い効果顕在化による収益悪化、自己存続困難（老朽更新には補助金必 須）という問題も、精査すべき。
さらに、変動再エネ導入時に不可欠となる調整電源については、蓄電池と火力発電等とのコスト比較を十分に行うべき。蓄電池の将来性については、科学的原理原則に基づいたエネルギー密度（蓄電池の物理的限界）も考慮すべき。
＜提言2＞
変動の極めて少ない高品質な電力が求められるデータセンターや半導体工場増加も考慮した最適電源構成の在り方の視点も重要であり、各種電源のベースロード電源、調整電源としての特性を科学的に踏まえた議論を行い、第７次エネルギー基本計画に反映すべき。
＜提言3＞ GX国家戦略実現の必須条件である。脱炭素価値を共有化する国際ルール導入に対する国の明確かつ具体的な方針提示をすべき。
企業の投資予見性など考慮し、方針は具体的な時間軸を明確にしたアクションプランとして提示されるべき。
上記の国の対応が不十分な場合、投資予見性が確保できず民間投資は進まない恐れが高いと思料いたします。
なお、当該アクションプランの進捗状況や国際社会の脱炭素に関する動向に応じ、臨機応変に日本の国益に最適な政策決定すべき。
＜提言4＞
第７次エネルギー基本計画は複数シナリオを議論すべき。 1)2050年カーボンニュートラルという従来の方針に基づくシナリオに加え、
経済合理性を重視した“時間を掛けて進める現実的な脱炭素化方針”に基ずくシナリオ、
地政学的リスク等によるエネルギー安全保障最優先方針に基づくシナリオ、等も検討すべき。
尚、1)はGX国家戦略との整合性が確保できないと思われること、3)は有事想定の状況となることから、
第７次エネルギー基本計画では、現実的である2)のシナリオに限定して詳細検討するのが良いと思われる。
欧州は、6月のEU議会選挙結果を踏まえ、変動再エネ至上主義や短期間での急進的な脱炭素化から、経済合理性を重視した時間を掛けて進める現実的な脱炭素化に方向修正をする可能性が高いと思われます。
加えて、米国も、共和党政権となれば、化石燃料をクリーン活用しながら、経済合理性を重視した時間を掛けて進める現実的な脱炭素化に向かうと推定されます。
<提言5＞ GX国家戦略に資するエネルギーの大変革は、極めたて多岐に亘る一方、限定される国内リソースは有限である。
従って、競合諸国・地域と対抗しGX国家戦略を実現させるには、現状以上に選択と集中を行うべき。
例えば、
現状ではコストアップの極めて大きな対策は、小規模pilot plantの限定案件前提とする。 現状コストレベルで推進すべき対策における拠点決定は、Feasible studyの様な実務不可が掛かる前段階で、国が候補地を限定することも重要。
例えば、水素キャリア関連、CCU関連は貯蔵タンク設置が不可欠となるが、全ての各種貯蔵タンクの検討は、限定された数社で行うことになると推定。タンク建造も数社に限定されると思われ、現状以上に選択と集中を行わない限り、実行困難となる懸念がある。
＜提言6＞
最後に、脱炭素化は、化石燃料を基礎とした社会構造の大変革であり、税金含む巨額投資が不可欠。
一方、現在の日本のエネルギー自給率は12%前後と極めて低く脆弱であり、エネルギー政策の大きな課題と思料。
従いまして、脱炭素化施策は、最終的に日本のエネルギー自給率アップに繋がるものにすべきであり、それに向けた将来構想を踏まえたエネルギー基本計画で在るべき。第７次エネルギー基本計画でもこの点を議論のうえ、日本のエネルギー自給率向上の方向性とエネルギー基本計画各施策の関係性等を明記すべき。
視点としましては、下記などがあると思料。
・原発活用拡大および革新炉導入、海水ウラン抽出、核融合炉
・日本排他的経済水域における海底資源開発
・水＋空気による水素、アンモニア、メタン、液体燃料等のエネルギー国内安価製造（炭素循環を含む）
・変動再生可能エネルギー（太陽光、風力）
系統に繋ぐ場合は経済合理性がある範囲内（現状では全発電量構成の1割程度？など）
＊電源特性上、大規模電力インフラへの接続では無く、離島など小範囲での地産地消が適しているのではないかと思料。
系統には繋がずPtGにて水素・アンモニア国内安価製造
＜提言７＞
エネルギー自給率約12%の日本のエネルギーコストは、為替を大きく受けることから、為替影響を受けにくい構成にすることに加え、
円安対策も重要であり、金利設定などの金融政策との連携も必要。",2024-07-08,2024-06-13,2024-07-03
33,058,60代,"以下につきまして提言いたします。 20240630に再度拝送したものに提言８，９を追加したものです。エネルギー政策のご参考になりましたら幸甚です。
注）以下、変動再エネとは、再生可能エネルギーのうち、太陽光発電、風力発電など、自然環境によって発電量が短時間で大きく変動するものを表します。
1．基本的な認識 ‘①脱炭素化により日本の産業国際競争力を強化し、日本輸出産品による収益を増やす。
そして、その収益を国内に還流し国内投資増や賃金増等を行い日本の産業振興および経済成長実現するのがGX国家戦略。 GX国家戦略に資するエネルギー政策として第７次エネルギー基本計画を策定する基本方針と認識。 ‘②経済合理性によって普及し長い年月を掛け最適化されてきた化石燃料に由来する社会構造からの脱却を意味する脱炭素化は、 2050年までの中期的期間では、省エネ以外は基本的に大きなコストアップに繋がるのは不可 避。
‘③国際社会がG7主体の西側先進諸国とBRICSを中核としたGlobal south諸国の2極分化体制に移行し、急速に分化進行中。
経済成長、保有資源量、増加率含めた人口などの点からGlobal south諸国の国際社会における発言力が中長期的に高まる可能性が高いと考えられる。 ‘④エネルギー政策における優先順位（価値感）は、G7主体の西側先進諸国が脱炭素化優先
（価格＋脱炭素価値共有）であるのに対し、
Global south諸国は安価エネルギーによる経済成長・貧困撲滅最優先（価格最優先）と考えられる。
昨年COP28の議論でも明白なように、G7を中心とした西側諸国の提案である化石燃料の段階的廃止は、Global south諸国によって、極めて曖昧な合意文書として実質的に骨抜きにされており、loss & damage補償に加え後進国の脱炭素用資金として
年5兆USDの基金拠出を日本含めた先進諸国に要求されていることからも、Global South諸国の考えは明白と思われる。
‘⑤日本産業界の主要輸出マーケットは、Global South諸国の比率が今後増大すると思われる。
‘⑥上記①～⑤より、今後の日本の輸出先のメインとなると思われるGlobal south諸国マーケットに於ける最も重要な因子である
コストに関し、脱炭素化は電力・エネルギー価格アップを通じて日本製品のコストアップという悪影響を及ぼす懸念がある。
この悪影響を排除する為には、脱炭素化によるコスト増分を価格転嫁しつつ脱炭素価値を同じくする国際ルール導入が必須。
これが、GX国家戦略実現のための必須条件である。 ‘⑦国際規格標準化
“技術で勝ち、ビジネスでも勝つ”の実現がGX国家戦略実現のための極めて重要な条件。その為には、日本の先端技術を磨き、国際市場で有利に普及させる為の国際規格標準化を日本が主導することが必須。
日本の限定された官民リソースを最大限に有効活用し、技術開発やインフラ検討・設計・建設を進める為には、限定される民間リソースの分散を回避する、選択と集中が重要。中国、韓国、EUなど競合国・地域は、日本以上に選択と集中をして活動を展開。 ‘⑦現在エネルギー自給率12%前後と極めて低く、これを向上させることがエネルギー安全保障強化の最終目的であり、
エネルギー政策も将来的に日本のエネルギー自給率を上げる観点が必要不可欠。
2.提言
＜提言１＞
脱炭素に関する国際社会に動向により、第７次エネルギー基本計画に於ける、エネルギーコストと脱炭素レベルの最適点は変り得ることから、今までの国内外の実績も含めコストに関する精査を確実に実施すべき。
第７次エネルギー基本計画は、脱炭素化効果と経済合理性（エネルギーコストアップ）の双方を勘案し、
・欧州などの変動再エネ主力電源化実施国の実績精査
・日本の国土事情の考慮や科学的な原理原則を踏まえた議論を経て方針を決定すべき。
また、国民生活への影響も大きいことから、各施策によるコスト影響も提示すべき。
尚、コスト影響精査においては、
現在エネルギー自給率12%前後と極めて低く、
偏西風域から外れており平地面積が少なく国土的に変動再エネに不利な日本における脱炭素化コストは、
変動再エネに有利な国や、自国産エネルギーがある国より高くならざるを得ない点も考慮すべき。
（変動再エネ建設コスト差、発電量差、調整電源である火力発電の燃料コスト差など）
また、変動再エネは、導入比率が高まる程、系統・需給調整コストが大きく増加し、電力供給システム全体のコストアップを招くのはドイツ、デンマークなどの実態を見れば明らか。ま た、変動再エネの共食い効果顕在化による収益悪化、自己存続困難（老朽更新には補助金必 須）という問題も、精査すべき。
さらに、変動再エネ導入時に不可欠となる調整電源については、蓄電池と火力発電等とのコスト比較を十分に行うべき。蓄電池の将来性については、科学的原理原則に基づいたエネルギー密度（蓄電池の物理的限界）も考慮すべき。
＜提言2＞
変動の極めて少ない高品質な電力が求められるデータセンターや半導体工場増加も考慮した最適電源構成の在り方の視点も重要であり、各種電源のベースロード電源、調整電源としての特性を科学的に踏まえた議論を行い、第７次エネルギー基本計画に反映すべき。
＜提言3＞ GX国家戦略実現の必須条件である。脱炭素価値を共有化する国際ルール導入に対する国の明確かつ具体的な方針提示をすべき。
企業の投資予見性など考慮し、方針は具体的な時間軸を明確にしたアクションプランとして提示されるべき。
上記の国の対応が不十分な場合、投資予見性が確保できず民間投資は進まない恐れが高いと思料いたします。
なお、当該アクションプランの進捗状況や国際社会の脱炭素に関する動向に応じ、臨機応変に日本の国益に最適な政策決定すべき。
＜提言4＞
第７次エネルギー基本計画は複数シナリオを議論すべき。 1)2050年カーボンニュートラルという従来の方針に基づくシナリオに加え、
経済合理性を重視した“時間を掛けて進める現実的な脱炭素化方針”に基ずくシナリオ、
地政学的リスク等によるエネルギー安全保障最優先方針に基づくシナリオ、等も検討すべき。
尚、1)はGX国家戦略との整合性が確保できないと思われること、3)は有事想定の状況となることから、
第７次エネルギー基本計画では、現実的である2)のシナリオに限定して詳細検討するのが良いと思われる。
欧州は、6月のEU議会選挙結果を踏まえ、変動再エネ至上主義や短期間での急進的な脱炭素化から、経済合理性を重視した時間を掛けて進める現実的な脱炭素化に方向修正をする可能性が高いと思われます。
加えて、米国も、共和党政権となれば、化石燃料をクリーン活用しながら、経済合理性を重視した時間を掛けて進める現実的な脱炭素化に向かうと推定されます。
<提言5＞ GX国家戦略に資するエネルギーの大変革は、極めたて多岐に亘る一方、限定される国内リソースは有限である。
従って、競合諸国・地域と対抗しGX国家戦略を実現させるには、現状以上に選択と集中を行うべき。
例えば、
現状ではコストアップの極めて大きな対策は、小規模pilot plantの限定案件前提とする。 現状コストレベルで推進すべき対策における拠点決定は、Feasible studyの様な実務不可が掛かる前段階で、国が候補地を限定することも重要。
例えば、水素キャリア関連、CCU関連は貯蔵タンク設置が不可欠となるが、全ての各種貯蔵タンクの検討は、限定された数社で行うことになると推定。タンク建造も数社に限定されると思われ、現状以上に選択と集中を行わない限り、実行困難となる懸念がある。
＜提言6＞
最後に、脱炭素化は、化石燃料を基礎とした社会構造の大変革であり、税金含む巨額投資が不可欠。
一方、現在の日本のエネルギー自給率は12%前後と極めて低く脆弱であり、エネルギー政策の大きな課題と思料。
従いまして、脱炭素化施策は、最終的に日本のエネルギー自給率アップに繋がるものにすべきであり、それに向けた将来構想を踏まえたエネルギー基本計画で在るべき。第７次エネルギー基本計画でもこの点を議論のうえ、日本のエネルギー自給率向上の方向性とエネルギー基本計画各施策の関係性等を明記すべき。
視点としましては、下記などがあると思料。
・原発活用拡大および革新炉導入、海水ウラン抽出、核融合炉
・日本排他的経済水域における海底資源開発
・水＋空気による水素、アンモニア、メタン、液体燃料等のエネルギー国内安価製造（炭素循環を含む）
・変動再生可能エネルギー（太陽光、風力）
系統に繋ぐ場合は経済合理性がある範囲内（現状では全発電量構成の1割程度？など）
＊電源特性上、大規模電力インフラへの接続では無く、離島など小範囲での地産地消が適しているのではないかと思料。
系統には繋がずPtGにて水素・アンモニア国内安価製造
＜提言７＞
エネルギー自給率約12%の日本のエネルギーコストは、為替を大きく受けることから、為替影響を受けにくい構成にすることに加え、
円安対策も重要であり、金利設定などの金融政策との連携も必要。
<提言8> GX国家戦略実現には、国際規則・標準化を日本主導で進める事が不可欠。それができない場合は、いわゆる“技術で勝って商売で負ける”こととなる。GX国家戦略の実現には“技術で勝って商売にも勝つ”ことが必要不可欠。
国際規則・標準化には、外交交渉などで極めて高い国際交渉力を有する外務省も含めた挙国一致体制が不可欠と思われる。
＜提言９＞
日本のNCD実現は、現実的に考えるとGX国家戦略と両立困難であるのは明白。
一方、世界全体の3%のＣＯ２排出量の日本にとっての世界への貢献は、大きなＣＯ２排出量を占め、今後その比率増大が予想されるGlobal southなど非OECD諸国に蓋然性のある日本の脱炭素化先進技術をインフラ輸出し、世界全体の脱炭素化に寄与する動きが重要。例えば、国内での削減だけでなく他国の削減への寄与分も考慮する考え方を国際ルールに取り入れることを検討すべき。
日本が輸入するblue燃料生産国の反感緩和にも繋がると思料。",2024-07-08,2024-06-13,2024-07-03
34,058,60代,"20240630に再度拝送したものの誤記修正などを行ったものです。エネルギー政策のご参考になりましたら幸甚です。
注）以下、変動再エネとは、再生可能エネルギーのうち、太陽光発電、風力発電など、自然環境によって発電量が短時間で大きく変動するものを表します。
1．基本的な認識 ‘①脱炭素化により日本の産業国際競争力を強化し、日本輸出産品による収益を増やす。
そして、その収益を国内に還流し国内投資増や賃金増等を行い日本の産業振興および経済成長実現するのがGX国家戦略。 GX国家戦略に資するエネルギー政策として第７次エネルギー基本計画を策定する基本方針と認識。 ‘②経済合理性によって普及し長い年月を掛け最適化されてきた化石燃料に由来する社会構造からの脱却を意味する脱炭素化は、 2050年までの中期的期間では、省エネ以外は基本的に大きなコストアップに繋がるのは不可 避。
‘③国際社会がG7主体の西側先進諸国とBRICSを中核としたGlobal south諸国の2極分化体制に移行し、急速に分化進行中。
経済成長、保有資源量、増加率含めた人口などの点からGlobal south諸国の国際社会における発言力が中長期的に高まる可能性が高いと考えられる。 ‘④エネルギー政策における優先順位（価値感）は、G7主体の西側先進諸国が脱炭素化優先
（価格＋脱炭素価値共有）であるのに対し、
Global south諸国は安価エネルギーによる経済成長・貧困撲滅最優先（価格最優先）と考えられる。
昨年COP28の議論でも明白なように、G7を中心とした西側諸国の提案である化石燃料の段階的廃止は、Global south諸国によって、極めて曖昧な合意文書として実質的に骨抜きにされており、loss & damage補償に加え後進国の脱炭素用資金として
年5兆USDの基金拠出を日本含めた先進諸国に要求されていることからも、Global South諸国の考えは明白と思われる。
‘⑤日本産業界の主要輸出マーケットは、Global South諸国の比率が今後増大すると思われる。
‘⑥上記①～⑤より、今後の日本の輸出先のメインとなると思われるGlobal south諸国マーケットに於ける最も重要な因子である
コストに関し、脱炭素化は電力・エネルギー価格アップを通じて日本製品のコストアップという悪影響を及ぼす懸念がある。
この悪影響を排除する為には、脱炭素化によるコスト増分を価格転嫁しつつ脱炭素価値を同じくする国際ルール導入が必須。
これが、GX国家戦略実現のための必須条件である。 ‘⑦国際規格標準化
“技術で勝ち、ビジネスでも勝つ”の実現がGX国家戦略実現のための極めて重要な条件。その為には、日本の先端技術を磨き、国際市場で有利に普及させる為の国際規格標準化を日本が主導することが必須。
日本の限定された官民リソースを最大限に有効活用し、技術開発やインフラ検討・設計・建設を進める為には、限定される民間リソースの分散を回避する、選択と集中が重要。中国、韓国、EUなど競合国・地域は、日本以上に選択と集中をして活動を展開。 ‘⑦現在エネルギー自給率12%前後と極めて低く、これを向上させることがエネルギー安全保障強化の最終目的であり、
エネルギー政策も将来的に日本のエネルギー自給率を上げる観点が必要不可欠。
2.提言
＜提言１＞
脱炭素に関する国際社会に動向により、第７次エネルギー基本計画に於ける、エネルギーコストと脱炭素レベルの最適点は変り得ることから、今までの国内外の実績も含めコストに関する精査を確実に実施すべき。
第７次エネルギー基本計画は、脱炭素化効果と経済合理性（エネルギーコストアップ）の双方を勘案し、
・欧州などの変動再エネ主力電源化実施国の実績精査
・日本の国土事情の考慮や科学的な原理原則を踏まえた議論を経て方針を決定すべき。
また、国民生活への影響も大きいことから、各施策によるコスト影響も提示すべき。
尚、コスト影響精査においては、
現在エネルギー自給率12%前後と極めて低く、
偏西風域から外れており平地面積が少なく国土的に変動再エネに不利な日本における脱炭素化コストは、
変動再エネに有利な国や、自国産エネルギーがある国より高くならざるを得ない点も考慮すべき。
（変動再エネ建設コスト差、発電量差、調整電源である火力発電の燃料コスト差など）
また、変動再エネは、導入比率が高まる程、系統・需給調整コストが大きく増加し、電力供給システム全体のコストアップを招くのはドイツ、デンマークなどの実態を見れば明らか。ま た、変動再エネの共食い効果顕在化による収益悪化、自己存続困難（老朽更新には補助金必 須）という問題も、精査すべき。
さらに、変動再エネ導入時に不可欠となる調整電源については、蓄電池と火力発電等とのコスト比較を十分に行うべき。蓄電池の将来性については、科学的原理原則に基づいたエネルギー密度（蓄電池の物理的限界）も考慮すべき。
＜提言2＞
変動の極めて少ない高品質な電力が求められるデータセンターや半導体工場増加も考慮した最適電源構成の在り方の視点も重要であり、各種電源のベースロード電源、調整電源としての特性を科学的に踏まえた議論を行い、第７次エネルギー基本計画に反映すべき。
＜提言3＞ GX国家戦略実現の必須条件である。脱炭素価値を共有化する国際ルール導入に対する国の明確かつ具体的な方針提示をすべき。
企業の投資予見性など考慮し、方針は具体的な時間軸を明確にしたアクションプランとして提示されるべき。
上記の国の対応が不十分な場合、投資予見性が確保できず民間投資は進まない恐れが高いと思料いたします。
なお、当該アクションプランの進捗状況や国際社会の脱炭素に関する動向に応じ、臨機応変に日本の国益に最適な政策決定すべき。
＜提言4＞
第７次エネルギー基本計画は複数シナリオを議論すべき。 1)2050年カーボンニュートラルという従来の方針に基づくシナリオに加え、
経済合理性を重視した“時間を掛けて進める現実的な脱炭素化方針”に基ずくシナリオ、
地政学的リスク等によるエネルギー安全保障最優先方針に基づくシナリオ、等も検討すべき。
尚、1)はGX国家戦略との整合性が確保できないと思われること、3)は有事想定の状況となることから、
第７次エネルギー基本計画では、現実的である2)のシナリオに限定して詳細検討するのが良いと思われる。
欧州は、6月のEU議会選挙結果を踏まえ、変動再エネ至上主義や短期間での急進的な脱炭素化から、経済合理性を重視した時間を掛けて進める現実的な脱炭素化に方向修正をする可能性が高いと思われます。
加えて、米国も、共和党政権となれば、化石燃料をクリーン活用しながら、経済合理性を重視した時間を掛けて進める現実的な脱炭素化に向かうと推定されます。
<提言5＞ GX国家戦略に資するエネルギーの大変革は、極めた多岐に亘る一方、国内リソースは有限である。一方で、競合するEUや中国、韓国などは国の強い主導のもと、選択と集中によりリソース分散を抑えながら戦略的かつ効率的に活動している。
従って、競合諸国・地域と対抗しGX国家戦略を実現させるには、国が主導して現状以上に選択と集中を行うべき。
例えば、
現状ではコストアップの極めて大きな対策は、小規模pilot plantの限定案件前提とする。 現状コストレベルで推進すべき対策における拠点決定は、Feasible studyの様な実務負荷が掛かる前段階で、国が全体を俯瞰して一次スクリーニングを行い候補地を限定することが重要。
尚、水素キャリア関連、CCU関連は貯蔵タンク設置が不可欠となるが、双方とも2030年稼働開始が政府支援の条件になっている。その為、全ての各種貯蔵タンクの検討は、限定された数社で行うことになると推定。タンク建造も数社に限定されると思われ、現状以上に選択と集中を行わない限り、現実的に実行困難となる懸念がある。
＜提言6＞
最後に、脱炭素化は、化石燃料を基礎とした社会構造の大変革であり、税金含む巨額投資が不可欠。
一方、現在の日本のエネルギー自給率は12%前後と極めて低く脆弱であり、エネルギー政策の大きな課題と思料。
従いまして、脱炭素化施策は、最終的に日本のエネルギー自給率アップに繋がるものにすべきであり、それに向けた将来構想を踏まえたエネルギー基本計画で在るべき。第７次エネルギー基本計画でもこの点を議論のうえ、日本のエネルギー自給率向上の方向性とエネルギー基本計画各施策の関係性等を明記すべき。
視点としましては、下記などがあると思料。
・原発活用拡大および革新炉導入、海水ウラン抽出、核融合炉
・日本排他的経済水域における海底資源開発
・水＋空気による水素、アンモニア、メタン、液体燃料等のエネルギー国内安価製造（炭素循環を含む）
・変動再生可能エネルギー（太陽光、風力）
系統に繋ぐ場合は経済合理性がある範囲内（現状では全発電量構成の1割程度？など）
＊電源特性上、大規模電力インフラへの接続では無く、離島など小範囲での地産地消が適しているのではないかと思料。
系統には繋がずPtGにて水素・アンモニア国内安価製造
＜提言７＞
エネルギー自給率約12%の日本のエネルギーコストは、為替を大きく受けることから、為替影響を受けにくい構成にすることに加え、
円安対策も重要であり、金利設定などの金融政策との連携も必要。
<提言8> GX国家戦略実現には、国際規則・標準化を日本主導で進める事が不可欠。それができない場合は、いわゆる“技術で勝って商売で負ける”こととなる。GX国家戦略の実現には“技術で勝って商売にも勝つ”ことが必要不可欠。
国際規則・標準化には、外交交渉などで極めて高い国際交渉力を有する外務省も含めた挙国一致体制が不可欠と思われる。
＜提言９＞
昨年G7環境エネルギー大臣会合での合意内容も踏まえた日本のNDC実現は、現実的に考えると GX国家戦略と両立困難であるのは明白。
一方、世界全体の3%のＣＯ２排出量しかない日本にとっての世界の気候変動対策に於ける貢献は、大きなＣＯ２排出量を占め、今後その比率増大が予想されるGlobal south諸国に対し、蓋然性のある日本の脱炭素化先進技術をインフラ輸出し、世界全体の脱炭素化に寄与する動きを重視すべき。例えば、国内での削減だけでなく他国の削減への寄与分も考慮する考え方を国際ルールに取り入れることを検討すべき。日本が輸入するblue燃料生産国の反感緩和にも繋がると思料。",2024-07-08,2024-06-13,2024-07-03
35,059,30代,"原子力発電を動かしているせいで、再エネ発電が規制されていることをとても憂慮しています。
原子力発電をとめて再エネ日本先進国を再び目指してください。",2024-07-23,2024-07-04,2024-07-18
36,059,40代,再生エネルギーや送電網の効率上昇をして、私たちの子供達も生存可能な地球環境を作るよう政府には努力してもらいたいです,2024-07-23,2024-07-04,2024-07-18
37,059,30代,"エネルギーの見直しは急務かと思われます
太陽光パネルはゆくゆくの廃棄問題が解決していないと思いますので電気代の補助を再生可能エネルギー電力会社のみにする等 (そしてそれを公言していただく)
市民がクリーンエネルギーを導入しやすくする仕組み作りが大切かと思いますまた中小水力発電もまだ増やす余地はあるのではないでしょうか
一番エネルギー還元率も高く
自然も破壊せず導入できると思っています
何卒よろしくお願いいたします",2024-07-23,2024-07-04,2024-07-18
38,059,30代,気候変動に絶滅の危機を感じる。再生可能エネルギー100パーセントにし、化石燃料の発電をやめてほしい。,2024-07-23,2024-07-04,2024-07-18
39,059,40代,"文明の存続という観点からは資源やエネルギーを持続可能な形で使用する必要があると思います。
過去には、木をエネルギーや資源、貿易手段としていた幾つかの文明が、木の再生より伐採が上回ることで、最終的に崩壊しています。文明が発展し、人数が増えることによって資源を再生不可能な状態まで消費しだしたが、恐らく気付いたときには口減らしをする理由にもいか ず、崩壊を見守るしかなかったのでしょう。自ら知的な生物と名付けた人間が、大量発生したイナゴと同じような運命を辿るとは皮肉な話です。
今の日本は、エネルギーは外からの輸送に頼っていますが、輸送のエネルギー自体が賄えなくなると何も回らくなり、容易に崩壊することが想像できます。一方で昨今の再生エネルギーの発展は目覚ましいですが、エネルギー源の無い日本こそ、その先頭を進むべきではないので しょうか？
再生可能エネルギーは勿論、将来を見越して核融合やグリーン水素の技術に投資をして頂き、持続可能な文明を作る方針を打ち出して頂きたいと切に願います。",2024-07-23,2024-07-04,2024-07-18
40,059,80代以上,"1.原発は。地震に耐えられる保証がないので全部廃棄する。
２．太陽光発電、風力発電を推進する。
３．省エネの推進
２，3を本気で推進してこなかったことで中国など他国に遅れてしまった。国民に大きな損失をもたらした。その上GXなどで原発を依然として推進しようとしている。国民を貧しくした 誤った政策の責任は重大である。政府・官僚組織は責任を取るべきである。いつまで誤った政策をとるのか。国民の利益を犠牲にして重工業、金融資本のために国民を犠牲にするのか。",2024-07-23,2024-07-04,2024-07-18
41,059,40代,"気候危機問題は一刻の猶予を許さない問題です
エネルギーは再生可能エネルギー100%を目指しあらゆる努力をすべきです
化石燃料産業や自動車産業その他多くの産業に影響を与えることは理解しつつも人類の生存を第一に考え、
産業転換政策と合わせ、
再生可能エネルギー100%を目指したビジョンと計画を立案頂きたいと思います
また化石燃料からの脱却はエネルギー自給率向上にもつながり経済安全保障上のメリットもあると考えます(再生可能エネルギーの発電技術や原材料の確保は必要ですが、国内産業育成にお金をかけ、内製化の実現を目指しましょう)",2024-07-23,2024-07-04,2024-07-18
42,059,80代以上,"とにかく原発は危険。直ちに廃炉で検討願います。
もう、化石賞なんてもらわないように化石燃料発電を早急に減らしてください。",2024-07-23,2024-07-04,2024-07-18
43,059,70代,なぜ福島の事故を反省し、原発は即時停止しないのか、処理費を含めば非常に高く、処理期間長くかかるのに、原発を重視するのか。波力発電を促進し、日本独自のモデルを構築し世界への展開こそが必要である。長期的視点で考えるべきである。,2024-07-23,2024-07-04,2024-07-18
44,059,50代,"IPCCの報告書や世界の科学研究報告書、また各国の気候変動対策を見ると、まず率先すべきは
「化石燃料廃止」と、近年コストが急激に低下し導入に有利となった太陽光発電をはじめとした再生可能エネルギーの推進ですが、日本のエネルギー基本計画は火力発電延命と、代替エネルギー分野では主力になり得ずあくまでニッチであったり、あるいは実質的には化石燃料由来で効果のない新技術（水素・アンモニア、CCS等）への注力など、明らかにリソース配分がおかしいです。国が率先して行うべきは
・化石燃料廃止に向けて、使用企業に対する規制や、廃止に向けた具体的なルールづくり、法案作りを行う。
・代替産業として再生可能エネルギー産業を推進し、化石燃料から撤退する企業・労働者への転業へのインセンティブなどを作り、公正な移行を行い、再生可能エネルギー市場での経済発展を推進する
・再生可能エネルギー導入の際に、環境破壊、生物多様性破壊にならないように環境アセスメントと規制を強化する。環境破壊などの影響の少ない、すでに開発された市街地内の未使用領域（駐車場や工場屋根、道路、住宅屋根など）での再生可能エネルギー導入や蓄電技術などの開発を支援する。
・また、化石燃料の次に排出量の多いセクター（農業、食糧生産）でも同様に排出量削減のための公正な移行に取り組む。肉食の削減を推進するため、畜産業からの転業支援、人々への菜食中心志向の文化的啓発支援、菜食移行を円滑に進めるための食品産業の取り組み（代替肉など）へのインセンティブ
・緩和と適応両面に関して、市民生活に直結するレベルでの導入を行う。
・具体的には住宅断熱・屋根ソーラー、ZEH住宅（新築だけでなく改修も含め）への大規模公的資金投入で貧富の差が適応対策の差にならないように平等に対策する
・市街地の緑化・植樹によるヒートアイランド化の緩和
・人口減に伴う都市再開発を行う際に、緑地と居住快適性のある、コンパクトで車に頼らない公共交通と自転車、徒歩を中心とした生活形態を目指す（ウォーカブルシティへの移行）
・自動車利用を削減する一方で必要インフラでもあるため、電気自動車インフラの早急な整備と電気自動車移行への消費者へのインセンティブを与える
・企業に対しては、省エネ・高寿命家電開発へのインセンティブ、過剰パッケージ削減への研究開発の促進
・また、企業に対し、公共電飾広告や過剰包装、製造や廃棄で排出量過多な商品開発などの省エネ・温暖化対策に反するような企業活動を規制、ペナルティを与える（環境税など）
・菜食やコンポスト、節電など市民レベルでの行動が必要な分野への教育や導入支援、また、それらに反する企業広告などの規制
などが考えられ、これらのほとんどは既存技術で実現可能であり、必要なのは政治的なイニシアチブと合意形成です。
また、原子力発電に関しては廃棄物の問題が未解決かつ深刻で、コストも他の技術より高く、削減期限に対して新設では間に合わず、既存施設は老朽化の危険もあり、なにより地震の多い災害大国で国土が狭く万一の時逃げ場のない日本には相応しくなく、推進できる理由がないのでやめてほしいです。
それと、エネルギー基本計画の策定関係者が50ー70代の男性で占められており、女性や、これから気候変動の影響を強く受ける若者が参加する機会が与えられていないことも非常に重大な瑕疵だと思います。現状のメンバーは高度経済成長の恩恵を受け、環境を犠牲にした経済成長至上主義的な価値観を内面化した世代で、そうした世代の、特に経済的に成功した男性を中心としたメンバーだけで検討を行っていたのでは、気候変動対策について公正な判断ができないと思います。女性や若者をもっと多く計画審議に参加させるべきです。",2024-07-23,2024-07-04,2024-07-18
45,059,50代,"温暖化が予想より早く進行していると思います。少しでも早く脱炭素を実現しないと、私達の子供達は生きていく事が困難になります。人間は空調の整った屋内に逃げられても動植物はそうはいかない。とてつもない熱さと災害の頻発する中で、自然のシステムが崩壊して食料不足になり、最終的には平和を失ってしまいます。
子供にそんな未来を残したくない。つらい未来を生きる為に産んだのではありません。幸せになって欲しいから、この温暖化を早くなんとかしなければいけない。そのためにも脱炭素を遅らせる火力発電を無くして欲しいです。
また、原発が無いと必要電力を賄えないと言うが、もっともっと再エネのアイデアを募って欲しい。もっと斬新なアイデアを受け入れて欲しい。
他にも家や学校に断熱材を入れて消費電力を、抑える。都市にもっと木を植えて二酸化炭素を吸収しつつ固定し、温度も下げる。緑地を守り、空いている法面へ雑木を植林する。企業に駐車場や敷地に植林を推奨するなどして、温度を下げる工夫から、電力消費量を減らすことも同時進行して欲しいです。
どうか、少しでも早くこの沸騰した地球を逆転させる方向への大胆な舵取りをお願いします。",2024-07-23,2024-07-04,2024-07-18
46,059,40代,住宅・建物断熱や風道を考慮した都市計画などにより、エネルギーの消費量を減らすことにもっと重点を置いてほしいと思います。省エネが最もクリーンな「創エネ」です。,2024-07-23,2024-07-04,2024-07-18
47,059,40代,世界全体で2035年までに60%以上削減（2019年比）」を大きく上回る目標を立てています。日本も同じ削減目標を立て、化石燃料によるエネルギーの生産を速やかに止める政策を立てて下さい。国民の命を脅かす原子力発電の撤廃を検討し、再生エネルギーへの見直しを直ちに進めて下さい。,2024-07-23,2024-07-04,2024-07-18
48,059,40代,"エネルギー基本計画策定プロセスには、市民が参加する場がほとんどありません。
審議会における検討に若い世代を含む多様な立場の専門家や環境団体、市民の参加を確保するとともに、民主的で透明なプロセスによる「国民的議論」を行うことを、市民団体などは求めています。",2024-07-23,2024-07-04,2024-07-18
49,059,70代,"昨年の夏は、この２０００年で最も暑かったといわれています。今年も暑い夏となっており、今後ますます暑くなっていくでしょう。
化石燃料の使用をやめない限り、事態は悪化し続けます。何よりも石炭火力発電の停止は急務です。早急な停止計画を策定すべきです。
パリ協定の１・５度目標にそったCO2排出削減計画を実効性のあるものにすべきです。
そのために、再生可能エネルギーの利用を抜本的に拡大すべきです。再生可能エネルギーの利用拡大の阻害要因にもなっている原子力発電は低減し、ゼロに向かうべきです。原子力発電 は、福島原発事故のような事態をまねきます。地震の国日本で、地震のたびに心配するのはやめにしましょう。原発を稼働させれば、放射性廃棄物はたまり続けます。１０万年も安全に管理することなどもともと無理です。
若い人が将来に希望をもてるように、気候危機対策を急ぐべきです。",2024-07-23,2024-07-04,2024-07-18
50,059,70代,原発でなく、再生エネルギーに対しての予算を増やして下さい。自然が一杯の日本の良さを生かし、安全な暮らしをするには原発はいりません。,2024-07-23,2024-07-04,2024-07-18
51,059,40代,再生可能エネルギーへのシフトを強く希望します、また再生可能エネルギーに力を入れている電力会社への援助、再エネ発電所を設置への援助を求めます。,2024-07-23,2024-07-04,2024-07-18
52,059,50代,割高、危険な原発はもう要らない。再生可能エネルギー100％を目指すべきです。,2024-07-23,2024-07-04,2024-07-18
53,059,60代,私の意見は、炭素回収技術の使用は現実的な解決策ではなく、化石燃料会社が地球を汚染し続けることを許すだけだということです。真にクリーンで持続可能なエネルギーソリューションへの移行に向けて取り組むべきであり、既存の化石燃料インフラの維持で将来の日本国民の生命と幸福を危険にさらすべきではありません。あなたは日本経済だけでなく日本国民を代表しています。利益よりも命が優先されるべきです。,2024-07-23,2024-07-04,2024-07-18
54,059,40代,"原発と化石燃料を減らし、無くす
経済も大事だが、安心や自然環境の方が人間にとってより大事",2024-07-23,2024-07-04,2024-07-18
55,059,60代,"二酸化炭素排出量逓減策は色々ありますが、太陽光、風力、地熱など再生可能エネルギーの活用を最重要視することを中心にすべきと考えます。
自然エネルギーは使いにくいというのは単なる言い訳で、予測、蓄電、水素などに形を変えてエネルーギーとして保管、必要時に使うことも技術的に可能です。揚水発電も一助になりま す。
自然の少ない日本ですが、太陽光、風力は十分にあります。 30兆円とも言われる化石燃料の輸入を削減することにも繋がります。またエネルギー安全保障にも自然エネルギーは貢献できます。
いくら優れた技術製品があっても海外からは化石燃料発電で作った製品として認められない恐れがありこの点を十分に検討評価いただきたい。
また現在アンモニア混焼による火力発電の計画が進められていますがこれでは世界的には二酸化炭素削減出来ていると認められないと思います。 CCSも重要な技術と言われますが、2035年とか2040年に実効性のあるレベルには到達できないのではた不安に感じます。
日本は世界でも有数の太陽光発電容量を持っていますが、現在出力抑制で十分活用できていないところがあり 系統連携線強化など改善策も併せてお願いしたい。",2024-07-23,2024-07-04,2024-07-18
56,059,40代,"化石燃料を使い続ける新技術には頼らないでほしいです。
水素、アンモニア等化石燃料関連の新技術は、実現可能性が不確実で高コストであり、環境や社会への悪影響が懸念されます。
化石燃料燃料からの脱却を",2024-07-23,2024-07-04,2024-07-18
57,059,30代,"毎年暑い暑い夏が来るたびに、地球温暖化がいかに進んでいるのか思い知らされます。
政府には脱化石燃料と原子力発電を目指してほしいです。そして、再生エネルギー100%の社会を目指して具体的にアクションを起こしてほしいです。
COPで日本が化石賞をもらうのが恒例になっていますが、世界からみても日本の現在の地球温暖化に対する対策やエネルギー政策が的外れである。と世界から見られているという証拠だと思います。一日本国民として、ニュースをみる度に恥ずかしくなります。 CO2の削減のためには、従来の化石燃料から脱して、再生エネルギー利用の割合を増やしていくことが必要不可欠だと思うので、きちんと計画を立てて、しっかり実行してほしいです。 あとは、こういう市民の声や意見を直に届けられる意見交換会などの場も、政府はしっかり設けるべきだと思います。",2024-07-23,2024-07-04,2024-07-18
58,059,80代以上,"エネルギーを作り出すのは最終的には再生可能でなければなりません。化石燃料やウランはいずれこの先取り尽くされてしまいます。
人類が500年1000年で絶滅するなら今のエネルギー計画でも良いのかも知れません。
只原発の危険性は事故によるものだけではありません。地震大国であり近隣に原発を狙おうとする国があった場合には日本は消滅してしまいます。
再エネもいろいろ難しい点もありますがかつての国鉄や電電公社などと同じように浮体型風力発電を国家事業として全国に設置していくべきではないでしょうか？
もうこれ以上ゴタゴタを待っていられません。
国連のグテーレス事務総長が「地球沸騰化の時代は終わった。私たちは地獄の門を開けてしまった」という言葉を重く受け止めるべきです。",2024-07-23,2024-07-04,2024-07-18
59,059,50代,"第七次エネルギー基本計画の策定に向けて以下を要望いたします。
・決定プロセスの公正化
現在の基本政策分科会を構成委員が産業界に大きく偏っています。
気候危機の悪影響を大きく受ける第一次産業の関係者、気候災害や原発事故の当事者、将来世代が決定プロセスにバランスよく加わる仕組みを構築してください。
・原子力発電への依存度の低減
第６次計画の「可能な限り原発依存度を低減する」を貫いてください。火山活動や地震が頻発する日本において、事故時の避難計画は既に破綻していること、放射性廃棄物の処理方法が未確定であることから、原発は脱炭素に向けて活用すべき電源ではありません。",2024-07-23,2024-07-04,2024-07-18
60,059,30代,"太陽光発電や風力発電のような自然変動性再エネの問題があまりにも議論されてません。以下に理由を書きます。
太陽光発電は年間設備利用率20%未満、 洋上風力でも30%程度で単体での安定供給は
物理的に不可能であり実際にはほぼ火力発電の調整力に依存している状況。
これをCO2を減らす目的で蓄電池に貯める場合、数百兆円規模で投資が必要なのにそのコストが全く発電コストに考慮されていない。
そもそも再エネを脱炭素電源と言ってるのに
火力で調整する前提で統合コストを議論してるのも本末転倒。
蓄電池の導入コストや送電網増強費用を仮定をしてでも再エネの発電コストに盛り込むべき。さらに、蓄電池はレアメタルを大量消費するのに精錬、加工が中国に依存し利益が渡っている構造のリスクも議論されてない。
このままでは、レアメタルの資源枯渇による
将来のバッテリー価格の上昇や調整力のコスト上昇を招きかねない。
→そもそも設備利用率20%未満の太陽光発電や設備利用率30%程度のなどを貯めたとしても発電の絶対量が足りず数日天候不順になれば一気に停電リスクが跳ね上がるのにそのことも考慮していない。
出力が一定の原発と自然変動性再エネを同列に並ばるなら再エネには蓄電池や新たな送電網増強のコストを加えてコスト試算すべき。
再エネは単位面積あたりの発電効率が悪すぎるので国土面積に制約のある日本では原発の方がかなり効率的。
そもそも、他国から電力融通できるドイツやデンマークとは再エネの導入のしやすさが異なるためヨーロッパでできているから日本も再エネ大量導入できるという論理は成り立たない。島国の日本は他国から電力融通を受けられないためベースロードの原子力と調整力の高効率火力がより重要である。
太陽光発電は、夕方以降出力低下するので
仮にペロブスカイト太陽光に投資しようがこの性質に変わりはなくはっきり言って夕方以降の電力需給危機の解消には何ら役に立たない無駄な投資と言わざるを得ない。
もし蓄電池で貯める場合は数倍のコスト上昇を引き起こし数日天候不順が続けば一気に停電リスクが跳ね上がってしまう。
このままでは、再エネが出力低下する天候不順の日にAIやデータセンターの利用中止を呼びかけることになりかねず国家の経済成長を阻害する。
夕方以降安定供給できるのは既存の技術では原発か火力しかない。これをそろそろ国内外に説明すべき。
そもそも、再エネを増やしたドイツは家庭用電気代が日本の2倍以上でかつCO2排出係数も実は東電管内より悪い数値となっておりもはや本末転倒である。
（ドイツは、変動再エネを増やしたが、代わりに調整力の低効率火力から多くのCO2が出ているためほとんど無意味な政策である。）
ドイツは、kwhあたり420g以上もCO2が出ている。
一方フランスは、kwhあたり28gしかCO2が出ておらず原発の方が出力が安定しており調整力の火力依存度を減らせていることが明白。
つまり、現在の再エネありきの脱炭素政策は
そもそもCO2を削減する効果すら乏しいことはデータからも分かる。
蓄電池用レアメタルの精錬、加工、太陽光パネルのウェーハ、インゴット、ポリシリコン、風力発電用タービンなどは全て中国依存。エネルギー自給率が上がるどころか材料関連でより中国に利益が渡っていることが
見落とされている。
参考までにAIで計算した結果、太陽光発電を100万キロワット投資しその電力を3日蓄電池で貯められるよう投資したとすると80円/kwhを超えます。電気代は今の確実に数倍に
跳ね上がります。
蓄電池が何日貯められるかや送電網をどれだけ増強するかなどの前提も置かずに再エネが安いと計算するのは極めて問題ですしEEZなど僻地に洋上風力を設置した場合一体誰がメンテナンスするのですか？
太陽光パネルがパワコン系が15年くらいで
劣化して一体誰がパワコン関連のメンテナンスをするのですか？
太陽光発電や風力発電は莫大な面積なのにそんなメンテナンス人員を少子高齢化の日本が一体どう確保するのですか？
それらの再エネ関連のメンテナンス関連の人件費などのコスト試算やメンテナンス関連の現実性もないまま再エネ最優先を打ち出しているのは完全に国家として間違えています。
それなら、海沿いに小さな面積で発電できる
原発などの方が明らかにメンテナンス人員の確保では現実的です。
よって、再エネ推進は見直し原発の稼働割合を増やし低効率火力から高効率火力への新設、リプレイスを加速することを主眼に置くことで電気代の値上がり抑制と安定供給の両立ができます。
自然変動性再エネと蓄電池で安定供給もできコストも下がるかのような空想のようなエネルギー政策は早急に見直すべきです。
よって、原発の早期再稼働のみならず高温ガス炉など水素を熱から作れ電力需給に悪影響のない次世代原発や高速炉以外の選択肢として高温ガス炉ベースのプルトニウムを消費できる核燃料サイクルの確立、IGCCなど調整力に優れた石炭火力の新設、リプレイスなどによる地政学的リスクの低減、そして、それらの新設、リプレイス、アンモニア製造やCCUSのコスト増に対応するためにGX債で建設費やアンモニア製造コスト、CCUSなどの一部補填をし国として責任を 持って新設、リプレイスを加速できるような支援をすべきです。
このまま、AIやデータセンターが広まれば
間違いなく電力不足になりますので安定供給できる原発と火力の稼働割合を増やすのは必須です。
再エネ最優先など空想でエネルギー政策を議論するのはいい加減やめるべきです。 電気代も日本より高くCO2係数も良くないドイツから一体何を学べと言うのですか？そろそろ、国連やEUにも反論すべきです。
再エネ支持の国民やメディアも停電したら手のひらを返すのは明白です。
国家とした優先すべきはCO2抑制よりも安定供給と発電コストの低減の両立です。
エネルギー基本計画も原発や高効率火力の新設、リプレイスを早急に明記し再エネ推進を見直して賦課金の徴収を取りやめ国の電気代を下げ原子力や火力関連の技術者の確保や
引退した技術者を再雇用するなどして学生の教育の整備を早急に進めるべきです。
再エネ最優先など空想を言ってるから原子力や火力産業から労働者がいなくなるのです。
これは国の責任で再エネ最優先の文言を見直して、日本は安定供給と発電コスト低減の両立を最優先とした理想的な電源構成にすると明記すべきです。
再エネありきで数値を積み上げた菅政権で
描いた電源構成はもはや空想と言わざるを得ません。
小泉進次郎氏がおぼろげに浮かんだ46%削減を国際社会で言ってしまい何は根拠もなく再エネありきでエネルギー政策を議論しているのがいかに国家として馬鹿げているか日本は早く気づくべきです。
上記は国内外にも発信すべき内容です。よろしくお願いします。",2024-07-23,2024-07-04,2024-07-18
61,059,50代,"地球温暖化を止める、もしくは緩和するために、化石燃料の使用を急速に減らしていくことを望みます。
なぜ急速にするのかについては、ここ10年ほどの間に、肌感覚で分かるほど気温が高くなっているからです。多くの動植物が消えていますし、海抜の低い太平洋の島国は海面上昇で消滅の危機にあります。残された時間はあまりないと考えます。
また原子力の利用に関して言えば、廃止を望みます。将来の世代に、何十万年も放射能廃棄物を押し付けるのは、人として間違っていると考えるからです。国防の視点から、原子力の技術を持っておきたい気持ちも分かりますが、やはり原子力は核兵器も含めてなくしていく方向が望ましい、
上記2点を踏まえ、太陽光、水素、風力、地熱、水力を推進すべきですが、太陽光パネルを設置するために森林を切り開いては意味がありません。建物の屋根、車の屋根、アスファルトやコンクリートなどの人工物を覆う太陽光パネルの開発が望まれます。
また風を通す住宅や建物、逆に遮熱を徹底して効率的にエネルギーを使える住宅など、身近な環境を整える施策をどんどん進め、お金もつぎ込むべきではないでしょうか。
電気自動車や電気自転車はバッテリーにまだまだ課題が多く、そちらの技術支援も望まれます。
電力消費をなるべく減らす街づくりが望まれますし、あまり移動しないで生活が完結する都市作りも必要です。
つまり、使うエネルギーを再生可能な自然由来のものにすることと、使うエネルギー自体を減らす、両方が必要だと思います。",2024-07-23,2024-07-04,2024-07-18
62,059,50代,"最近、ニュースでカナダから輸出される日本向けのバイオマス用木質ペレットの生産量が急拡大しており、間伐材のはずが、違法に自然林を伐採するケースが多々あるのではないかと懸念されているとの話を見た。
シェアを見ると、数年で生産量が５倍増、日本向けがその５割である。
バイオマスはＦＩＴの中でも非常に小さいシェアと思っていたが、経産省のＦＩＴ単価設定がバイオマスだけ優遇されたままである為、近年バイオマスの設置量が急増している事を知り愕然とした。
つまり日本が世界の森林破壊を先導していると言え、全く再生可能エネルギーの主旨に反している。
これらが全て数字を刻々と把握している経産省の主導の下、数年間にわたって放置されてきたのだから、経産省の責任は重い。",2024-07-23,2024-07-04,2024-07-18
63,059,20代,"審議会における検討に、これからの時代を生きることになる若い世代や環境団体、幅広い市民の参加を確保するとともに、民主的で透明なプロセスによる「国民的議論」を行うことを求める。
気候政策シンクタンク「Climate Integrate」の調査によると、日本のエネルギー基本計画の策定に関わる主要な15の会議体の委員構成を業種、年齢、性別、スタンス別にみてみると、業種別では、大学関係者、シンクタンクが多いほか、エネルギーを多く消費する産業の企業や業界団体が多く参加する一方、エネルギーの需要側の企業や非営利団体の参加が非常に少ないこと、年齢別にみると、50から70代がほとんどを占めているほか、全体平均の約7割超が男性
で、エネルギーシステムの転換についてのスタンスを見ても、転換に消極的で現状を維持したい考えの人の割合が目立つことが指摘されている。これは、いかに閉鎖的な人選で議論が行われているかの証左だと思う。
また、日本において原発をいつまで、どの程度用いるべきなのかという問題については、特に幅広い人々が参加して熟議を行うべきである。
日本でも福島原発事故の翌年、「国民的議論」がなされたことがあった。当時の民主党政権によって「エネルギー・環境の選択肢に関する国民的議論」という名のもと、将来の電源構成に占める原発の割合がゼロのシナリオを含む3つの選択肢を政府が提示し討論型世論調査が行われている。議論の結果、過半数が将来的な原発ゼロを望む結果となった。再エネ導入拡大に伴う安定供給やコストなどの不確実要因について熟慮したうえでなお、「安全の確保」を重視 し、原発を用いない未来を選択した参加者が多数を占めた。
しかし、その後の総選挙で安倍政権が復活したことで、これらの議論は顧みられることなく白紙状態に戻ってしまった。
無作為に選ばれた市民が専門家の情報提供のもと気候変動対策を話し合う、「気候市民会議」という手法が日本でも拡大しているが、エネルギーの将来についても国レベルで幅広い参加と質の高い熟議を行っていくことが不可欠だと考える。",2024-07-23,2024-07-04,2024-07-18
64,059,20代,"未来の世代に豊かな地球を残すことを真剣に向き合ったうえで、考えてもらえたらと思います。
とはいえ、化石燃料もNO、原発もNO、自然エネルギーは大規模にやると自然界を切り開くことになり反対運動、さらに既存のエネルギー関連企業とのしがらみなど、簡単な解決策が出ないというのもリアルなところかと思います。
それでも、世界中で同様の課題に向き合っている人たちがたくさんいます。
この文章を読んでいるあなたを含めて、私たち一人一人が今起きていることに対して、労働としてではなく、この地球に生きる生命の一人として真剣に向き合うことが必要なのでは無いかと思います。
一人一人の力が、あなたの力が必要なんです。
それは当たり前と諦めを問い直し、望む世界をつくっていくこと、未来にギフトしていくことのために本当に必要なものはなんなのかを問い直すことだと思います。
どうぞよろしくお願いします。",2024-07-23,2024-07-04,2024-07-18
65,059,60代,主旨と外れるかもしれませんが、昨今の地球温暖化による影響が懸念される、猛暑や災害の多発をみるとき、エネルギーの脱炭素を効果的に進める必要性を感じていますが、なかなかメ ディアや人の心に、表立って現れることは、まだ少ないと感じています。そこで、政府の記者会見や国会答弁などで国の上に立つ人が、その事を気にかけているということを、事ある毎に言及いただきたいと思います。また、国連や国際会議で気候変動に対する公式の見解が出たときにも、それを受けて我が国の姿勢はこうですよ、と記者会見で広く一般の方へ啓蒙するような活動をしていただけると、国民の間にももっとエネルギーに関して真剣な議論が広まると思います。,2024-07-23,2024-07-04,2024-07-18
66,059,30代,"GX債で以下の支援をすべきです。
1 IGCCなど高効率かつ調整力に優れた石炭火力発電の建設費に上乗せでかかるCCSの機構やアンモニア混焼、高温ガス炉などの次世代原発の新設、リプレイスは国家の環境対策の扱いとし建設費やCO2対策費は大手電力に
全て払わせるのではなくGX債で支援すべき。
→なぜならば、環境対策まで電力会社や電源開発、JERAなどに払わせると家庭用、産業用ともに電気代の上昇を引き起こし国の衰退に
なりうるため。
環境意識高い系の人たちがCO2削減目的で GX関連に投資すれば良い話で一般国民まで巻き込んで電気代にCCSやアンモニア混焼のコストなどを反映することになるのはやめるべき。
基本的にCO2対策をするごとに電気代が上がるのでGX債を充てて電気代の上昇を抑制するのは国家として必須。
これをやらないのにろくに安定供給もできない上レアメタルやレアアース関連で中国に利益が渡る再エネやら蓄電池とやらばかりにGX債を振り分けるのは国民としては反対。
意識高い系の環境左派や再エネ利権に囚われてる企業、政治家は再エネ以外は認めないと主張するだろうが火力発電は電力の調整力として機能し停電を防ぐために今後も必要であり蓄電池では莫大な電気代の上昇と蓄電量に左右されるため停電リスクが跳ね上がることをそろそろ反論すべき。
なぜLNG火力だけではダメかというと各国が
同じような電源構成を取ればLNGが奪い合いになり確保リスクが高まるだけでなく発電コストも上がるため。
だからこそリスクヘッジでIGCCなど調整力に優れかつ大気汚染物質を抑制できる石炭火力も調整力の電源扱いで一定割合今後も導入すべき。
この基本的な関係性をいつまでも言わないで再エネ最優先とか綺麗事を言ってるから国の電力システムが脆弱になってしまっている。
日本は今批判を恐れて本当に言うべきことを国内外に言わないせいで国連やEUなど電力について不勉強な連中に散々内政干渉され日本は国益が大きく失われている。そもそも、
送電網が他国と繋がってない日本でヨーロッパの再エネゴリ押しの論理を押し付けられて何も反論できてないのはエネルギー政策において不勉強な外務省や環境省の交渉力や理解力のなさの弊害が大きいと感じる。
国家として日本がなぜ原子力と高効率火力の調整力が必要なのか、国土面積の限られた日本で莫大な面積を必要とする再エネや蓄電池導入がいかに難しいのか、蓄電池の蓄電量にどれだけ限界がありレアメタルの資源枯渇や環境負荷など別の問題を引き起こすか、コスト上昇や処分が難しいかなどそろそろ日本は根本のところから国内外に説明すべき。
原発もダメ、火力もダメ、再エネと蓄電池 以外認めないというような不勉強極まりない
環境活動家や左派メディアの主張にいつまでも反論しないから東電管内で何度も停電危機が訪れている。
こんな状態では、とてもじゃないがAIやデータセンターなどデータ社会の実現ができず日本は国として衰退してしまう。
天候不順の時や蓄電量に左右される再エネを主力電源にするという空想のような政策は
早急に見直さないと日本の未来は危ういです。以下に再エネ以外の代替案を提言します。
将来のAIやデータセンターの電力需要も随時反映し予測を考慮すれば、再エネや蓄電池で安定供給は物理的に不可能なことは簡単に分かります。
将来のAIの言語モデル開発が進んだ時の電力需要を甘く見積もってる可能性が高いので
やはり天候に左右されない原発の再稼働のみならず高温ガス炉など安全性が高く水素も作れる有用な次世代原発の開発支援や将来的にな新設、リプレイス、稼働に向けた基準策定など今から議論を加速すべきです。
軽水炉ベースだけで審査基準が策定されてますが原子炉のタイプごとに策定しなくて良いかなどコンセンサスを取るべきです。
また、原子力規制委員会の審査があまりにも遅すぎるので国民としても非常に不満です。そもそも、活断層の上にあるから即廃炉にするというのも科学的審査とは思えません。
なぜなら、女川、泊、志賀いずれも震度7クラスで揺れに耐えられかつ冷却を続けられ事故を防げているのに断層の上にあるかないかを審査の中心にしてるのは理解できません。
活断層の上にあるから必ず地震が来るのですか？仮に地震が来たとしても真っ二つに建物が壊れるわけではないです。それは阪神淡路大震災の活断層の真上にある建物でも真っ二つには壊れてはいないものもあったからです。
よって、今の活断層の真上にあったら原発は即廃炉にするという恣意的な審査もかなり工学的には問題があります。
そもそも、断層Sランクでも確か5年以内に地震の確率は3%未満のはずです。
つまり、97%起こらない事象のリスクを過度に強調して揺れの対策や水密扉の設置など工学的なアプローチを考慮せずに廃炉にするというのはもはや理解に苦しみます。
原子力規制委員会のゼロリスク思考は見直して、原発を稼働しないことによる太陽光発電などが出力低下する天候不順時や夕方以降の停電リスク増加や電気代の値上がり、地政学的リスクの増加など他のリスクをなぜ審査として見ないのか不思議で仕方ないです。
原子力規制委員会は審査を長期化すればメディアや国民から評価されると勘違いしてませんか？
そもそも、電力会社は地層の専門家ではないのにいつまで原子力発規制委員会は断層関連の議論をし難癖を付け続けているのでしょうか？
国民からすると大変不毛な議論にしか思えません。 gx推進というなら、民主党政権の時に発足した負の遺産である原子力規制委員会の組織としての審査方法の見直しをすべきですし
電気代を下げたいなら菅直人政権の負の遺産である再エネ賦課金の廃止をすべきです。
政権は変わってるのにいつまで民主党政権の時に打ち出した再エネ推進を主張するのですか？また、原発の定期メンテナンス時に一時的に出力が下がるとこれも国家の停電リスクになるのでやはり高効率火力の投資も必要です。
フランスなどは原子力を増やしましたが、
原発トラブルの時に停電しそうにはなったのでやはりある程度安定供給できる火力も引き続き調整力として必要です。
こういうことを説明しないから再エネと蓄電池で何とかなるかのような誤った理解が広まっているのです。
まとめますが、原発の再稼働のみならず新設、リプレイス、そして地層処分がスウェーデンなどでも建設が始まってる話を北海道の鈴木知事などにも伝えるべきですし地層処分なくして原発の安定稼働はないと言うべきです。
あと、IGCCなど高効率火力の新設、リプレイスにあたりアンモニア混焼、CCUS導入のコスト増加、原発の新設、リプレイスにもGX債を充てて電気代の上昇を抑制しかつ電力会社が建設に踏み切れるような仕組みを国が作るべきです。
今の脱炭素という言葉のせいで電力会社は
再エネ以外の火力や原発に投資ができなくなっているのは安定供給の面で大変な問題です。安定供給が見込めずコスト増を引き起こす
再エネや蓄電池に日本は予算を振りすぎです。次のエネルギー計画では上記も踏まえて
再エネ最大限導入という空想のような政策を必ず見直してください。",2024-07-23,2024-07-04,2024-07-18
67,059,70代,"・異常な暑さが続く中、有り余る太陽光を利用した発電などの再エネの受け入れを制限する一方で、温暖化を益々進行させ、コストもかかる石炭火力に膨大な投資（技術開発を含め）をしているのは、まさに既得権益保護（官僚の天下り先の確保も含め）の為の間違った政策でしかありません。エネルギーの地産地消こそが、莫大な国富の流出を止め、国内の産業を活性化させ、エネルギーの安全保障にもつながります。地産地消の再エネをもっと普及するべきです。
・政策は、一部企業のためではなく、すべての国民のためにあるものです。また環境とエネルギー政策は表裏一体のものであり、双方とも私たち市民の生活に密接に関わる問題です。にもかかわらず、現在のエネルギー政策は、経産省と一部学識者、一部産業界といった供給側の意見ばかりが重視され、その結果、市民は無駄なお金を知らぬ間に支払わされているのが現状です。もっと市民、需要側の意見を重視すべきで、そのためには、国民やNPOなどの意見を政策形成の過程で取り入れる仕組みを作るべきです。",2024-07-23,2024-07-04,2024-07-18
68,059,50代,"中長期的なエネルギー政策に関して、まずは脱原発を優先することを要望します。すでに原発のエネルギーコストが自然エネルギーと比較して高いことは実証されていますし、今後ますますその傾向は強くなるはずです。さらに超長期間の核汚染物質の保管が必要ですので、その管理コストを考えると、なおさらです。加えて、苛酷事故発生時の国土の毀損を考慮すれば問題外の電源で、早急にフェードアウトすべきことは明らかです。
すでに蓄電池の価格の低下と性能向上が進んでいますが、これにより不安定だとされる自然エネルギーの弱点は補われるようになります。特に太陽光発電と蓄電池の相性は良いと思いますが、しかしながら現在のメガソーラーの設置基準は問題外で、環境を保全もしくはより良く改善することに寄与しない「破壊型」のメガソーラーは認可中止や廃止すべきです。また、（メガソーラー以下でも）大規模な太陽光発電の売電の利益の過半は設置した地域に還元される仕組みにすべきです。メガソーラー後のソーラーパネルの設置は、民家や工場の屋根へを基本とすべきです。また各戸で蓄電することも選択肢であり、とりわけ離島や僻地では送電線のコスト的に考えても有利です。
いずれにしても、これらは発電だけでなく、環境基準も満たすことが重要で、21世紀のエネルギー政策の基本であるべきです。
発電だけでなく、省エネも重要で、住宅や商業施設の断熱化、自動車に頼らない街づくりなどで消費エネルギーを大幅に削減しながら、生活の豊かさの維持は可能なはずです。
総合的に現代的な環境基準を満たす、新しい政策を要望します。",2024-07-23,2024-07-04,2024-07-18
69,059,70代,"エネルギー政策の基本的な目的は「3E+S」の同時追求とされている。これには異論はない。ただ、これだけでは不十分で、単に同時追求を言うのではなく、目標実現の「場」の違いを明確にしないと、この4つの目標の関係についての矛盾点が解消できない。「３E+S」は①エネル ギーの安定供給、②エネルギー供給コストの低廉性と消費効率向上、③地球環境保全、④原発を含めた安全性確保、の4目標であり、それを国家的な実現目標と置くとしてきた。
だが、③は地球環境全体の問題であり、世界の問題であって、国内問題として今のように
「2050年カーボンニュートラルとして目標とする」国家目標に位置付けてしまうべきではないのではないか。日本もカーボン削減に積極的に取り組むことには反対ではないが、国家のエネルギー政策の上位目標とすべきものかどうかについては疑問がある。つまり温暖化ガスの排出シェアが３％の日本が国家目標として最優先でカーボンニュートラルに取り組むという考え方自体に論理的正当性があるのかどうか？エネルギー消費効率が低く、かつ温室効果ガス排出が極めて多い4か国（中国、米国、インド、ロシア）が世界全体の55%を排出している。我が国はエネルギー消費効率が世界最高水準なのだから、これら4か国に対し「省エネプログラム」を提案するのが世界的な課題を解決する上で最重要事項ではないか。我が国はさらに中東、東南アジア諸国と同様なプログラムを推進すべきだ。これをエネルギー政策の軸として、あとの
「２E＋S」を国内的に強力に推進していくという基本的なフレームワークが必要だ。
④については既存の軽水炉型原発が地震大国、断層大国の日本において果たして大丈夫
か？、耐用年数を地層が安定している米国東部並みの60年にまで伸ばしていいのか？ あるいはまた核燃料サイクルの隘路はどう解決させられるのか？使用済み核燃料の再処理で溜まりに溜まったプルトニウムを一体どうするのか？、廃炉処理法をどうするのか？、等々三重苦のままである。2021年の第六次エネルギー計画の「原発は原則、可能な限り低減する」から、いつの間にか、政府や電力業界は勝手に前のめりになっているようだ。三重苦の放置と今後も起こりうる災禍の問題の責任は政府と電力業界にある。それを忘れたかのような、再稼働、老朽原発の稼働時期延長などの昨今の動きは、「自分たちの責任を早忘れたか？」と非難されても文句が言えないだろう。若狭湾の老朽原発が大事故を起こせば琵琶湖は汚染され、関西圏1500万人は水を失う。
①については変動型再エネ（太陽光、風力）は火力発電や揚水発電、あるいは高コストの蓄電池等のバックアップを考えるとこれまでの推進一本槍り政策は一度立ち止まる必要があろ う。他方安定的再エネ（水力、地熱、バイオマス）はまだまだ活用の余地が大きいと思う。水力は全国のダムのコンクリート壁の傘上げで、貯水容量は比較的低コストで倍増可能である。また小水力は農業用水路などを農協が主体になって実施する余地は大きい。地熱は観光業者、温泉業者が自治体と共同でどんどん進めればいい。温水やスチームは何重も利用すればいいのであって、発電と温泉はトレードオフの関係ではない。バイオマス発電は山林の維持管理と合わせて林業組合や自治体が取り組む事例が登場しており、全国的に国土保全、治山治水と合わせて推進すべきだ。また、アジアに広く賦存する未利用の植物・木材等による発電、およびバイオエタノール生成はまだまだ開拓の余地が大きい。これら水力、地熱、バイオマスは経産省主体でやるのではなく、国交省、農水省、総務省と共同で取り組む体制を早急に作る必要がある。
②は省エネ全般にかかわること、あるいは輸送分野における手段を「車から鉄道、バス、船舶へと貨客輸送手段を時計を昔に巻き戻す」動きも是非必要である。ガソリン車、軽油車をEV化にという一本道だけでは全くうまくいかないだろう。コスト的にも寿命的にも利便性もEV依存へのシフトはあまりにも負担が大きくで国民にとっても国家にとっても危険だ。輸送分野のエネルギー政策は国土計画と密接にかかわるテーマだ。また財政、税制（道路税、自動車税、燃料税等）も大いにかかわる。政府全体、都道府県・各自治体、全産業、国民を巻き込んだ幅広い論議が必要であり、単にエネルギー分野の議論で済ませてはいけない。そのような単一次元の問題ではない。それを十分わきまえているのかどうか、大変心配している。
化石燃料資源は当然のことながら、有限である。石炭、天然ガスが主として発電用および工業用家庭用熱源主体であるのに対して、特に石油資源は万能で、上記以外に陸海空の輸送用燃料の主体でもあり、石油化学原料の主体でもあり、最も貴重な資源である。過去、20世紀のような消費増大トレンドは止めるべきである。その観点からも輸送用燃料は車から大量輸送手段
（鉄道、バス、船舶）への転嫁、国土形成ビジョンの再構築が喫緊の課題である。
他方で、技術開発として「炭酸ガスと水素による炭酸ガスリサイクル（液体燃料化）」等には万全の研究開発支援を思い切って進めるべきである。",2024-07-23,2024-07-04,2024-07-18
70,059,30代,"グリーン水素や蓄電池、アンモニア混焼、CCUS、次世代原発の高温ガス炉などに注目されていますが、結論から言うと再エネ由来の水素、蓄電池、アンモニア混焼はコストメリットもCO2削減効果もトータルライフサイクルで見ると無意味なので見直すべきです。特に再エネと蓄電池は非常にコスト面でもトータルの製造過程を含めたCO2でも弊害が多すぎるが世界では全く理解されていないので以下を用いて国内外に再エネと蓄電池やグリーン水素の弊害を説明すべきです。
日本がやるべきことは、高温ガス炉による水素製造とIGCC石炭専焼です。なんと、計算した結果IGCC石炭専焼の方が再エネと蓄電池で作ったグリーン水素由来のアンモニア専焼でハーバーボッシュ法で出るCO2トータル量よりもIGCC石炭専焼のほうがトータルでは少ないです。どうしても水素、アンモニアを使わざるを得ないなら原子力由来の水素製造に道筋をつけないと再エネと蓄電池由来の水素製造だとトータルでは大幅なCO2増加とコスト増を引き起こし弊害しかないです。
論拠や計算プロセスを示します。ちなみにAIを使って計算しているので論拠はあります。前提条件
発電量: 1kWhあたりのコストとCO2排出量
アンモニア製造過程のCO2排出量:
グレー水素: 1トンのアンモニア製造で約1.58トンのCO2が排出される。
グリーン水素（太陽光パネル）: 太陽光パネル製造過程でのCO2排出量は約25から 45gCO2/kWh。
グリーン水素（風力発電）: 風力発電製造過程でのCO2排出量は約10から20gCO2/kWh。ピンク水素（高温ガス炉）: CO2排出量はほぼゼロ。
水素のコスト
グレー水素: 1kgあたり0.5から1.7ドル。グリーン水素: 1kgあたり3から8ドル。
ピンク水素（高温ガス炉）: 25.4円/Nm3（1Nm3＝ 0.08988kg）。
再生可能エネルギーのコスト
太陽光発電: 約8.2から11.8円/kWh。風力発電: 約9.8から17.2円/kWh。
設備利用率:
太陽光発電: 20%。風力発電: 30%。
蓄電池のコスト: 1kWhあたり約15万円。
蓄電池製造過程のCO2排出量: 1kWhあたり約200kg CO2
計算プロセス
ピンク水素のコスト計算
ピンク水素のコスト: 25.4円/Nm3 ＝282.5円/kg（1Nm3 ＝0.08988kg）
各発電方法のCO2排出量とコストの計算:
グレー水素、グリーン水素（太陽光パネル）、グリーン水素（風力発電）、ピンク水素を用いた場合のCO2排出量とコストを計算。
再生可能エネルギーに蓄電池を加えた場合のCO2排出量とコストを計算。
計算結果
IGCC（石炭専焼） CO2排出量: 約0.67 kg-CO2/kWhコスト: 約10.4円/kWh
IGCC（アンモニア20%混焼）グレー水素使用
CO2排出量: 約0.86 kg-CO2/kWhコスト: 約12.9円/kWh
グリーン水素使用（太陽光パネル） CO2排出量: 約200.547 kg-CO2/kWhコスト: 約15.9円/kWh
グリーン水素使用（風力発電） CO2排出量: 約200.543 kg-CO2/kWhコスト: 約15.9円/kWh
ピンク水素使用（高温ガス炉） CO2排出量: 約0.54 kg-CO2/kWhコスト: 約13.9円/kWh
IGCC（アンモニア専焼）グレー水素使用
CO2排出量: 約2.03 kgCO2/kWhコスト: 約23.5円/kWh
グリーン水素使用（太陽光パネル） CO2排出量: 約200.485 kg-CO2/kWhコスト: 約26.5円/kWh
グリーン水素使用（風力発電） CO2排出量: 約200.465 kg-CO2/kWhコスト: 約26.5円/kWh
ピンク水素使用（高温ガス炉） CO2排出量: 約0.45 kg-CO2/kWhコスト: 約24.5円/kWh
IGCC + CCUS
CO2排出量: 約0.067 kg-CO2/kWh（90%削減後）コスト: 約14.3から14.9円/kWh
太陽光発電 と蓄電池
CO2排出量 約200.17から200.2 kg-CO2/kWh（製造過程含む）コスト
1日分（24時間）: 約158.2から161.8円/kWh
2日分（48時間）: 約308.2から311.8円/kWh
3日分（72時間）: 約458.2から461.8円/kWh
風力発電 と蓄電池
CO2排出量: 約200.16から200.17 kg-CO2/kWh（製造過程含む）コスト:
1日分（24時間）: 約159.8から167.2円/kWh
2日分（48時間）: 約309.8から317.2円/kWh
3日分（72時間）: 約459.8から467.2円/kWh
今回の提言のポイント
CO2排出量削減IGCC とCCUSが最もCO2排出量が少ない。
コスト効率IGCC（石炭専焼）が最もコスト効率が高い。
再生可能エネルギー 蓄電池を加えた再生可能エネルギーはコストが最も高く、蓄電池製造過程のCO2排出量を含めるとCO2排出量も最も多く弊害しかない。さらに再エネや蓄電池は中国にレアメタルやレアアース関連で利益が渡るので国家としてもはや推進するメリットはない。ただの計算ができないメディアや活動家に礼賛されているだけなのが再エネや蓄電池、EVである。バッテリーの製造過程でのCO2を追加しないのは実情から乖離しており意味もないし再エネの統合コストも火力の調整力前提ではなく脱炭素と言うなら蓄電池前提で計算しないと脱炭素と矛盾している。
推進すべきは、高温ガス炉とIGCC単焼です。",2024-07-23,2024-07-04,2024-07-18
71,059,50代,原発はだめ。自然エネルギー100％を目指しましょう！,2024-07-23,2024-07-04,2024-07-18
72,059,,"持続可能な社会とは、公害を出さない社会です。
原発は最低でも数十万年、管理が必要な、経済的にも負の遺産になるもの。今すぐ、原発の使用停止、核廃棄物の縮小を決断すべきです。",2024-07-23,2024-07-04,2024-07-18
73,059,,"再エネの中に原子力発電を入れるのは反対です。もんじゅが廃炉になり、六ケ所村は事故続き、日本での再生は不可能です。
自然エネルギーをもっと増やせし、送電網を分離・整備すればたくさんの自然エネルギーが使えるにもかかわらず、原子力に固執しているが為に予算が乏しく進みません。事故が起きたら政府が払う、財源は税金というのも天井知らずで反対です。このような方法では、基本計画になっていません。
また、実質的には太陽熱利用をもっと増やすことでエネルギー消費量が少なくなり、二酸化炭素削減効果も高くなります。各家庭の太陽熱利用を義務化することで大きな効果が得られ、一軒当たりの費用も小さく、一軒ずつの自家消費なので電気の様に系統連系などの手間もかかりません全額補助をすれば、一気に進み、国の二酸化炭素削減目標に早く近づきます。みなし計測で二酸化炭素削減量は、政府の成果に入れればよいのです。やらないのは、経済界や政界にうまみがないからと聞きますが、本当に地球温暖化問題を考えるならば、最も簡単で最も近道だと思います。",2024-07-23,2024-07-04,2024-07-18
74,059,10代以下,自然エネルギーをどんどん進めてください。,2024-07-23,2024-07-04,2024-07-18
75,059,,"YouTubeで審議会の中継を視聴しているのですが、基本政策分科会の委員の方が意見箱に寄せられた意見を読んでこれを踏まえて議論している様子がありません。
この意見箱に寄せられた意見を、委員の方は読んでいるのでしょうか？
もし読んでおられるのなら、ひとことでいいので、「私は読んでいます、参考にしています」と基本政策分科会の中で発言いただきたいです。もしも今後の審議会でもそれがなければ、実際には読まれていないし、参考にされていないということがわかります。",2024-07-23,2024-07-04,2024-07-18
76,059,40代,委員の皆さんの顔ぶれは、ぜひジェンダーバランスを考慮して下さい。,2024-07-23,2024-07-04,2024-07-18
77,059,20代,"気候危機でより影響を受けるのは、これからの時代をより長く生きる10、20代の若者なので、私たちの意見がエネルギー基本計画にも反映されることが必要不可欠だと思っています。
基本政策分科会のメンバーの大半は60代以上との調査結果を拝見しましたが、せめて30、40代のメンバーをもっと増やしてください。",2024-07-23,2024-07-04,2024-07-18
78,059,,"エネルギー政策は、すべての人にとって非常に重要な問題であると同時に、現在のエネル ギー政策の在り方が気候変動対策に直結し、将来世代の生存に大きな影響を及ぼす問題であ る。現在の審議はそのような根本的な議論が欠如しており、構成メンバーも非常に偏っており問題だ。
メンバー編成を変えられないのであれば、せめて多様な意見が交わされるような国民的議論の場をつくり、それを政策に反映させるようなしくみを構築するべきである。",2024-07-23,2024-07-04,2024-07-18
79,059,50代,"2024年07月16日 のハフィントンポストに、日本の気候変動政策を決めているのは、「脱炭素に消極的」「50から70代」「男性」ばかり？「特定の利害関係者」の関与が浮き彫りにという記事が掲載されています。
そこでは、特定の利害関係者による影響が大きいなど「構造的な問題」がある可能性があると指摘したシンクタンクの発表について書かれていました。発表したシンクタンクの一つはエネルギー基本計画の策定に係る15の審議会を分析し、「企業系の委員の大半が素材系などエネルギー多消費産業で、脱炭素に積極的に取り組む需要側の企業の委員が少ない。また、消費者団体以外の非営利団体からの参加もほとんど見られません」としている。もう一つのシンクタンクは「審議会制度の趣旨・目的は、「行政への国民参加」「専門知識の導入」「公正の確保」
「利害の調整」と定められており、「一部の業種や利害関係者などに偏よった人員で構成することは、本来の審議会の趣旨・目的にかなうものではありません」と指摘しています。そし て、エネルギー基本計画が健康で幸福な生活を送る幸福追求権など憲法上の人権と真に密接な関係とあるとしています。
今からでも、審議会に参考人を招聘するなどして公平性を確保してほしい。",2024-07-23,2024-07-04,2024-07-18
80,059,70代,CPOの約束からも、再エネを増やすことが必須。前回エネ基でも、再エネは主力電源と位置付けられた。そして原発は、できるかぎり低減と、過酷事故の教訓からもうたわれた。これを後退させてはならない。堅持すべき。,2024-07-23,2024-07-04,2024-07-18
81,059,40代,"「熱中症搬送者数、先週全国で6194人、5人死亡、186人重症」というニュースが本日（7/17）流れていました。
日本の夏が殺人的な暑さになっている原因を、日本政府も委員の皆さんも知っているはずです。
知っていて対策を講じないのは、国民の健康と安全を軽視していると言わざるを得ません。",2024-07-23,2024-07-04,2024-07-18
82,059,20代,"エネルギーのあり方は、現在、そして今の子供たちやこれから先の世代の人々の暮らしを左右する、重要なテーマです。
ですが、現状、その議論の場には、既存のエネルギーシステムの関係者のかたが多いと、調査報告書などで拝見しています。
また世代や、ジェンダーにも偏りがあると伺っています。
市民には、この意見箱と、パブコメが、基本的に開かれた意見を言える場所です。
今後、幅広い世代・ジェンダー・専門家・などを巻き込み、国民的議論となるよう進めてほしいです。
また、この意見箱があまり活用されていないのでは、ということも聞いています。会議の参加者に共有されるよう、お願いいたします。",2024-07-23,2024-07-04,2024-07-18
83,059,40代,"基本政策分科会の委員構成について、産業界や電力業界、原子力や化石燃料、素材産業に関連するような研究機関からの委員が大半をしめています。
原発事故以前は、化石燃料や原子力がエネルギー源として大きな役割を果たしていました。現在は、再エネの割合は増え、企業や自治体の再エネ需要は増えています。
気候危機は深刻化し、1.5℃をめざす対策がますます急務となっています。そのような状況に対応するために、以下のようなメンバーを含めてください。
再エネ事業者、再エネ電力を調達している企業、脱炭素に向け積極的に取り組みをすすめる自治体、気候変動問題の専門家や環境団体等を委員に含め、ヒアリングや意見交換等も行ってください。",2024-07-23,2024-07-04,2024-07-18
84,059,60代,"気温、海水温の上昇が顕著であり、これらに起因すると考えられる洪水被害、山火事、熱波の被害が世界各地で頻発しています。地球温暖化がティッピングポイントを超えないよう温暖化ガスの排出を削減することは、将来世代に対する現役世代の責任です。
しかし、石炭火力をめぐるＧ７の議論を見ても、日本のエネルギー政策は、他の先進国に比して温暖化ガス排出削減の観点からは最後尾にあると言わざるを得ず、一国民として恥ずかしい限りです。
また、電力不足と喧伝しながら、電力余剰時時には火力発電を優先し再生可能エネルギーの出力制限行っている状況は早急に改めるべきです。
グローバリゼーションの時代が終わり、エネルギーの自給率を高めることが求められる今こ そ、電力会社など既存企業の短期的利益に拘らず、長期的観点から、太陽光、風力などの再生エネルギーを最大限に活用するエネルギー政策を強く求めます。
原発については、以下の理由からゼロにする計画を立案すべきです。1）地震大国である日本では放射性廃棄物を超長期間に亘り安全に保管する場所が無い。2）福島での経験から事故が発生した場合の国民、国土に対する影響は甚大かつ長期に亘り、予期せぬ事故が発生する可能性は排除できない。3）再生エネルギーが経済性において原発に勝り、その差は今後拡大すると想定される。
将来世代に対して誇れる長期エネルギー政策を立案いただくよう切にお願いします。",2024-07-23,2024-07-04,2024-07-18
85,059,50代,"・第4次計画以降明記されてきた「可能な限り原発依存度を低減する」、第5次計画以降明記されてきた「再生可能エネルギーの主力電源化」という方針を第7次計画以降も達成できるまで継続方針化明記してください。
・東京電力福島第一原子力発電所事故を教訓化し、次世代に解決が困難な課題を残さず、今の世代で原子力発電及び核燃料サイクルからの撤退を判断してください。
・電力需要が約20年ぶりに増加を予測しているということですが、減少と転じるよう省エネルギー施策を抜本的に強化してください。
・国民の意見を広く募集という目的でこの「意見箱」が設置されていますが、周知が不十分 で、意見の数には限界があります。これとは別に、できるだけ多くの国民が論議できる機会を早期設定し、十分に国民論議をしたうえでエネルギー計画の改定を実施してください",2024-07-23,2024-07-04,2024-07-18
86,059,50代,"第7次エネルギー基本計画が原子力発電ありきの計画ではなく、引き続き可能な限り原発への依存を低減したものであることを強く望みます。
そして、現在使用済み核燃料を処分できる施設がない中で、これ以上処理できずに溜まっていく使用済み燃料とこの解決できない課題を次の世代に押し付けるということをしないでください。
再生可能エネルギーを主電源とする取り組みを今まで以上に進め、地球環境の維持と豊かな人間活動の両方が持続可能なものであるような政策・計画づくりをお願いします。",2024-07-23,2024-07-04,2024-07-18
87,060,70代,"原子力政策について
原子力発電事業は、原子力のリスクの大きさを考えると純粋民間事業とはいえないのではないでしょうか。まさに国策民営です。
１．原子力損害賠償法の見直し
一定の損害を超えた部分は国が賠償責任を負う。
自由主義経済の国で事業者が無限責任を負う国は他にないのでは。総括原価方式料金制度の時代の名残。
２．原子力規制の見直し
・経済性は考慮しないという規制委員会の姿勢の見直しーあらゆる経済活動はコスト（リス ク）と便益のバランスを考慮するもの。福島事故を忘れないという情緒的な姿勢が 科学合理的安全規制を阻害することを懸念します。確率論的安全評価について、研究の推進と実施の徹底。
・運転期間60年の延長（延長時には個別に安全評価をしたうえで）。
・型式承認制度の導入-メーカーが申請者。 次世代原子炉（特に小型炉）ではこれが必須かと思います。
・申請者と規制当局のフランクな対話の実現。
米国では規制当局のNRCと申請者（メーカーを含む）が徹底的な意見交換を行い、双方の技術認識の向上、規制基準・設計の改善に役立っていると思います。
３．原子力法制度（原子炉等規制法）の見直しー福島事故後原子炉等規制法が改正され電気事業法の原子力規制部分が原子炉等規制法に取り込まれましたが拙速感が否めません。工事計画認可、検査など元の規制体系が温存されています。
４．原子力発電事業体制の再編
原子力発電事業については人材の確保などを考えると9電力のままで良いのか検討する必要があるのではないかと思います。
４．地方自治体の関与の法制化
立地から運転まで様々な局面で地方自治体の実質的関与があるが法制化されていないため判断根拠が不明確、予見性に乏しい。",2024-08-02,2024-07-19,2024-07-30
88,060,30代,"再生可能エネルギー先進国へ再び
原発オワコンに注ぐ血税は未来あるエネルギーに注いでください",2024-08-02,2024-07-19,2024-07-30
89,060,30代,"第６次エネルギー基本計画では、2030年の野心的目標として電源構成の再エネ比率を36-38%
（合計3,360～3,530億kWh程度）としていますが、次期エネルギー基本計画においては目標年度の変更やCOP28合意を踏まえ、さらに高い目標の設定を検討されるものと考えています。
一方で、現在の電力に関する各種制度・仕組みは、いまだに旧来の火力・原子力・水力を主力電源としたものから脱却できていない点が少なくありません。次期エネルギー基本計画においては、電源構成の将来目標を定めるとともに、それを実現するために必要な制度改革・規制改革についても議論を深めることを要望します。
一例として調整力について提案します。
再エネの主力はそのポテンシャルから太陽光と風力になると考えますが、いずれも変動性電源です。太陽光の設備利用率は平均すると15%程度、風力は平均25～30%程度であることから、これらの電源による電力供給が40%以上を構成する場合、その供給カーブが需要を上回ることは容易に想像ができます。さらに、需給調整のための調整力は現状、火力発電と揚水発電が大部分を占めてしますが、再エネ比率の増加に伴い火力発電所は減少していきます。
このような将来においても需給調整を的確に行っていくための具体策として、次の３つを提案します。
１．調整力としての変動性再エネ電源の利用
再エネを主力電源化するには、調整力として再エネ自体を利用する必要があります。現状は出力制御といういわば「無償の下げ調整力」として扱われていますが、調整力として供出するインセンティブを付与し、調整力としての活用を促すことが必要です。
２．蓄電池などエネルギー貯蔵設備の導入促進
系統用蓄電池、再エネ併設蓄電池の他、日単位などより長期の需給調整を担う設備の導入促進が必要です。
３．需要シフトの促進
変動性再エネによる供給力の変動に合わせた、需要シフトを促していくことが必要です。現状、昼間・夜間など時間帯別の料金プランはありますが、需給状況に応じてより価格変動させる料金プランの設定を小売事業者に義務付けることなどが考えられます。
これまでの考え方に囚われず、再生可能エネルギーの主力電源化を想定した制度設計を進めていただくようお願いします。",2024-08-02,2024-07-19,2024-07-30
90,060,60代,原発は、建設までの間に多くの二酸化炭素を排出するので、脱炭素とは言えません。 更に、一旦事故になったら広い範囲で長期に渡る悪影響が残ります。事故の時に確実に避難できる計画も立てられていません。 即時撤退すべきエネルギーだと思います。 まずは、福島原発の事故により未だに元の生活を取り戻せずにいる方々への対応をするべきです。,2024-08-02,2024-07-19,2024-07-30
91,060,50代,脱炭素社会を目指すにあたり、再生可能エネルギーへのシフトを中心に取り組んでいただきたい。燃料を必要とせず今ではコストも大幅に低下している。ひとたび事故が起こったら取り返しのつかない原発は停止すべき。水素も現時点では化石燃料に頼らざるを得ず現実的でない。,2024-08-02,2024-07-19,2024-07-30
92,060,60代,東日本大震災では安全とされていた原発がメルトダウンを起こし、大量の放射能が放出され た。事故後の終息の技術的な方法も示せない状態であり、事故を起こした責任すら東京電力も国も果たせていない。核燃料サイクル実現も頓挫し、核のゴミは増える一方であるにもかかわらず原子力発電に固執する事は国民を危険に晒すことに他ならない。故に原子力発電には強く反対し、再生可能エネルギーに移行する政策を支持します。,2024-08-02,2024-07-19,2024-07-30
93,060,50代,"化石燃料をすぐにやめ、再エネの開発、活用に力を注いでください。
自分たちの生活のために、遠い国の自然や生き物や人々が壊されていくのは耐えられません。
ただし、再エネを推進すると言っても、やり方を考えてください。
太陽光パネルを建設するために、五島列島など小さい島の大事な自然も壊そうとしていると知りました。
本末転倒ではないですか？
都会で溢れているビル群の窓や屋根、屋上、壁など建築資材に太陽光パネルと同様の機能をもたせることはできませんか？
木を切らず、建築業界も困らないと思うのですが。
今すでに、高温が続き夏が恐ろしい季節となってしまいました。
化石燃料を掘らず、森を壊さずにできることがあるはずです。どうか、本気出してください。
お願いします。",2024-08-02,2024-07-19,2024-07-30
94,060,20代,"原発に反対します。
理由としては、地震などによる自然災害が起きた際に、放射能汚染のリスクがあること、
実際に福島の原発事故でも作物や土壌汚染の実害があったことから、再生可能エネルギーとして候補に挙げるにはリスクが高いと思います。
他に再生可能エネルギーとして風力や太陽光、水力などが挙げられますし、単独では十分に電力が供給出来ないため、組み合わせて発電していく方向が良いのでは無いかと考えておりま す。
発電効率が良くても、汚染リスクが高いものは本末転倒だと考えます。",2024-08-02,2024-07-19,2024-07-30
95,060,30代,"原発やめましょう！
再稼働、新増設反対！！",2024-08-02,2024-07-19,2024-07-30
96,060,60代,福島原発事故を忘れたように原発推進への方針転換全く信じられない。また、地震大国日本なのに全く信じがたい。,2024-08-02,2024-07-19,2024-07-30
97,060,70代,日本の脱化石燃料時代に向けて、再生可能エネルギーを最優先、最大限で導入するためのエネルギーシステムを望みます。将来世代のためにも、原子力エネルギーは環境破壊と人類の存続にも関わるので、廃止にしていく方向でお願いします。地域分散型の再生エネルギーを普及させ、充電システムを構築して、災害にも役立つ仕組みを作ってほしいです。また、省エネ対策として、建物の断熱化を図ることもエネルギー対策の断熱後進国日本の根本的に重要な施策と考えます。,2024-08-02,2024-07-19,2024-07-30
98,060,80代以上,今の時代に原発は時代遅れ。原発に頼らない社会を作れ！再エネなら原料費が不要のため安上がり。,2024-08-02,2024-07-19,2024-07-30
99,060,30代,原発や火力発電の稼働ではなく、地産地消で行う再生可能エネルギーを推進する政策をお願いします。,2024-08-02,2024-07-19,2024-07-30
100,060,60代,"☆ゴミ処理の 加熱処理 →→熱量を 押える 方法を 考えた 方が 良い
☆地熱 発電→→北海道で、 現実 利用されている →→温泉に 影響を 及ぼす可能性が あると 云うが、 深さの 問題で、 それ程の 影響は 無いのでは？ ？
これから の 環境で、北岳の 噴火も 踏まえ 地殻変動の おり →→これを 利用しない 手は無い と 思います。 →→クリーンエネルギー ！
☆原子力発電所 などは
そもそも 人類の 完全 制御は 無理な 素材！
→→廃棄も まま ならない→→地球を 破壊する →→停止を 望む
だが、 現状は 電力供給が 完全では、無い→→ 火力発電 & 原子力発電 に 頼らざるを えない が
卵が 先か？ ニワトリが 先か？ 的な イタチごっこ 感 が 否めない
→→→人類が 滅びる 前に
原子力発電は 無くし 新たな エネルギー 技術
を 利用 すべく →→こんな ベンチャー 起業や、大学 研究室 等に 経済省 が研究費 を 多額に 出す べき では？ ？ ？
無いので、しょーか？ ？ ？ ？
＊＊＊兎に角 原子力発電 に よる エネルギーは 廃止！！ に 向かって下さら無いと人類 滅亡 →→異星に 移住 ？ ？？
的な 事が 起こる カモ ！！",2024-08-02,2024-07-19,2024-07-30
101,060,50代,原発再稼働や新増設は、地震大国の我が国では止めるべきで、再生可能エネルギーを主力電源とすべく舵を切ってほしいと思います。,2024-08-02,2024-07-19,2024-07-30
102,060,80代以上,原発に頼るのはもうやめるべきです。それぞれの地域特性に合った再生可能エネルギーを推進していただきたい。,2024-08-02,2024-07-19,2024-07-30
103,060,60代,地球を滅ぼす原発に反対します！,2024-08-02,2024-07-19,2024-07-30
104,060,70代,"再生可能エネルギー優先の計画を国民に示してください。理由
原発はいったん事故が起きれば取り返しがつかない被害が発生し、使用済み核燃料の処分も確立できていない。原発からは撤退すべきは福島事故さらに能登半島地震でも危険性と珠洲市にもし原発が建設されていたらどんな被害が生じていただろうか？なぜドイツに倣う選択ができないのか？
何度も化石賞を受賞しても化石燃料に頼る国の姿勢が理解できない。今こそ政府はグローバルな視野でエネルギー問題を考えてほしい。未確立の技術に膨大な投資を行うより、再生可能エネルギーへの投資こそ消費者も求めているエネルギー政策ではないでしょうか。安全保障の視点でも原発は危険、国産の再生可能エネルギーこそ正しい政策ではないか。原子力村、電力会社、プラント大企業の求める方針と決別し、世界の流れに合流しよう。温暖化は待った無しです。",2024-08-02,2024-07-19,2024-07-30
105,060,60代,日米経済安保協力の文書では、「クリーンエネルギー」の項目に再エネと次世代原子炉が並列されている。この認識は誤りである。核発電は「クリーン」でも「脱炭素」でもない。核発電も核燃料再処理も事故はもちろん、平常運転でも放射能汚染をもたらす。火力発電より熱効率が悪いので、発電電力量あたりの海の熱汚染は火力よりはるかに大きい。核発電から炭酸ガスは出ないが、米国やロシアのウラン濃縮工場は電力多消費であり、石炭火力に依存している。 2016年に日本政府が認めたように、高レベル放射性廃棄物の監視は、関西電力ほかが400年、日本政府が10万年の監視を求められている。10万年も責任がもてるのか。石炭火力延命のためのアンモニア混焼は愚行である。国際社会では脱石炭が求められている。岸田政権の「原発回帰」と「石炭火力延命」は愚行であり、再考が求められている。,2024-08-02,2024-07-19,2024-07-30
106,060,80代以上,"どんな理由があるとされても、原発の再稼働や新しく創るということには。絶対反対です。理由：この地震国の日本に於いて、政府の調査でも、
この一瞬から30年間の間、これまでに経験した地震災害の何倍もの地震が、必ずやってくことがわかっている以上、日本を壊滅に導く原発は、即刻廃絶するべきで、再稼動や新たに創るなど、あり得ない。廃絶一択しかありません。
故に表記の通り、絶対反対です。",2024-08-02,2024-07-19,2024-07-30
107,060,,"＜協議の場に若者や様々な分野からの参画を＞
気候変動に関する対策が次期エネルギー政策に大きく影響するため、協議の場には、未来世代である若者たちを参加させてください。また、国際的なネットワークを持ってグローバルに知見を共有する国際NGOや、グローバルサウスの声が尊重されるよう、大手電力会社やその関連機関で引き続き利益を得たい人々ではなく、真に地球とこの国の持続可能性に貢献できる様々な分野からの第三者による構成を求めます。
＜脱原子力＞
原子力は撤退すべきです。なぜなら万が一の事故が起き得るし、その場合の環境と人々の健康への影響は、地球規模であり何世代も先に及ぶものだからです。放射性物質の危険性は、現政権では正当に評価されていませんが、原子力を推進するために、そのリスクを低く見積もってきた過去があることを認めてください。また、新たに大規模な調査が行われた結果、低線量の内部被ばくの影響が有意に認められたINWORKSを、検証に取り入れるようお願いします。
現在では再エネのコストが低下し続け、原発は建設に最も時間がかかり、最もコストが高い電力です。脱炭素の電源としても、発電時にCO2排出がないだけで、原料のウラン採掘から精
錬、加工、運搬、プラントの運転、核廃棄物の処理、運搬、保管などなどでCO2を排出しま
す。最終処分の場所・方法も未解決のまま、使用済み核燃料についても同じく、運転すれば必ず増える核のゴミを無視した原発推進政策は危険を持ち越し、未来世代にその後始末を押し付けるものになり、現世代の責任放棄と考えます。
＜脱石炭火力＞ 1.5°C目標に整合する政策の要は「脱石炭火力」で、GXなどに描かれる水素・アンモニアや CCSは、遠い将来に実現可能性があるかもしれないが、現状では単なる石炭火力の延命に過ぎない。石炭火力発電所を停止し、再エネを推進することで解決すべきところ、石炭火力を延命するために莫大な資金をかけようとしているように見える。これを税金で行おうとしているなら、「再エネに使え」と言いたい。
＜公正な移行とは＞
再エネ・省エネの技術は整っていて、あとは実現するだけの時代に何を逡巡するのか。先進国は一丸となってこれを政策の最優先課題として1.5°C目標に向かったダッシュする時だ。グ ローバルサウスの国々からの気候難民を受け入れる準備も必要、故郷を失う人々の救済のために必要な経済援助は、グローバルノースの責務であり日本もその一員だ。これまで高度成長と引き換えにグローバルサウスの人々の環境と人権を侵害してきたことに、対価を払う時だ。特に、アジアなどの石炭火力や化石燃料事業への投資は禁止すべき。自国でできなくなった事業を他国に投資して利益を上げることは非人道的であり犯罪的である。
これらの気候変動対策との整合性のあるエネルギー基本計画を作成してほしい。
再エネ・省エネ事業が、電力市場などで制度的に抑制されているなどもってのほかである。大手電力の優遇をやめ、新たな地域分散型の再エネ電力への助成を強め、脱原発・脱石炭の実現の先には、脱化石燃料も早期に実現できるエネルギー政策を。
＜必要な排出量削減のために＞
現状では日本の削減目標は低過ぎて、到底1.5°C目標は実現できない。今世紀半ばのネットゼロを実現するため、2035年までに19年比70%を掲げて全力で取り組む大きな制度改革と、高消費の成長経済そのものを見直して暮らし方から仕事の仕方、仕事の内容、地域社会・自治体でできる取り組み、日本全体でのシステムチェンジに乗り出したい。",2024-08-02,2024-07-19,2024-07-30
108,060,50代,"世界は原発から再エネにシフトしています。
原発は実際はコストが膨大にかかり、かつ地震に弱く日本には向かないエネルギー源です。 再生可能エネルギーを基本とし、他の電源で補完するのが、地球にとってサステイナブルな方法と考えます。
日本の次世代を担う若者へ安価で安全安心なエネルギーを手渡してください。",2024-08-02,2024-07-19,2024-07-30
109,060,,"本当に暑い日々が続きます
本気の再エネ推進お願いします
原発はコストしかなくて事故が甚大ですので、安価な太陽光などの自然再エネを醉心してください
福島事故を忘れず、真のエネルギー政策ができる政治家にいてほしいです",2024-08-02,2024-07-19,2024-07-30
110,060,60代,原発ではなく、再生可能エネルギーを推進する政策を求めます,2024-08-02,2024-07-19,2024-07-30
111,060,50代,"原発断固反対です。
そして自然をなくすソーラーパネルも大反対です。 20年後には廃棄処分になるソーラーパネルリサイクルなんて無理ですよ？ゴミの塊海外から売り付けられているじゃないどすか。
未来の子供達になんて負の資産残し続けてくれるんですか？
お願いです。
目先のことではなく、日本のことを、未来を見据えた政策をしてください。",2024-08-02,2024-07-19,2024-07-30
112,060,30代,"私は東京で働く一会社員ですが、希望したいことがあります。
意思決定に若者かつ一般市民を入れることです。
現在の意思決定層は、50-70代、男性、特定の企業や団体の方が大半かと思います。これには偏りがあります。特定の産業に積極的に肩入れしていると明白にわかります。
エネルギーは誰にでも等しく関わる問題であり、いわゆる逃げ切り世代が中心であることは、意思決定に不均衡が反映された内容になると考えます。
エネルギーは生死に関わる問題です。我々も社会の構成員であり、いわばツケを払う世代です。利権と特権のドル箱として扱う時期は過ぎました。死ぬほど今日も暑いです。
我々のことを居ないことにしないでください。勝手に決めないでください。",2024-08-02,2024-07-19,2024-07-30
113,060,60代,"石炭火力発電を早期に撤廃し再生可能エネルギーを積極的に推進してください。
山を開拓してメガソーラーや風力発電所の設置など自然を破壊する事業を規制してください。
リスクの大きい原子力発電を撤廃してください。
４．GXの委員会の市民、環境保護団体の意見を取り入れる仕組みを作ってください。",2024-08-02,2024-07-19,2024-07-30
114,060,50代,"自然エネルギー及び再エネを推進すべきです。
地震多発国である我国に原発は危険，即刻全て廃炉にすべきです。",2024-08-02,2024-07-19,2024-07-30
115,060,,"エネルギー基本計画見直しに対する意見
私たちパルシステム神奈川は「生命（いのち）を愛（いつく）しみ、自立と協同の力で、心豊かな地域社会を創り出します」を理念とし、安心してくらせる社会をつくるために神奈川県内で事業活動を行なっております。そして、パルシステムグループとして 2012年に「エネル
ギー政策」を制定、2023年3月には「環境・エネルギー政策」を策定し、2030年までの温室効果ガス削減の具体的な目標値を掲げ、持続可能な社会の実現を目指して活動してまいりました。
気温上昇、豪雨などの異常気象という形で地球の温暖化が顕在化しており、持続可能な社会の危機に直面しています。第7次エネルギー基本計画が、脱炭素社会のあるべき姿を描き、持続可能な社会づくりに貢献できる計画となるよう、以下の意見を申し述べさせていただきます。
１．消費行動やライフスタイルの選択を通じ脱炭素社会の実現に参画できるような情報提供とともに、若い世代をはじめ国民が議論に参加できる仕組みと信頼を得られる政策立案プロセスを要望します。
できる限り幅広い国民からの意見を募集するとしてこの意見箱が設置されていますが、その周知はほとんどされておりません。エネルギー問題は、国民の命やくらしに直結する重要な課題です。エネルギー基本計画の見直しにあたり、プロセスやスケジュールを広く周知し、意見箱の他に多様な立場の国民がなるべく多く論議に参加できる機会を設け、その声を計画に反映してください。とりわけ、気候危機の悪影響を大きく受ける第一次産業の関係者、原発事故の当事者、将来世代の参加は不可欠です。また、総合資源エネルギー調査会などエネルギー政策に関わる委員会メンバーには、エネルギーシステムの転換に積極的な企業やＮＰＯ、研究機 関、そして地域の社会課題の解決に取り組んでいる専門家などにも参加していただき、双方向的なコミュニケーションの強化を求めます。そして、環境省と連携し「デコ活」などの発信を強化し、国民一人ひとりが、自身の消費やライフスタイルを持続可能なモノに変えるきっかけとなる啓発強化をお願いいたします。
２．「可能な限り原発依存度を低減する」政策を引き続き計画に盛り込んでください。
東京電力福島第一原子力発電所の事故から13年が経過してもなお、多くの方々が避難を余儀なくされています。また除染・中間貯蔵施設事業、除染土・処理水対策、廃炉等膨らみ続けるこれらに要する費用、風評被害対策など、課題は依然として山積したままです。そして、2024年1月に発生した能登半島地震の震源に近い珠洲市では、約50年前に地域住民の反対運動により撤回された珠洲原発計画がありました。震災後に計画地は数メートル隆起しており、もし計画通り建設・稼働していれば、東京電力福島第一原子力発電所の事故と同様またはそれ以上の大きな事故が発生した可能性があります。
このような状況にありながら、6月21日に発表された「経済財政運営と改革の基本方針2024」
（以下、骨太の方針2024）では、「廃炉を決定した原発の敷地内での建て替えの具体化を進める。」、「原子力の電源を最大限活用する。」など、事実上の新設、再稼働推進に関する文言が盛り込まれています。
自然災害が多い日本において、原子力発電を新設・再稼働を進めることは、大きな危険を長期にわたり国民に背負わせることとなります。東日本大震災以降、何度もエネルギー基本計画が見直されるなかでも、変わらず盛り込まれてきた「可能な限り原発依存度を低減する」という言葉を残し、将来的な原子力発電ゼロ実現のため、原発の新設・建て替えをおこなわない基本姿勢の維持をお願いいたします。
３．核燃料サイクルからの撤退を求めます。
骨太の方針2024で言及されている「核燃料サイクルの推進」について、これまでの「高速増殖炉もんじゅ」及び「六ケ所再処理工場」へ長年多額の費用を費やしてきましたが、成果が上がらず破綻状態にあります。これまでの失敗に対する真摯な総括と責任の所在を明らかにしたうえで同じ過ちを繰り返さない対策を求めます。
プルサーマルは、本来ウラン燃料を燃やすはずの炉で使用済みの燃料であるプルトニウムとウランを混ぜ再処理した混合酸化物（MOX）燃料を燃やすものです。使用済みMOX燃料の熱量は高く、移動できるようになるまでに100年以上原発敷地内のプールで冷却しなければなりませ
ん。現在日本国内で使用済み MOX 燃料を処分できる施設がないなかで、推進は現実的ではありません。次世代に解決が困難な課題を押し付けることのないよう核燃料サイクルからの早期撤退をお願いいたします。
４．エネルギー需要量の大幅縮小を可能とする社会の構築を目指し、省エネルギー施策を強化してください。
脱炭素社会の実現のためには、エネルギー需要量を縮小させることが重要ですが、今後、世界的にDX（デジタルトランスフォーメーション）やAI（人工知能）の導入がすすめば、電力需要量は現状よりもさらに増加すると推測されています。まず、この増加要因とその影響を需要量予測に盛り込み、そのうえで生活・産業全般におけるエネルギー需要量を最小限に抑え得る社会の構築と、さらに掘り下げた省エネルギー施策の充実をお願いいたします。
５．2050年再生可能エネルギー100％に向け、2030年導入目標を国際的水準である50％以上とし、「再生可能エネルギーを主力電源として、最大限の導入に取り組み」政策を維持・強化してください。
2023年12月「第28回気候変動枠組条約締約国会議（COP28）」で採択された決定文書では、
2030年までに再生可能エネルギーの発電容量を世界全体で3倍にするという目標が掲げられました。IPCC1.5℃特別報告書の想定水準である、2030年時点で50％以上の再生可能エネルギー導入を目指し、調整力の確保、送電容量の確保、慣性力の確保、自然条件や社会的制約への対応、コスト低減といった課題の解決を、あらゆる政策を総動員し強力に進めることを要望します。",2024-08-02,2024-07-19,2024-07-30
116,060,40代,"エネルギー基本計画策定プロセスにおいて、各委員会のメンバーに偏りがあると思います。非営利団体の委員は少なく、50～70歳代の男性中心、化石燃料等の既存システムからの脱却に慎重な委員が多数のようです。利権ではなく、地球環境や市民の命を優先した決定がなされるためにも、市民の参加を確保するとともに、民主的で透明な議論を行うことを求めます。
原子力は地震大国である日本では、コントロールができる電源だとはとても思えません。現に福島原発事故後の問題は全く解決していません。核のゴミの処理問題も全く明確になっていません。再稼働、運転延長、新増設・リプレースや新型炉の開発によるリスクを負うことになるのは将来世代です。原発を推し進める政府の決定は無責任だと感じます。
温暖化の危機的影響を生活の中でも感じるようになり、気候変動対策は急務であること、一刻も早く「化石燃料からの脱却」をすることは世界の共通認識となっているのに、未だ日本の政策は化石燃料に頼っています。水素・アンモニアやCCSといった技術は化石燃料の延命させるもので、そこに技術や時間、コストをかける余裕はないと思います。
エネルギーを大量消費する社会システム に合わせた電源供給を考えるのではなく、そもそものエネルギーの過剰消費を抑える方法を議論すべきだと思います。企業をはじめ市民も含め て、過剰なエネルギー消費を見直すべきです。省エネ・再エネを中心とした産業・社会へ変わらない限り、気候変動をはじめとする地球環境の破壊は止まりません。メガソーラーといったものではなく、もっと土地を有効利用できる形での太陽光や風力といった自然エネルギーを もっと導入していくことを期待します。",2024-08-02,2024-07-19,2024-07-30
117,060,50代,今どき石炭火力、原子力を残すなんて遅れてる、はずかしい、情けない、世界の潮流にまったく反している、日本が地球環境にとっての加害者になる。そんな国に住んでるなんてほんと恥ずかしい、情けない、ダメすぎる。,2024-08-02,2024-07-19,2024-07-30
118,060,20代,気候変動や原発事故のない未来のために、化石燃料と原子力をできるだけ早く廃止させる必要があります。エネルギー基本計画には、化石燃料の延命策や原発に頼るエネルギーミックスではなく、野心的な省エネと再エネの導入を組み込んでください。,2024-08-02,2024-07-19,2024-07-30
119,060,30代,"発電構成で再エネ100％を目指してください。化石燃料を温存して対策を遅らせることは国全体の収益を下げて、企業を守らないことになると危惧しています。
なぜなら、すでに海外の大手投資家（マン社など）・銀行からは石炭火力発電の継続に異を唱えていたり、温室効果ガス削減目標の啓示を求めたり、再エネ電力の事業を投資するように なっているためです。",2024-08-02,2024-07-19,2024-07-30
120,060,30代,"G7の国々は、化石燃料を0を目標としているのに、日本のみ化石燃料1/5も頼っているのは、残念です。
分科会では、COPドバイ会議で話されていた「化石燃料からの脱却」に関して、向き合っていただきたいです。",2024-08-02,2024-07-19,2024-07-30
121,060,50代,"気候危機が深刻で、パリ協定の１．５℃を超えつつある絶望的な状況の中、G7の日本以外の国は脱石炭を目指しています。日本だけがアンモニア混焼などのCO2削減効果の少ないまやかしの施策によって、石炭火力発電を延命しようとしているのは、気候危機解決に全くつながらないし、世界の潮流から逸脱しています。
気候危機対策は人類の存亡を左右する最優先課題なので、化石燃料からの脱却にすぐに舵を切ってください。",2024-08-02,2024-07-19,2024-07-30
122,060,50代,原発は放射性廃棄物の問題や、地震による事故の危険性があり、コスト的にも再エネよりも高いなど、気候変動対策として有効ではありません。原発ではなく、再エネ・省エネによって気候変動対策をするべきです。原発を増やすことは絶対に反対です。脱原発を目指してくださ い。,2024-08-02,2024-07-19,2024-07-30
123,060,50代,"パブコメはすでに素案が固まってから。意見箱はちゃんと読んでるかどうかわからない。ようは国民の意見をちゃんと聞こう、取り入れようって仕組みそのものがちゃんとないってことなんだな、、、というところにめっちゃ腹が立ちます！
この国は国民主権の国のはずですよね？物事の決め方が間違ってないですか？
エネルギー基本計画の中に、国民の意見を反映させる仕組みもちゃんと作ってください。国民の願うエネルギー政策を進めてください。
高齢の男性ばかりの審議会でバランスが悪すぎる。女性や若い人たちの審議委員を増やしてください。
経産省の常識は、世界の非常識だと思います。",2024-08-02,2024-07-19,2024-07-30
124,060,30代,"化石燃料によるCO2排出のせいで、気候変動が加速し、人類は絶滅の危機です。 G7の中で火力発電脱却を決断していないのは日本だけです。
今すぐに気候変動対策に本気で取り組まないと私たちの子供が生きていけない世界になってしまいます。
どうかお願いです。
再エネ100%の決断してください。
また、本意見箱に
再エネを増やしてほしい、
と多くの意見が提出されいているにも関わらず会議内では全くと言っていいほどこれらの意見が無視された審議が続けられていることに腑が煮え繰り返る思いです。
どうか、意見箱の意見に対し、審議会できちんと話し合ってください。",2024-08-02,2024-07-19,2024-07-30
125,060,20代,7月12日に行われた会見で、伊藤環境大臣も「委員会のメンバーはバランスが取れた配置が必要」と発言されていました。基本政策分科会のメンバーは明らかに60代以上・男性・再エネ導入に消極的なメンバーが偏っているように見受けられます。日本の人口の約半分は女性であること、気候変動の影響をこの先一番受ける人たちが若者なことも考えて、もっとバランスの取れたメンバー構成にしてください。,2024-08-02,2024-07-19,2024-07-30
126,060,20代,"原子力発電に回帰するような政策には反対です。
理由として①核燃料は輸入でしか賄えなえず、補助金がなければ設置費を含めて発電コストは高くつくこと②原発の総発電量に占める割合は1割以下であり、政策として力を入れれば再生可能エネルギーでカバー出来る程度の量であること③過酷事故を起こした場合、国土と農林漁業の従事者から生業を奪うこと④ほぼ全ての原発は海岸線沿いにあり、防衛上弱点となりやすく、また攻撃や侵入も防ぎにくいこと⑤電力会社は電気料金引き下げのためといいつつ、原発が増えて一度も電気料金が下がったことがないこと⑥地震大国でありながら配管まで700ガル程度の揺れに耐えられる原発は国内に存在せず、かつ建て替えもしない建屋が検査をするたびに耐震性を得ていくことに検査の不正を感じるから、です。ミスが許されない原子力発電で東電はもう過酷事故を引き起こしました。二度目の過酷事故を起こさないためにも原子力発電はゼロにすべきです。また、格納容器のみの耐震性よりも冷却するための設備全てが耐震性が無いと意味がなく、そこまでの対策を電力会社がやっているようには見えません",2024-08-02,2024-07-19,2024-07-30
127,060,60代,"エネルギー確保の為に、これ以上森林を伐採したり、海で風力発電をしたりするのは、やめて下さい。
都市の中で、工夫してエネルギーを確保して下さい。
資本主義の世の中、国が止めなければ、誰も止められません。",2024-08-02,2024-07-19,2024-07-30
128,060,70代,"「いつもお世話になっております」
先ず、使用済み核燃料が増え続けることに懸念しております。未来に生きる子孫や地球上に生きるすべての生命体にとって、放射能は脅威となっています。使用済み核燃料を処理する技術が確立していない中で、原子力発電を使い続けることは、今を生きる大人の責務として、未来を生きる子孫等に申し開きができません。特に、老朽原発については、圧力容器の中性子照射による脆性温度が上がっていることによって、圧力容器が非常に脆くなっています。40年超への原発の再稼動を即時停止して下さい。
それから、化石燃料は、何れは枯渇する運命にあります。ですから、火力発電も今以上に増設することに反対です。貴重な化石燃料は、未来の子等に残しておかなくてはなりません。特 に、家庭の厨房・お風呂などに便利なNG／LNG（天然ガス／液化天然ガス）は、CO2排出が比較的少ないことから「質の良い化石燃料」化石燃料として、未来の子等に残しておかなくてはなりません。ですから、LNG ガスコンバインド発電のこれ以上の建設も、リプレース以外は反対です。発電（供給側）の方では、環境破壊も懸念されますが、やはり設備利用率では太陽光発電よりも大きい、風力発電の比率を高効率高効率地熱発電の増設をするこを求めます。
一方で、消費側については、過剰な電力消費をする社会（経済）について、考えを改めていくことが非常に重要に思います。特に、大量の電力を浪費するデジタル化・ロボット化・AI化などコンピューターサーバの電力消費が、格段に増加していることから、これらに頼らない最もエコ（エネルギー効率の高い）な人間による労働を促進する社会・経済を目指すことを願います。未来の子孫のために、そして、地球システムを構成するすべての植動物、大気・水・土・岩石・鉱物、山河海のために、少し、質素な生き方をしましょう。
消費（浪費）に喜びを感じることから、人とひとの、そして、人と自然の触れ合いに喜びを感じる社会に向かって行くことを願ています。",2024-08-02,2024-07-19,2024-07-30
129,060,50代,"年々地球温暖化の影響が顕著になってきています。このままでは次の世代がこころ豊かに生活することができなくなってしまうかもしれません。早急に脱炭素社会へとシフトしていかなければならないと感じています。ただ、そのために原子力発電に頼るというのは違うと考えま す。破綻している核燃料サイクル、原子力発電は発電時にCO2を排出しないかもしれません
が、核の廃棄物を冷却したり保存したりするためにはどうなのでしょうか？発電時だけのことを取り上げて「脱炭素に良い」発電方法とするのは短絡的な考えではないでしょうか？
また、東日本大震災で私たちは、原発の危険性を身をもって体験したのではないでしょうか？災害が頻繁に起きている日本だからこそ、改めて考え直す必要があるのではないでしょうか？危険と隣り合わせのものではなく、持続可能なエネルギーを使うことのほうが自然な考え方だと思っています。 2023年のCOP28では、再生可能エネルギー2030年までに発電容量を世界全体で3倍にするという目標が掲げられています。再生可能エネルギーを最大限生かしたエネルギー政策を考えていくべきではないでしょうか。",2024-08-02,2024-07-19,2024-07-30
130,060,10代以下,"エネルギー基本計画の見直しで最も重要なことは、民主的かつ透明性の高い方法で議論が進められることだと考えています。エネルギー政策に関する意見箱に投稿された意見をもとに議論を進めることはもちろん、環境NGOや専門家、化石燃料を扱う企業、市民団体など様々な立場の人の意見を聞き、計画に反映させるべきです。国民は環境・エネルギー政策に関心がないと決めつけて議論に参加する場を設けず、関係者が勝手に計画を決めるのは明らかな間違いであり、今すぐ見直す必要があります。
また、国際的な合意や科学的根拠に基づいて議論を進めることも重要になると思います。 COP28では2030年までに世界全体で再生可能エネルギーの発電容量を３倍にし、エネルギー効率改善率を２倍にする目標が採択されました。しかしその後、伊藤環境大臣は「日本には必ずしも再エネを３倍にできる容量があるとは考えていない」と述べました。日本には太陽光発電や洋上風力発電のポテンシャルがあり、省エネを徹底したうえで再エネ100％を目指すことは可能なはずです。再エネには安定供給に課題がありますが、仮想発電所を活用することによ り、安定供給ができるようになります。そうすることで、先進国に求められている２０３０年までの石炭火力発電廃止も視野に入れることができるでしょう。これらの取組は最も効果的な気候変動対策であるだけでなく、国民の理解も原発と比べて得られやすく、有効な経済政策にもなります。そして世界と足並みをそろえることで日本の企業が海外から目を背けられることもなくなります。
エネルギー政策を前に進めて世界と足並みをそろえられるか、化石燃料に依存し続け世界から遅れを取るかは今回のエネルギー基本計画の見直しにかかっていると言っても過言ではありません。今が気候変動対策を前に進める最後のチャンスです。国民の意見を幅広く取り入れたエネルギー基本計画となることを望みます。",2024-08-02,2024-07-19,2024-07-30
131,060,60代,"まず、原子力発電を前提とした政策はあり得ません。廃止計画を作って下さい。安全でないことは証明されましたが、安全でることも証明は一切されていません。
原子力発電の処理、廃炉に伴う費用、事故時の損害補償費用も含めた正確な費用試算を出してください。再利用可能エネルギー、特に太陽光発電も同様です。
再処理場の調査費用などは、例えば、ペロブスカイトの開発に回してください。基本、再エネに加え、地産地消と省エネの3本柱です。
全体のエネルギー消費量を抑える努力を。新規の需要家は自分でエネルギーを賄うような方策もあって然るべき。そのための技術開発にお金は使ってください。",2024-08-02,2024-07-19,2024-07-30
132,060,30代,"石炭石油エネルギーに頼るのではなく、再生可能エネルギーへのシフトを大幅に行ってほしいです。日本は再生可能エネルギーのポテンシャルがとても高く、すでに成功事例もたくさんあります。輸入に頼ってばかりでお金を海外へ流出させるのではなく、日本でエネルギー自給率を上げ、お金が国内で回るように考えてほしいです。特に地熱発電がほとんど日本で実施されていないことは資源があるのに本当に勿体無いと思います。国を挙げての取り組みをお願いします。
テレビ朝日アナウンス部の山口豊氏のYouTubeの情報などは非常に参考になります。どうぞよろしくお願いいたします。",2024-08-02,2024-07-19,2024-07-30
133,060,40代,原発作るな。原発の建設費を電気料金に上乗せするな。再エネにしろ。,2024-08-02,2024-07-19,2024-07-30
134,060,50代,"年々加速する気候変動への取り組みは待ったなしです。今年の猛暑は昨夏を上回り、誰もがその影響を感じています。そんな中、エネルギー基本計画は、日本と世界の未来を決めるものです。
以下を強く要求いたします。
●利害関係者や偏ったメンバーのみで審議を進めることはやめてください。幅広いステークホルダーや世代を巻き込んでオープンに議論できる場を作ってください。
●再生可能エネルギーの導入を野心的な目標設定で進めてください。個人レベルや地方レベルで進んでいると感じますが、政府の旗振り無くして、大胆な転換は難しいと感じます。
原子力のリスクは日本がどの国よりも実感しているのではないでしょうか。段階的で早急な廃止を実現してください。
最後に、基本計画の策定に関わられている皆様へ
加速する気候変動を止められる力を大きくお持ちのはずです。皆さまのご家族に与える影響に想いを馳せてください。特にお子様やお孫様の未来にこのような危機を残してよいのでしょうか。
私たち大人は、子どもたちの未来へ大きな責任があります。その視点を忘れることなく、対応ください。
英断に期待します。",2024-08-02,2024-07-19,2024-07-30
135,060,,原発やめろ！,2024-08-02,2024-07-19,2024-07-30
136,060,,"福島第一原発事故の処理費用に23兆円かかるうえに、いったいいつ完了するかも見通せない。事故を起こさないとしても、核のゴミの処理すら目処もたっていない。例え目処がたったとしても、人体に影響のないレベルに弱まるまでに数万年以上かかるとされている。
現在生きている人の責任の元に処理できず、未来の子孫に対してこのような負の遺産を量産していくことは、無責任にも程がある。
そんな手に負えないものを世の中から無くしていく努力に税金を使われるならまだしも、この先も推進し、その建設費やコスト負担を国民に強いることは到底納得がいくものではありません！
あなた達は、公務員である前に人として、政治家の言いなりでいいのですか？
人間として、未来の子孫につけを回すことに加担することに良心は痛まないのか？そんな仕事はボイコットすればいい！
政府のいいなりになるな！自分の頭で考えろ！",2024-08-02,2024-07-19,2024-07-30
137,060,20代,"原発の建設費を、電気代に上乗せして一般市民に負担させる案があるそうですが、意味不明です。
なぜ何でもかんでも市民からの搾り取るんですか？
行政とはなんですか？勝手に原発建ててるの国でしょ？
ふざけんな。 バカにするな。
そもそも上乗せ以前に原発をこれ以上増やすとかそんなお金あるなら市民の支援に回すべきです。
すごく誤った案です。酷すぎます。",2024-08-02,2024-07-19,2024-07-30
138,060,30代,"気候変動は、待ったなしの状態です。
今年の夏も異常な暑さであることは、誰もが感じているはずです。
多くの先進国が化石燃料からの脱却に向かっている中、新たに火力発電所を建設している日本は先進国として一体何をしているのでしょうか。
同時に、化石燃料を延命する新技術（水素・アンモニアなど）には頼らないことが必要です。結局、その材料を輸入したのでは無意味です。世界情勢が目まぐるしく変わる昨今、安定的な電力供給には程遠いです。
洋上風力発電、地熱発電など再生可能エネルギーのポテンシャルが十分にある日本だからこそできることが既に明らかになっています。どうか、現在発表されている研究をしっかり見てください。急激な以降はできなくとも、今始めなければいつ始めるのでしょうか。
化石燃料および、実現不可能で高コストな新技術からの脱却を強く望みます。",2024-08-02,2024-07-19,2024-07-30
139,060,70代,"原発エネルギー依存の全廃を目指して、原発を可能な限り減らしてください。英知を結集して、自然エネルギーの利用を推進してください。
人間の手に負えない、処理のできない核廃棄物をもたらす施設を推進、増設しないでください。
原発の利権団体のための目先の利益ではなく、子孫の未来のための英断を切望します。
「金より命」です。",2024-08-02,2024-07-19,2024-07-30
140,060,70代,"原発再稼働反対、新設はもってのほかです。政府は再生可能エネルギーの議論をどうしてもっとしないのでしょう？
本当に今の政治は企業ありきなんですね。
情けないし、これからの子供達のことを考えると恐ろしいです。",2024-08-02,2024-07-19,2024-07-30
141,060,50代,"①気候危機を緩和させるためには、国をあげた強いリーダーシップが必要です。しかし現在の温室効果ガス削減目標はパリ協定での1.5℃未満に抑えるというものに整合しません。目標値が低いままだと、気候危機は加速して悪化し、取り返しがつかないため、早急に高い目標設定をしてください。
②原発は気候危機対策になりません。すでに起きている福島の事故の回復すらできていないのに、脱炭素電源としての資格がありません。脱炭素電源というあたかも良いかのようなイメージを持たせる誤った言い回しはやめるべきです。
③水素アンモニア活用は優先事項ではない。そもそも、水素とアンモニアはどこかに埋まっているものではなく、人工的に作り出さなくてはなりません。それを炭素電源で作っていては本末転倒です。優先して取り組むべきことは再エネという真の脱炭素エネルギーの普及です。
④原発や化石燃料産業の声に惑わされず、20年後の国民の暮らしを考えて真剣に再エネへ転換してください。再エネは分散型、地域型なので雇用も生み出し、国民の生活を守ることにつながります。これまでのしがらみに縛られず、国民のための政策を進めてください。",2024-08-02,2024-07-19,2024-07-30
142,060,60代,"■原子力を使わずに二酸化炭素を減らすこと
【理由】
・原子力は廃炉費用、使用済み燃料の処分まで含めると再エネよりもかなり、コスト高
・地震大国の日本では、事故発生の確立が高い",2024-08-02,2024-07-19,2024-07-30
143,060,50代,"今年も暑いです。命に危険なレベルとなっています。
世界の平均気温が観測史上最高を更新 地球温暖化の影響が深刻化：朝日新聞デジタル という記事を見ました。そこでは、 英レディング大学国立大気科学センター・気象学部研究員のアクシャイ・デオラス博士の「現在、地球上のすべての大陸で、平年より暖かい気象条件が目撃されている。温室効果ガスの排出を急速に削減し、地球温暖化を抑制しない限り、気象記録は今後も頻繁に更新される」という発言が引用されており、恐ろしいことだと思いました。本気の気候対策をお願いします。温室効果ガスの排出をほんとうに急速に、大幅に削減してください。まずは、石炭火力発電所を全廃することです。そして再エネを伸ばすことです（そのためには屋根置き太陽光発電設備の標準化が欠かせません）。また、建築物のZEB化目標も前倒し、2030年46%から50%削減の目標も前倒しが必要だと思います。",2024-08-02,2024-07-19,2024-07-30
144,060,,国連グテレス総長が「石炭火力発電の全廃は避けられない」と言っています。早期の石炭火力全廃の計画にしてください。,2024-08-02,2024-07-19,2024-07-30
145,060,60代,経産省の方で委員を選定して、その方々で話し合っているのでは、話しの方向は、委員の選び方で大きく変わると思います。現状を踏まえての委員の選び方が大事だと思います。今のメンバーでは電気料金を低く抑えよう、原発を推進しようという考えの方が多いと思います。そういうのでいいのでしょうか。,2024-08-02,2024-07-19,2024-07-30
146,060,40代,"火力発電や原発が安価で安定的な電源で、今まで日本産業を支えていたというのはわかりま す。だからといって今後、地球の資源を枯渇するまで掘り起こして、CO2を排出し、気候変動を引き起こすことに目を瞑るのは、人として、いや地球上に生きる生物として間違っていると考える。
もっと再エネ100％の早期実現に注力すべきである。GX戦略でも掲げている、洋上風力の導入拡大、海底直流送電、電気自動車(EV)やプラグインハイブリッド(PHV)を送電網に接続し仮想発電所(VPP)として活用するなど、早急に実行して頂きたい。 2035年には再エネ100%になるように計画し、速やかな行動を切に願います。子供たちの将来のためにお願いします。",2024-08-02,2024-07-19,2024-07-30
147,060,50代,"日本機械学会動力エネルギーシステム部門「カーボンニュートラルに向けたエネルギー貯蔵技術研究会」は、約60名の専門家で議論し、2050年カーボンニュートラル達成に向けた最適なエネルギーストレージ技術について、提言（意見）をまとめました。「第７次エネルギー基本計画」の議論に参考にしていただければ幸いです。 https://www.jsme.or.jp/pes/uploads/sites/36/2024/02/A-TS08-13_01.pdf
（１／２）
==================================
カーボンニュートラル達成に向けたエネルギーストレージベストミックスのための意見(2024年)
カーボンニュートラルに向けたエネルギー貯蔵技術研究会
2023年2月、日本政府は「GX（グリーントランスフォーメーション）実現に向けた基本方針～今後10年を見据えたロードマップ～」をとりまとめ、「気候変動問題への対応に加え、ロシア連邦によるウクライナ侵略を受け、国民生活及び経済活動の基盤となるエネルギー安定供給を確保するとともに、経済成長を同時に実現」するための取組を発表した。将来にわたり社会全体でGXを実現するためには、再生可能エネルギー（再エネ）と原子力発電といった脱炭素技術を最大限活用し、加えて、エンタルピー基準で日本のエネルギー消費の7割 (9.9 EJ、314 GW相当)を占める産業・民生・運輸といった非電力部門の電化を進め、エネルギー危機に耐え得る強靱なエネルギー需給構造に転換していく必要がある。また、非電力部門のエネルギー消費は熱エネルギーが大部分を占めており、社会全体でエネルギー利用効率を考える必要がある。グリーン社会へ転換するためには、脱炭素技術、熱エネルギーの有効活用、炭素循環、エネルギーストレージ（貯蔵）・輸送・変換が大きな役割を果たす。2023年6月、日本政府は「水素基本戦略」を改定し、水素社会の早期実現に向けた国家の意志を表すものとして取り組み方針を明示した。しかし、取組み量は数GW相当レベルであり、我が国の総需要13 EJ（約410 GW相当）に対して効果が限定的である。これに対して、例えば余剰の再エネを変換、貯蔵すると いった調整力の役割を果たすものは水素以外にもあり、再エネ導入拡大に貢献できる。また、排熱量の賦存量は多く、この活用は産業の省エネルギー、カーボンニュートラル化への量的な貢献が大きく、エネルギーストレージが重要である。
日本機械学会動力エネルギーシステム部門「カーボンニュートラルに向けたエネルギー貯蔵技術研究会」は、学術専門家集団として、関連技術の実現可能性、事業性等にかかる科学的見地に基づいた望ましい2050年カーボンニュートラル達成に向けた最適なエネルギーストレージ技術を検討し、以下のとおり、【意見1】カーボンニュートラルを達成するためのエネルギーストレージベストミックスについて、【意見2】グリーンエネルギー社会への転換について、
【意見3】熱エネルギーの有効活用について、【意見4】2050年以降にあるべき姿について、まとめた。「第７次エネルギー基本計画」へ反映されることを期待したい。
意見1：変動性再エネ主力電源化に対応したエネルギーストレージベストミックスの確立を図るべき
（意見1－1）再エネの最大限導入とそれを補完するエネルギーストレージによるエネルギー安定供給を図るべき
再エネの変動性に対応したエネルギーストレージの拡大：2050年カーボンニュートラルを達成するためには、変動性再エネは経済的合理性を確保しながら最大限導入されることが期待される。ただし、日中の変動性（昼間の余剰電力と夕方の不足電力等）に対応するため、需要に応じた出力調整が可能な安定電源の割合を確保するとともに、エネルギーストレージの拡大を図るべきである。現在、我が国の発電量の約8割をカバーする火力発電（約100 GW）の出力調整と、揚水発電（約22 GW）や大容量蓄電池（1 GW以下）が活用されているが、今後、ますます変動性再エネが導入され主力電源化されることを考えれば、CO2を排出しない原子力発電による出力調整可能な割合を増やすとともに、炭素回収貯留（CCS）を前提とした火力発電による出力調整が不可欠である。これとともに、希少資源が必要で高コストになる大容量蓄電池や、開発規模が限界に近づいている揚水発電に依存するのではなく、大規模で低コストエネルギーストレージ技術が必要である。
余剰再エネの出力制御（出力抑制）の回避：近年では、再エネの導入が進んだことにより、需要が少ない時期などには、火力発電の出力の抑制や地域間連系線の活用等により需給バランスを調整した上で、それでもなお電気が余るおそれがある場合に再エネの出力制御を行ってい る。九州電力では、太陽光発電の出力制御は2021年に82日も実施しており、総発電量の4.2%
（5.1億kWh）、10円/kWh換算で約51億円の損失になっている。これは今後ますます増加傾向にあると考えられる。今後、太陽光発電が増加することを考えると、タービンが担ってきた慣性力（発電を一定に維持する力）の不足に陥る可能性がある。蓄電池増量だけでなく、慣性力を有した低コストエネルギーストレージ技術が必要である。出力制御は2023年度に東京電力管内以外の全国で発生しており、早晩東京電力管内でも発生されると予測される。現在固定価格買取制度で4兆円/年が再エネ発電に使われており設備利用率の低下による経済的な損失も看過できない。よって、早急なエネルギーストレージ対策が必要である。
エネルギーストレージ技術の確立：変動性再エネを最大限導入するにあたっては、系統安定化や調整力の確保が課題となる。2050年も現在の電力需要並みと想定すれば、変動性再エネによる発電量で40%確保し、出力調整可能な安定電源で残りの60%の発電量を確保できる場合でも、朝夕の不足電力発生に伴って停電に至らないように、1年間に数十日程度は100GWh規模（1日当たりの最大の不足電力）の電力貯蔵量が必要となる。この貯蔵量として、CO2を排出しない形での蓄電（揚水発電の拡大、電気自動車等の利活用等）、蓄熱発電といったエネルギースト レージ技術の確立と低コスト化のための技術開発が急務である。
水素技術の課題：水素価格は現状80～100円/Nm3程度であるが、2050年時点で20円/Nm3、2000万トン/年程度の導入を目指している。しかしながら、水素価格20円/Nm3は、カロリーベースで1.6円/MJに相当する。これは、現状のアンモニアの2.4円/MJ、LNGの1.8円/MJより低い価格である。太陽光発電を用いた水電解で水素を生成した場合、元のエネルギーの70%程度にな
り、液化（もしくは、キャリア化）・輸送でさらに50%程度、さらに水素を用いた発電で50%程度となり、入力電気から出力電気へのトータル変換効率は18%程度と低い。また、各工程で、イオン交換膜を用いた水電解、極低温技術（もしくは、水素改質技術）、水素燃焼等の新規開発技術が必要である。それらがコストに反映されることを考えると、将来における水素のコストダウンを低減させるためには、革新的な技術の開発に加えて、技術の大規模な普及や政策・制度面での強力な後押しなどが必要となり、その実現には課題があることを認識すべきであ る。水素やそれを変換した他の物質は、長期のエネルギーストレージが可能になることから、季節間における需給調整への適用が考えられる。
エネルギーストレージベストミックス：大規模エネルギーストレージ技術には、揚水、蓄電 池、水素、蓄熱等が挙げられる。揚水は約22GWの容量を有し、現在の主力蓄電装置であるが、我が国の国土制約により適地が限られ、現状施設利用からの大幅な増加は期待できない。蓄電池は、蓄電効率の高さから今後期待される分野であるが、蓄エネルギー密度、火災リスクの特徴から小規模利用の方が適している。また、蓄電池は、レアメタルを海外依存しており、市場価格や国外情勢に影響を受けやすい。我が国は強靭なサプライチェーン構築を目指している が、過度な海外依存度は低減すべきである。水素は、外国で生産したものを輸送することが考えられているが、国内生産では、変動型再エネ発電による系統の余剰電力を水の電気分解により水素に転換して貯蔵し、それを系統が必要とする時にタービン/燃料電池などで発電して系統へ戻す水素電力貯蔵システムも期待されている。ただし、この方式には設備の費用や電力貯蔵の効率などを総合したコストに課題があり、コスト低減を図った水素製造技術が必要であ る。蓄熱は、現在は我が国で大規模な技術導入はされていないが、最近になって諸外国で蓄熱技術の導入が活発になっている。蓄熱は、入力電気から出力電気へのトータル変換効率で40%程度（蓄熱効率90%、発電効率45%とした場合）と、水素の2倍以上高い。しかも、ほぼ既存技術で実現可能で、コスト・技術の両面で水素よりも優位である。さらに、発電の慣性力、安全性の観点で、大規模エネルギーストレージ技術に適している。これらのエネルギーストレージ技術をうまく組み合わせてエネルギー安定供給を図っていくことが必要であり、エネルギーストレージについて最適な技術ミックス、すなわち、エネルギーストレージベストミックスを目指すべきである。
（意見1－2）エネルギーストレージ技術の社会実装を図るべき
エネルギーストレージミックスの経済合理性：変動性再エネの大量導入に伴うエネルギーコストの上昇を抑えるためには、経済合理性を十分に考慮した上で、さまざまな技術オプションを適切に組み合わせたエネルギーシステムを構築することが必要である。
この観点から、エネルギーストレージベストミックスを目指すことが望ましい。数時間～数日程度の比較的短期の自然変動に対しては、サイクル効率の高いリチウムイオン電池等の蓄電池によって対応することが適切である一方で、より長期間（数週間程度）の変動に対応するためには、サイクル効率では劣るものの貯蔵量当りのコストが安く安全性が高い蓄熱などの技術を用いることが経済合理的である。さらに、より長期（数か月～数年）のストレージのために は、現在の国家石油ガス備蓄に加えて、自己損失率の低い水素やアンモニア、e-fuel（グリーン水素から合成されたメタン、メタノールなど）などのエネルギーキャリアに変換してのストレージ等の技術を用いることが望ましい。このように、経済合理性の観点から、時間スケールに応じて最適な技術が異なるため、変動性再エネ比率の高い将来のエネルギーシステムにおいては、多様な技術を組み合わせたストレージミックスの実現が望ましいものとなる。その上 で、それぞれのストレージ技術のコスト、特にエネルギー貯蔵量当りの設備コストの低減に向けた技術開発を促進し、早期の社会実装を図ることが必要である。
国産技術開発とサプライチェーン構築：エネルギーイノベーションの結果、新たな産業・新たな技術が導入され得るものと考えられるが、これらを国産技術とし、国内産業のサプライ
チェーンが構築される必要がある。蓄電池の場合、原材料であるバッテリーメタル（リチウ ム、ニッケル、コバルト）の埋蔵量、生産量ともに特定国（豪州、南米、コンゴ民、インドネシア等）に偏在しており、中流の精錬工程は製造コストの安い中国に集中している。また、燃料電池で使われる白金やPEM(固体高分子膜)型水素製造装置で用いられるイリジウムなども偏在しており、今後、蓄電池や水素のエネルギー利用が広がると、資源の価格上昇や囲い込みなどを引き起こし、資源の安定供給ひいては我が国のエネルギーの安定供給が妨げられる恐れがある。これらに対応するため、鉱山権益への出資による上流資源の確保とともに、偏在する資源に頼らない多様なエネルギーストレージ技術の開発が重要である。そして、開発した技術を国産技術とするべく、特定国資源に頼らない国内産業のサプライチェーンを構築すべきであ る。また、低コスト化に向けた研究開発への積極的な支援が行われる必要がある。
投資環境の整備：エネルギーインフラ構築に産業界が参入しやすくするための投資環境を整備すべきである。日本はエネルギーストレージに関わる優れた要素技術を数多く有するものの、それらを統合して様々なニーズに応えるシステムとして実現すること、またその効果や運用性を検証するためのフィールドでの実証試験が諸外国に比べて少ない。実証試験によって要素技術及びシステム全体の課題を抽出し、それに対する改良といったフィードバックを重ねることで技術が完成し社会実装に繋がる。この過程を一企業のみで実施することは不可能なため、産官学の連携のみならず、これを遂行するための政府からの資金面での支援が求められる。ま た、産業界にとって市場性・事業性を見出し、エネルギーストレージに関する投資を促すために、カーボンニュートラルへの貢献に応じたインセンティブ付与など、一層の制度面の整備を期待する。
（意見1－3）エネルギーストレージ技術の開発を支援すべき
次世代技術開発支援：社会実装を進めることと並行して、次世代技術の開発を促進して、エネルギーストレージ技術で世界を先導していく必要がある。例えば、蓄熱技術については、従来の顕熱技術による低コスト化だけでなく、効率を向上させた潜熱蓄熱や化学蓄熱といった技術開発は日本が主導できる可能性を有している。
意見２：ゼロカーボンエネルギーによるグリーン社会への転換を図るべき
（意見２－1）調整力に富んだクリーンな安定電源を確立すべき
水力発電の出力調整機能：水力発電は安定電源としての役割だけでなく、揚水発電によって調整力としての役割を担ってきた。しかしながら、我が国の国土条件の制約により限界があり、 2030年までにほぼ限界に近い発電量になると予想されるが、できるだけ増やしていくことが重要である。
火力発電の出力調整機能：火力発電は慣性力を有しており、変動性再エネ大量導入により電力系統の同期化力の低下が懸念される中、クリーンな火力発電技術の確立は系統の安定性を維持する上でも重要である。再エネの変動性に対応した調整力として役割を果たしてきた火力発電は蓄熱技術を導入して調整力として柔軟性を持つようになってきている。蓄熱発電で火力発電の蒸気タービン発電機が活用できるため、蓄熱発電の低コスト化が期待される。また、火力発電の最大の課題はCO2排出量をゼロにすることであるが、高効率化による低排出化、水素、アンモニアやバイオマス等の低炭素燃料化を図り、炭素回収・再生循環利用・貯留（CCUS）と併せ運用することでこの課題に対処する。限られた我が国の国土でCCUS設備をより多く確保し、貯留負荷の削減を伴った経済的なカーボンニュートラルを実現していく必要がある。蓄熱利用は、そうした火力発電のカーボンニュートラル化のためのCCUS併設や、低炭素燃料転換（水 素・アンモニア）のコスト改善、また、CO2分離回収プロセスや燃料改質プロセスの省エネ・運用効率化に寄与する。
原子力発電の出力調整機能：我が国では既に水力発電、バイオマス発電、地熱発電等の出力調整可能な安定再エネが開発されているが、これらによる発電量は、総発電量の15%程度が限界と考えられている。このため、2050年までのカーボンニュートラルを実現するには、残りの 45%の安定電源をゼロ・エミッション電源である原子力とCCS付き火力を活用していく必要がある。原子力発電は、火力同様慣性力を有し、出力調整能力（負荷追従運転）があり、仏国・カナダ等において既に実施されている。より経済的に変動性再エネを補完するために、負荷追従の際に原子炉出力を低下させずに、発電負荷のみを追従させた際に生ずる余剰の熱エネルギーを蓄熱や水素製造等に利用することが可能である。米国では、負荷追従ではなく、原子炉出力を低下させずに蓄熱するナトリウム冷却高速炉に溶融塩蓄熱を結合したシステムの開発が進められている。このシステムは売電価格の変動に対応して発電する柔軟性・経済合理性に優れ、仏国等の諸外国でも関心が高まっている。我が国においても、蓄電・蓄熱技術の開発と並行して、このような経済性を向上させた熱エネルギーストレージを併用する革新軽水炉や高速炉を開発し、安定電源を構築していくべきである。
（意見２－2）予見性のある適正な市場環境を確立すべき
安定なエネルギー市場の確立：新たな技術に事業者が参入する上で、事業者が適正な市場競争の下で取引ができる安定なエネルギー市場が存在することが必要不可欠となる。民間の投資判断に予見可能性を与えるためにも、国の意思と方針を明確に打ち出し、過渡期にある電力システム改革をしっかりと検証し、安定化させるための制度設計を行うとともに、エネルギーインフラ構築に産業界が参入しやすくするための投資環境を整備すべきである。このためには、発電コストのみならず送配電や系統安定化のコストを適切に分析し、電力システム全体としての収益性を評価する必要がある。競争市場の予見性が低下し、投資の回収性にかかる不確実性が増せば、新規の電源への投資がなされず、単に市場にその経済を委ねるだけでは安定供給が維持できず、ひいては再エネの導入も遅延させる事態に陥りかねないため、変動性再エネが大量に導入される将来のエネルギー市場において、慣性力を有する蓄熱発電などの調整力を担う電源の収益の安定化は重要な課題である。国が適切な将来のビジョンを示し、「GX経済移行債」等を活用した大胆な先行投資支援、カーボンプライシングによるGX投資先行インセンティブ、新たな金融手法の活用などを含む「成長志向型カーボンプライシング構想」により、そのビ ジョンに向けて強力な施策を推進することが必要である。
意見３：産業・民生部門における蓄熱技術の更なる有効活用を図るべき
（意見３－1）蓄熱技術を用いた熱エネルギー利活用を図るべき
熱エネルギー利活用：我が国の最終エネルギー消費の熱エネルギー割合は電力3割程度、運 輸・産業といった非電力（熱）7割程度である。非電力分野での熱エネルギーの利活用は重要
である。2030年時点でCO2を2013年度比46%減にするためには非電力分野の低炭素化が急務である。再エネの変動出力を安価、かつ高効率にエネルギーストレージが可能な技術として、蓄熱を活用したP2H2P（Power-to-Heat-to-Power、電力蓄熱発電）が検討されている。産業界で
は、P2H2Pから電力のみならず直接熱供給が可能である。また、産業間の熱融通を行うセク
ターカップリングによりエンタルピーベースの熱効率はコジェネレーションと同程度とすれば 80％程度は期待でき、産業の低炭素化に貢献可能である。さらに、従来から排熱の熱回収は検討されているが、その利用拡大には熱需給マッチングのため蓄熱システムの導入が必須であ る。以上から、蓄熱技術を用いた熱エネルギー利活用を図るべきである。
蓄熱技術のポテンシャル：蓄熱技術は、他のエネルギーストレージ技術と同じく不安定および安定的なエネルギー源からエネルギー供給を受け、需要に応じたエネルギーを供給することが可能である点であることを前提としたうえで、系統の慣性力維持や産業熱の脱炭素化といった機能を有することが特徴的である。高温かつ不安定な熱源としては、海外で既に実用化されている集光型太陽熱発電CSP（Concentrating Solar Power）に設置される溶融塩蓄熱を代表とする太陽熱、もしくはP2H2PやP2H(Power to Heat)に活用可能な、余剰な変動性再エネ（我が国では主に出力制御がかかっている電源）があげられる。これらの熱源は時間変動があるもの の、蓄熱技術を介すことにより売エネルギ―価格や需要に応じた熱出力を可能とするため、現在主に火力発電が担っている負荷追従運転の一部を担うことも可能となる。また、産業用の高温熱の間接的な電化の手段としても欧州を中心に検討が進んでいる。特に高温高圧蒸気が生成可能であることから、産業で消費される熱媒の形態を変更する必要がないため、蓄熱技術の導入による熱消費側での大きな設備変更なしで脱炭素化が可能なポテンシャルがある。
高効率ヒートポンプの拡大：アナログ的な冷凍空調技術が多いヒートポンプもデジタル技術によって、高度なエネルギーマネジメントによって多様な機器の統合や連携運用が進んでゆく。例えば、情報通信技術により構築されたシステムによって、センシング技術やヒートポンプと蓄熱を組み合わせた技術により、高度再エネ・蓄エネ利用技術が運用され、デマンド・レスポンス（再エネ余剰電力・逼迫対応）の要求に対してタイムリー且つスムースに対応できることなど、一連の統合・連携機能の拡充が重要となる。しかし、個別のデバイスでの性能向上が限界に近づき、そして、ヒートポンプの冷媒には環境規制により地球温暖化係数（GWP）の低い物質が求められる中で、用途に合わせて冷媒を開発・選定し性能向上を図ることも同時に考えておく必要がある。低GWP冷媒は従来冷媒よりも熱力学的性質が劣ることも想定される中で、いかにヒートポンプの性能向上を図るかがポイントとなる。また、低GWP冷媒の中には可燃性や毒性を有するものもあり、冷媒充填量を低減する必要がある。
（意見３－2）次世代エネルギー産業を支援すべき
蓄熱技術を導入した次世代産業：容量に制限がなく、可搬型のエネルギーストレージとして P2G (Power to Gas)/P2C(Power to Chemicals)があり、グリーン水素や合成燃料をはじめとするエネルギーキャリアへの転換は既にグリーンイノベーション基金等で研究開発と実装に向けた支援がなされている。一方、電力、エネルギーキャリア以外の第3の形態として安価な蓄熱技術に対する注目度は低いと言わざるを得ない。蓄熱技術自体は耐熱煉瓦などへの蓄熱による熱風炉やなど、1000℃超の高温の産業用火炉への用途をはじめ、600℃温度域の溶融塩による CSPやセラミック系潜熱蓄熱材、400℃～200℃中低温域の化学蓄熱材など、産業における技術開発と利用は限定的である。原子力としては、高温ガス炉が有望な技術の一つであり、発電のみならず、熱の直接利用と水素製造にも寄与できる。余剰再エネ由来のグリーンサーマルエネルギーの利用範囲を拡大するための蓄熱輸送技術も、次世代の産業と民生とのセクターカップリングにおいて時空を超えて熱を操るためには必要な技術であると言える。",2024-08-02,2024-07-19,2024-07-30
148,060,50代,"日本機械学会動力エネルギーシステム部門「カーボンニュートラルに向けたエネルギー貯蔵技術研究会」は、約60名の専門家で議論し、2050年カーボンニュートラル達成に向けた最適なエネルギーストレージ技術について、提言（意見）をまとめました。「第７次エネルギー基本計画」の議論に参考にしていただければ幸いです。 https://www.jsme.or.jp/pes/uploads/sites/36/2024/02/A-TS08-13_01.pdf
（２／２）
==================================
意見４：2050年以降のカーボン・ネガティブ・エミッションの実現を目指したエネルギーストレージ戦略を構築すべき
（意見4－1）ネガティブ・エミッションを実現するバイオ炭素長期備蓄型循環型社会の構築
2050年以降のカーボン・ネガティブ・エミッション：2018年にIPCC（気候変動に関する政府間パネル）が公表した「1.5℃特別報告書」は、「2050年実質ゼロ」に加えて、それ以降はさらなる吸収（マイナス排出）の必要性を謳っている。2050年以降にカーボン・ネガティブ・エ ミッション社会を実現するためには、2050年以前からこれに備えた取組みを行う必要がある。
ネガティブ・エミッション技術：100～200年後に訪れる無化石資源時代を鑑み、高密度反応固形バイオ燃料による電力向け微粉炭燃料代替のための同等機能発現、鉄鋼産業向け石炭コークスからの脱却のためのバイオ固体燃料溶解炉を開発し、再生可能エネルギーによる持続可能な新しいバイオ炭素循環システムを構築する必要がある。
（意見4－2）持続可能な脱炭素化に向けた核燃料サイクルの早期実用化
高速炉と核燃料サイクルによる究極のエネルギーストレージ：世界の主要国は2050年の脱炭素化に向けて「再エネ＋原子力」を主流にした電源構成とする方針を打ち出している。このた め、21世紀後半には、世界的な軽水炉の利用拡大に伴うウラン価格の高騰が懸念される。ま た、軽水炉でのプルサーマル利用により、今後使用済混合酸化物（MOX）燃料が蓄積されていくことも考慮すれば、2050年以降の持続的な原子力利用のためには、使用済燃料をリサイクル利用し、天然ウラン資源に依存せず、放射性廃棄物の減容等を実現できる高速炉と燃料サイクルを早期に実用化すべきである。そのための技術開発を着実に進めていく必要がある。なお、高速炉と燃料サイクルが実用化すれば、数千年のエネルギーを確保することができ、究極のエネルギーストレージ技術である。",2024-08-02,2024-07-19,2024-07-30
149,060,30代,脱炭素について、今の日本の計画では不十分なので、早急に議論してほしいです。,2024-08-02,2024-07-19,2024-07-30
150,060,40代,"原発ありきで話を進めようとしないでほしい。
経済のことを考えてしまう会社の社長さんとかが参加されているのか、分かりませんが、利益の為に参加されるのはどうかと思います。
多様な参加者でいろんな意見を出せて、議論しあってほしい。若者達や環境系のNPOの職員なども参加させてほしい。
あらかじめ決めた計画を決定事項的に、話し合いはただの儀式やセレモニーのような形なら協議する意味はあるのか？と考えてしまいます。
目の前の事を考えるのでなく、先の世代のことを考えてほしい。七世代先の事を考えて行動してほしい。",2024-08-02,2024-07-19,2024-07-30
151,060,10代以下,気候変動が深刻になってきています。化石燃料や原発を減らしてください。,2024-08-02,2024-07-19,2024-07-30
152,060,40代,"先進国、経済大国の責任として、これから人口が増えるグローバルサウスの国々で生活する 人々、世界、地球全体を考え、早く化石燃料依存から脱却すべき。世界各地で発生している、異常気象=ハリケーンや山火事、ゲリラ豪雨と気候変動との因果関係を全国民が正しく認識しないといけない。正しく認識されれば行動は変わる。改修より、そのアウトリーチへの尽力にももっと資金を投入するの方が効果的だと思う。
企業の本社や工場、店舗、戸建て居住者へのソーラーパネルの設置義務化(値引きやポイント還元で公的支援)
個人新築マンションも発電機能を設置、販売価格に転嫁するが、購入者には初期費用は上がるが10年間程度で元が取れるような設計もアイデアとしてあるのではないかと思う。",2024-08-02,2024-07-19,2024-07-30
153,060,50代,"猛暑と極端な気象現象で命の危険を感じることが年々増えています。
梅雨前線が通過しただけでどこでも洪水が起こる様になってしまいました。
温室効果ガス削減による温暖化抑制と気候変動対策に最も大きな影響があるのが発電です。脱炭素と余剰太陽光発電電力の有効活用は待ったなしです。
昼間の系統へ余剰太陽光電力の受入制限がなくなる様にシステムを刷新すべきですし、蓄電池技術への投資と活用は、自然エネルギーの安定利用を図る上で政策として必須です。
化石燃料や原子力などの過去の遺物や既得権益に縛られることなく、大胆な基本方針の見直しと刷新をおこなって下さい。 (もう暑すぎて限界です。このまま過去の政策を引き摺ると日本は茹でガエルになってしまいます)",2024-08-02,2024-07-19,2024-07-30
154,060,60代,"今年は元旦から能登半島地震があり、敦賀２号機も活断層で不合格になり、原電は倒産させるしかありません。東日本大震災での東電と日本政府による福島第一のためにどれだけの被害が出ていることか。緊急時対応や被ばく対策の検証もされていません。行き場のない使用済み核燃料のできもしない再処理とともに、福島第一とその放射能の海洋投棄や「再生利用」という名のバラまきをやめて、放射能をきちんと管理しましょう。
原発ゼロ。再エネ100%プラス省エネあるのみです。エネルギーも食べものも福祉ケアも市民主体により地域で自給する構造改革が必要です。",2024-08-02,2024-07-19,2024-07-30
155,060,,化石燃料や原発を減らし、地熱発電を普及させてください。まずは省エネに努めるよう促してください。日本は電車やお店の中が寒すぎます。体にも環境にも良くないのでやめていただきたいです。,2024-08-02,2024-07-19,2024-07-30
156,060,40代,原発や化石燃料をやめて、再エネ中心にシフトして行ってほしいです。自分たちの子供たち世代のためにもどうぞよろしくお願いいたします。,2024-08-02,2024-07-19,2024-07-30
157,060,40代,化石燃料、原発は減らして、再エネに力を入れて欲しいです。,2024-08-02,2024-07-19,2024-07-30
158,060,60代,第七次エネルギー基本計画に関連し、脱石炭に積極果敢に取り組むなど、環境問題を根本から解決可能にする気候変動政策への転換を切望します。そのためには、30代、20代はもとより、 10代の声に耳を傾け、若い人の意見に重みづけを行う、そうした議論の場の創設にも期待いたします。引き続きまして今後とも、何卒よろしくお願い申し上げます。 2024年7月27日,2024-08-02,2024-07-19,2024-07-30
159,060,80代以上,"ウランも石炭も輸入に頼っています。太陽光や風や地熱は無料で、無尽蔵です。経済的に考えても自然エネルギーにすべきです。
原子力発電の装置を作るには何十年もかかります。お湯を沸かすだけの設備を作るのに莫大な税金を投入すべきではありません。また、たかだか４０年の使用（むりむり使用しても６０ 年）です。使用後の後始末がまた大変です。福島第１原発の廃炉は１３年たっても全く進んでいません。デブリは１グラムも取り出せていない状態です。冷静に考えてほしいです。施設を作ることで利益を上げ、後はどうなっても構わないではなく、子ども、孫の世代に負担を残さないような施策を考えてください。",2024-08-02,2024-07-19,2024-07-30
160,060,30代,"今の政策のままではパリ協定の目標(世界の気温上昇を産業革命以前の+1.5℃に抑える)に到底間に合わないのでは、と心配です。現在進行形で子どもたちが夏に外で遊ぶことのできないほど暑く、とても厳しい環境です。今すぐにでも石油・石炭発電は廃止するよう働きかけてください。長期的に多くのCO2を排出しつづける化石燃料由来の発電ではなく、再生可能エネル
ギーを推進してください。また、安全な状態になるまでに10万年ともいわれる核のゴミを出し処理方法が今も確立されていない原発も、解決策になりえません。子どもたちの未来の安全を守るエネルギー政策を、どうかお願いします。",2024-08-02,2024-07-19,2024-07-30
161,060,30代,"夏は暑くなりすぎ、子供たちが屋外で遊ぶことも難しくなってきました。これも気候変動の影響です。
再エネの比率をよりあげて、未来の子供たちが安心して過ごせる社会を気づくべきだと思います。",2024-08-02,2024-07-19,2024-07-30
162,060,30代,"次のエネルギー計画に向けて以下を要望します。経産省のワーキンググループの以前の試算は
現実にかかる再エネ関連のコストをかなり除いて試算してたので以下の現実的な計算をすべきです。
（再エネを脱炭素電源と謳う割に天候不順の時に蓄電池に貯めて停電を防ぐということや
パネル関連の交換、処分、同じ土地にリプレイスするコストを再エネに加えるべき試算なのに加えられてなかったため）
そもそも統合コストを火力で調整して再エネのコスト試算してるのもおかしいです。 そもそも統合コストを原発に上乗せしてますがこれも違和感で、再エネと原発を同列に
並べてコスト比較するなら自然変動性再エネには出力変動を抑える蓄電池を加えること、原発は蓄電池なしでもそもそも同じ出力を出せる性質から考えると原発には蓄電池のコストを上乗せする必要はないです。
それぞれ同条件の40年間の発電期間にて想定した各発電方式のkWhあたりのコスト計算
以下に、太陽光発電システム（蓄電池含む）、火力発電、原子力発電、洋上風力発電（蓄電池含む）の40年運用を想定した場合のkWhあたりのコスト計算の前提条件と計算プロセスを詳細に記載します。
次世代原発の小型炉も見据え全ての発電方式を50万キロワット（500,000 kW）で統一し、40年運用を想定した場合のkWhあたりのコスト計算を再度行います。
前提条件共通条件
- 定格出力: 500,000 kW (50万kW)
運用期間: 40年 太陽光発電システム
設備利用率: 17%
- 年間発電量: 500,000 kW × 24時間 × 365日 × 17% = 744,600,000 kWh/年
- 40年間の総発電量: 744,600,000 kWh/年 × 40年 = 29,784,000,000 kWh
パネル交換: 20年目と40年目
パネル交換費用: 初期費用の80%
パネル処分費用: 2万円/kW
パワーコンディショナー交換: 8年ごと
パワーコンディショナー交換費用: 30万円/kW
パワーコンディショナー処分費用: 1万円/kW
- 蓄電池容量: 20,150,000 kWh（1日目40%出力、2日目10%出力）火力発電（IGCC）
設備利用率: 60%
燃料費: 3-6円/kWh
運転維持費: 1-2円/kWh
CO2対策費: 1円/kWh原子力発電
設備利用率: 80%
燃料費: 2円/kWh
運転維持費: 2-4円/kWh
安全対策費: 0.5-1円/kWh
廃炉費用: 0.5-1円/kWh
洋上風力発電
（eez 東京から200kmの位置に設置したと仮定）
設備利用率: メンテナンスなどを除き平均25%と仮定（2日目に10%出力しかしなくても蓄電池で停電を防ぐと仮定場合）
- 年間発電量: 500,000 kW × 24時間 × 365日 × 25% = 1,095,000,000 kWh/年
- 40年間の総発電量: 1,095,000,000 kWh/年 × 40年 = 43,800,000,000 kWh
設備交換: 20年で1回（初期設置含む2回）
蓄電池容量: 108,000,000 kWh（1日目の分の90%出力低下を蓄電池でカバー）計算プロセス
太陽光発電システム
**太陽光パネル**
- 初期費用: 500,000 kW × 200万円/kW = 1兆円
- 20年目交換費用: 1兆円 × 80% = 8,000億円
- 40年目交換費用: 1兆円 × 80% = 8,000億円
- 処分費用（3回）: 500,000 kW × 2万円/kW × 3 = 300億円
- 総コスト: 1兆円 + 8,000億円 + 8,000億円 + 300億円 = 2兆6,300億円
**パワーコンディショナー(PCS)**
- 初期費用: 500,000 kW × 30万円/kW = 1,500億円
- 交換費用（8年ごと、4回）: 1,500億円 × 4 = 6,000億円
- 処分費用（5回）: 500,000 kW × 1万円/kW × 5 = 250億円
- 総コスト: 1,500億円 + 6,000億円 + 250億円 = 7,750億円
**蓄電池**
- 必要容量: 20,150,000 kWh
- 初期費用: 20,150,000 kWh × 15万円/kWh = 3兆225億円
- 交換費用（8年ごと、4回）: 3兆225億円 × 4 = 12兆900億円
- 処分費用（5回）: 20,150,000 kWh × 5万円/kWh × 5 = 5,037.5億円
- 総コスト: 3兆225億円 + 12兆900億円 + 5,037.5億円 = 15兆6,162.5億円
**総合計**
太陽光パネル: 2兆6,300億円
パワーコンディショナー: 7,750億円
- 蓄電池: 15兆6,162.5億円
- 総コスト: 2兆6,300億円 + 7,750億円 + 15兆6,162.5億円 = 19兆212.5億円
**kWhあたりのコスト**
- 19兆212.5億円 ÷ 29,784,000,000 kWh = 638.64円/kWh
火力発電（IGCC）
**コスト計算**
燃料費: 3-6円/kWh
運転維持費: 1-2円/kWh
CO2対策費: 1円/kWh
- 総コスト: (3~6円) + (1~2円) + 1円 = 5-9円/kWh
**実際の発電量（設備利用率60%考慮）**
- 5-9円/kWh ÷ 0.60 = 8.33-15円/kWh
#### 原子力発電
**コスト計算**
燃料費: 2円/kWh
運転維持費: 2-4円/kWh
安全対策費: 0.5-1円/kWh
廃炉費用: 0.5-1円/kWh
- 総コスト: 2円 + (2~4円) + (0.5~1円) + (0.5~1円) = 5-8円/kWh
**実際の発電量（設備利用率80%考慮）**
- 5-8円/kWh ÷ 0.80 = 6.25-10円/kWh
#### 洋上風力発電
**設備費用**
- 初期設置: 500,000 kW × 50万円/kW = 2,500億円
- 交換（1回）: 2,500億円
- 処分費用（2回）: 500,000 kW × 5万円/kW × 2 = 500億円
- 小計: 2,500億円 + 2,500億円 + 500億円 = 5,500億円
**関連部品交換コスト（5年ごと）**
- 1回あたり: 500,000 kW × 5万円/kW = 250億円
- 4回分: 250億円 × 4 = 1,000億円
**メンテナンスコスト（年間）**
- 500,000 kW × 1万円/kW/年 × 40年 = 2,000億円
**人件費・船舶移動費（年間）**
- 100人 × 1,000万円/年 × 40年 = 400億円
- 船舶費: 50億円/年 × 40年 = 2,000億円
- 小計: 2,400億円
**蓄電池コスト**
- 容量: 108,000,000 kWh
- 初期費用: 108,000,000 kWh × 15万円/kWh = 16兆2,000億円
- 交換（8年ごと、4回）: 16兆2,000億円 × 4 = 64兆8,000億円
- 処分費用（5回）: 108,000,000 kWh × 5万円/kWh × 5 = 2兆7,000億円
- 小計: 16兆2,000億円 + 64兆8,000億円 + 2兆7,000億円 = 83兆7,000億円
**総コスト**
設備費用: 5,500億円
関連部品交換コスト: 1,000億円
メンテナンスコスト: 2,000億円
人件費・船舶移動費: 2,400億円
蓄電池コスト: 83兆7,000億円
- 総コスト: 5,500億円 + 1,000億円 + 2,000億円 + 2,400億円 + 83兆7,000億円 = 83兆 7,900億円
**kWhあたりのコスト**
- 83兆7,900億円 ÷ 43,800,000,000 kWh = 1,913.01円/kWh
### 結論
50万kW（500,000 kW）の発電設備で40年運転を想定した場合のkWhあたりのコスト比較：
原子力発電: 6.25-10円/kWh
IGCC: 8.33-15円/kWh
太陽光発電（蓄電池含む）: 638.64円/kWh
洋上風力発電（蓄電池含む）: 1,913.01円/kWh
この結果から、再生可能エネルギー（太陽光・洋上風力）に大容量の蓄電池を組み合わせたシステムは、経済性が極めて悪いことがわかります。主な要因は蓄電池のコストです。特に洋上風力発電は、設備の規模が大きくなることで蓄電池のコストも比例して増大し、結果的にkWhあたりのコストが非常に高くなっています。一方、原子力発電とIGCCは比較的安定したコストを示しています。
よって再エネと蓄電池は莫大な電気代の引き上げを起こすだけでなく特にeezなんかに洋上風力を広がるのは税金の無駄であることは計算から分かるはずです。
今の再エネのコスト試算は火力で出力調整する前提で試算してますが、原発や
火力など安定した出力を出せる電源と同列に並べて比較するなら蓄電池を加えて翌日雨でも耐え抜けるのか前提を置いて試算すべきです。結論から言うと翌日雨になり前日の太陽光発電の出力だけで安定供給は物理的に不可能ですしとてつもないコスト増になります。
再エネには脱炭素電源と主張するならば出力を安定させるため必ず蓄電池の要素を加えてコスト試算をしなおすべきですしいい加減反原発の左派の再エネは原発などより安いというデマに反論してください。
再エネの統合コストの計算を火力が環境に悪いと言いながら火力が出力する前提で試算してるのはおかしいです。蓄電池を上記のように何らかの仮定をおいた場合いくらになるかを試算すべきです。
しかも再エネの導入のために送電網増強費用も数十兆円規模で投資すると言ってるのになぜかその送電網増強費用のコストは再エネ関連のコストから除かれているのも違和感です。
これらを考慮すれば再エネを広げて電気代が安くなることなどあり得ません。電気代の大幅な上昇と停電リスクの増加を引き起こし大きく国益を失います。これをそろそろ国内外に説明すべきです。
特に国連やEU諸国は蓄電池や送電網増強費用を除いて再エネを安いと思い込んでます。これらのデータは必ず第7次エネルギー計画の考慮に反映してください。
結論として言いたいのは、再エネや蓄電池推進は電気代の引き上げ原因となるため早急に立ち止まり再エネ賦課金はメリットがほとんどないため打ち切り電気代を下げること、そして安定供給とコスト抑制のためには原発の再稼働のみならず高効率火力と原発の新設リプレイスを進めるべきです。
あと、igccのCO2抑制や原発の新設コストを
電気代に反映させるという案があるようですが断固反対です。
なぜならば、そんなことで電気代の表示に出てきたら環境左派やメディアが騒いで火力や原発のネガティヴキャンペーンをやるのが目に見えているからです。
よって電気代には表示させるべきではなく
あくまでCO2削減にかかる追加コストや原発の新設、リプレイスコストは環境対策の扱いでGX債を充てて補填すべき内容です。
電気代に反映させる案には反対します。
財務省には、借金ではなく国家の停電を防ぐための投資であり40年運転なら原発も火力も十分投資の元は取れると説明すべきです。
なお、他国に原発やigccの売り込みもすべきで以前イギリスでプロジェクトが失敗したのは初期コストを全部相手国に払わせようとしたからです。
これは外交ミスであり、原発の初期コストを超低利で貸し出し数十年かけて返済させるなど初期コストを抑える提案をすべきでした。
今後はこういう点も政府とも話して海外戦略への売り込みのときの相手国の初期コスト抑制プランを考えないとダメです。
これらをもとに世界各国に再エネや蓄電池ゴリ押しの風潮に反論するような説明してください。",2024-08-02,2024-07-19,2024-07-30
163,060,30代,"日本のハイブリッドや水素エンジン技術は発電分野、船舶、物流用の輸送トラックにも応用できるはずです。
まずは物流分野にはEVではなくハイブリッドを展開する方が現実的です。 ＥＶはバッテリーが肥大化しレアメタルを大量消費するしＦＣＶはモーターが大容量となりレアメタル、レアアースなどを消費するので地政学的リスクを伴いますし販売価格もエンジンやハイブリッド車よりはるかに高くなるのでおそらく物流分野では売れず物流業界はトラックの価格にシビアなのでＥＶやＦＣＶは売れないしモーターでは動力としてパワー不足です。
やはり、１０年以内のスパンではエンジンとの融合で大型車向けのハイブリッド（プラグインではなくあくまでエンジンが充電するタイプ）その先に高温ガス炉の新設やガソリンスタンドでの水素供給など現実的な目処が立った時のために大型トラック向けの水素エンジンも開発できればＣＯ２の大幅な削減と物流分野への大きな貢献ができますし調整力にも水素エンジン発電を導入すれば蓄電池に貯めるよりはよほど効率的にかつCO2削減もできます。 ＥＶやＦＣＶはレアメタルがとれなくなったら一気に自動車が作れなくなるリスクのある車ですし部品点数が減るのでサプライヤーの失業率も上がります。
産業全体へのメリットを考えるとやはり物流分野は今後ディーゼルエンジンにハイブリッドを掛け合わせること、その先は水素エンジンを大型車に展開すべきです。
また、水素エンジン技術は車のみならず発電分野としての火力を補う調整力や船舶もしかすると将来的には列車、飛行機など様々な動力に将来使えるはずです。
こういった他分野への水素エンジンの応用を見据えて政府内や経産省や他分野の産業界とも協議を進め他分野
での水素エンジンの社会ニーズを作り出すことが大切です。
再エネのような不安定な電源由来の水素にこだわっても単価は絶対に下がらないので高温ガス炉のような安定的に水素を国内で作れる電源をいち早く新設しガソリンスタンドに水素設備を増設するのが大切です。
あとは、ポテンシャルのあるホワイト水素の探索や高温ガス炉に使うヘリウムなどを早く確保を始めるべきです。
早く高温ガス炉に予算を注ぎ込み開発を加速させ新設すべきです。
こういったところを都市部、地方部格差なくできてはじめて水素エンジンの社会実装ができますし国家のＣＯ２も減らせます。
日本はエンジン技術と向き合わなければ中国など自国で容易にレアメタルを安価に手に入れられる国とはＥＶなどでは全く勝負ができないのです。
欧州や国連は実に都合のいい人たちですのでＥＶや再エネ由来の不安定な電力基盤の問題、Ｅ Ｖに大量に使われるレアメタルの水質汚濁や環境破壊の問題を国際的にそろそろ
反論すべきでしょう。
再エネやEV、蓄電池だからもてはやされてエンジンや原子力だと批判されるのは私からすると許し難い風潮ですしエンジンや火力発電
、原子力技術への風評被害です。
重要なのはモーターかエンジンかではなくトータルのＣＯ２が減らせてるかどうかでありＥＶは実はハイブリッドと比べてもＣＯ２を減らす効果はないです。
例えば、以下のデータを確認してください。
ドイツの研究チームは、電気自動車の代表格である米テスラのＭｏｄｅｌ３を対象とし、バッテリーの寿命を１０年、走行距離を年間１万５０００ｋｍと想定して、レアメタルの採掘・精錬・製造全体で生じるＣＯ２排出量を推計しその結果は総ＣＯ２排出量は１１トンから１５トン。１ｋｍ当たり７３から９８ｇの排出量で充電電力の製造時に排出されるＣＯ２量も無視できずドイツの充電ステーション等で供給する電力には、火力発電の電力も再エネ電力も混ざっています。このため発電割合に応じたＣＯ２排出量を差し引く必要がありこれらのＣＯ２要因をすべて考慮すると、テスラ Ｍｏｄｅｌ ３のＣＯ２排出量は１ｋｍ当たり１５６から１８
０ｇに増大するようです。
これは日本でも同様で例えば東電管内は太陽光発電が夕方以降発電しないのでこの時間帯に充電すると現在東電管内は原発が動いていないのでほぼ火力発電由来の電力で充電することとなりほとんどＣＯ２削減の意味で無意味ですし国家としてＥＶ充電に
電力が奪われ夕方以降の停電リスクが上がるだけです。
すなわち、テスラのＭｏｄｅｌ３はトータル量で見るとトヨタの２０１５年のプリウスハイブリッドの１ｋｍ当たりの数値よりかなり悪いのがファクトです。
トヨタのハイブリッドなどはバッテリーなど全て含めてなのでやはりＥＶがＣＯ２を減らせるという環境活動家や国連や欧州の主張はそもそも事実に基づいていない主張ですのでこれは経産省のみならず政府、環境省、外務省が理解して早く国連など各国に説明し理解させるべき内容です。
このことからＥＶに補助金をつけるのは環境にもほとんど役立たない税金のただの無駄なので今すぐにその予算を高齢者事故を減らすための自動運転や補助機能搭載車への補助金、高温ガス炉、水素エンジン関連に回すよう政府内にも求めるべきです。",2024-08-02,2024-07-19,2024-07-30
164,060,30代,"自ら意見箱に投稿しておいてこのような意見を書くのもおかしいが、このようなところに投稿する方の素性も分からないのに、ここに寄せられた意見を資源に乏しい日本の今後のエネル ギー政策を決める極めて重要な分科会の参考資料として提出されること自体に若干の不安を感じる。
脱炭素政策や国のエネルギー政策に関して、国民の生の声を聞きたいのであればX(Twitter)で ""脱炭素""と検索をし、国民が脱炭素や地球温暖化についてどのような意見を持っているのか、どのような意見が多いのか、検索した方が参考になると思う。この意見箱だと同一人物や団体が似たような意見を連投していても分からないのでは。
夏になると昔より暑い、このままだと子供の将来が心配だから脱炭素が必要だ、化石燃料はとんでもない等の感情論で日本のエネルギー政策までもが影響されないか、非常に憂慮してい る。
さて、国の脱炭素政策や温暖化に関する方向性は全て、IPCCやG7、IEA等の一部の国のポジ
ショントークに偏った政策の言いなりになっているだけのように思え、国民を巻き込んだ議論がされないまま、2050年ネットゼロが勝手に掲げられ、ここまで来てしまった印象がある。
ヒートアイランド現象は1980年代から2000年代にかけて大きな社会問題になった。実際にシ ミュレーションを行うと、都市化による気温の上昇は、物凄いものがある。それは二酸化炭素の排出とは全く関係がなく、コンクリートからの熱やエアコンからの排熱等である。ところ が、一般市民目線では、夏の異常に感じる暑さは全て地球温暖化のせいとされてしまう。ここで、人為的な地球温暖化の真偽を議論するつもりはないが、気象の問題はかなり複雑であり、 IPCCの気候シミュレーションも相当な仮定に基づいてシミュレーションされている。従って、一般市民が簡単に結論づけて良いものではなく、また法学等の専門家が、地球温暖化を専門分野として名乗って各種審議会に出ていること自体に違和感を感じている。
気象の研究は以前は全くお金にならなかった学問分野だったが、地球温暖化という分野ができてから、多額の研究費が下りるようになった。それは環境学の分野も同様である。
さて、人為的温暖化の真偽はさておき、脱炭素に熱心な欧米の一部の国(欧州は西ヨーロッパのみ)のエネルギー安全保障状況を考えると、シェールオイル・ガスの豊富な米国は既にエネルギー自給率が100%以上になっている。西ヨーロッパは域内を走る送電線により、フランスの原子力、ノルウェーのガス等、エネルギーが融通できる状況にある。西ヨーロッパはロシアのガス問題で一時エネルギー需給が崩れたが、EUの結束が崩れない限りは、大怪我をすることはないであろう。最近欧州で緑の党等の環境左派が選挙で多くの議席を失った為、政策も今後は変化していくかもしれないが、これまではそれらの国によってネットゼロが主導され、日本はその要求を丸呑みしているように思える。
しかし、これが日本の場合はエネルギー安全保障を巡る状況が著しく異なる。資源が乏しく、周囲を海に囲まれている日本はエネルギー自給率も低く、他国から送電線やパイプラインで 持ってくることもできない。太陽光発電もベースロード電源になりえず、風力発電も適地は限定的、地熱も温泉関係者との調整や国立公園の問題でなかなか進まない。かと言って原発をフル活動し、ベースロード電源の多くを占めるようにしてしまうと、仮に東日本大震災のようなことが起こると、また全て原発を止めることになるのだろうか。そうなった場合、LNGの長期契約もなく、リプレースも行ってこなかった老朽化施設を用いて慌てて火力発電を稼働させることはできるのだろうか。地震・火山の多い日本では決して絵空事の話ではないと思う。
原油も仮に中国が台湾に侵攻し、米国が干渉せず、シーレーンとなっているバシー海峡が封鎖されると日本に原油が入って来なくなる。自衛隊の艦船や戦闘機に燃料を補給できなくなって日本が中国に侵攻・占領されたとしても、地球温暖化を防ぐために仕方がなかった、と、脱炭素を叫んでいた人や地球温暖化専門家は言うのだろうか。
日本が排出している二酸化炭素は世界の中でわずか3.2%である。それに比べて中国は32.1%、アメリカは13.6%もある。データセンターの需要が増えるとはいえ、日本の人口は今後減少していく見込みであり、このまま何もしなくても世界の二酸化炭素排出量に比べて、日本の排出量の占める割合は、3%から2%、1%とさらに減っていくのではないだろうか。どうか冷静に考えて頂きたい。
今後を生きる若者のために、脱炭素を進めてくださいとここに書いている方や所謂地球温暖化の専門家は、中国に行って頭を下げてきたり、また2050年代に人口が一番多くなるアフリカ大陸で脱炭素について講義をした方がよほど地球にとって意味がある行為ではないだろうか。
前述の通り、日本と脱炭素を積極的に進めている国はエネルギー安全保障を取り巻く状況が全然違う。喉元を過ぎれば熱さを忘れるで、日本はなぜ太平洋戦争を起こすことになってしまったのか、もう一度思い出す必要があると思う。
エネ庁も貿易収支の変遷を引き合いに出し、外貨を化石燃料輸入で費消という参考資料を作っているが、2008年頃はそんな表現は存在しなかった。グラフを正しく読み取るのであれば、電気産業の弱体化によって電気機器の輸出が減ってしまった上に円安の影響で結果的に昔より貿易収支が悪化しただけであって、化石燃料は以前から同じくらい輸入している。表現の仕方が既にバイアスがかかっていると思う。
過剰に意味のない脱炭素政策を推し進めることなく、日本の他国と違うエネルギー安全保障を取り巻く状況に十分留意し、原油やLNGの調達の分散化と上流新規投資への国の積極的な関与によって、日本の安定的なエネルギー調達を基本とするエネルギー政策にして頂くことを一国民として切に願う。日本国民の為に考えるエネルギー政策と、地球市民として考える脱炭素政策は全く別物である。国のエネルギー政策は""万が一このようなことが起こったら日本にどのような影響が生じるか""を考えて作られるものである。""万が一日本が二酸化炭素排出量を増やして地球全体の平均気温が1.5度上昇してしまったら""を考えて策定されるべきものではない。どうか、エネルギー安全保障を第一にエネルギー政策を考えて頂きたい。",2024-08-02,2024-07-19,2024-07-30
165,060,30代,"いつも暑い中ありがとうございます
この度の災害級の暑さを食い止めるべく政府には真の温暖期対策を願います
原子力発電では建物の設置自体に時間がかかり、SDGsの観点からもウランや被ばく者をうむため、時代にそぐいません
太陽光、蓄電池の開発など
再生可能エネルギー先進国ジャパンの栄光で再び輝けるよう税金をつかってください
これからを生きる人たちが住みやすい日本にしてくださいお願いします",2024-08-02,2024-07-19,2024-07-30
166,060,80代以上,"2011年福島原発事故から11年が経過したが、未だ事故（メルトダウン）の実態が不明、約３万人の避難者の帰還ができていない。汚染水の海上放出も強行され、漁業者との約束が破られました。
原子力は新増設・リプレースや新型炉の開発をやめ、期限を定めて廃止を 能登地震による志賀原発の状況から、あらためて地震・津波・火山の日本列島に原発は不要なことが明 らかになりました。また複合災害によって、避難も屋内退避も不可能な日本の国です。
現在、産業界や電力業界は、原発の新増設・リプレースを主張しており、これまでの大方針である「原発依存度の低減」の削除を求めています。 よって私たちは、原子力について、再稼働、運転延長、新増設・リプレースや新型炉の開発をやめるこ とを求めます。",2024-08-02,2024-07-19,2024-07-30
167,060,70代,"原発の新増設の建設費を電気料金に上乗せする制度について 令和6年7月28日
「原発の新増設の建設費を電気料金に上乗せできるようにする支援制度案が政府内で浮上していることが24日分かった。」と7月24日付マスコミが報道した。
原発の新増設の建設費を電気料金に上乗せする制度には断固として反対である。令和4年12月 26日付で「原発の再稼働と稼働期間延長等を認める原発政策の大転換に反対する意見書を提出した」が残念ながら政府による原発政策の大転換が行われた。
原発の新増設は経済的にも最早成り立たない。「次世代型原発」も技術的・経済的に問題があり実現は困難である。これらのことは企業側も認識していると思われる。故に事業化には消極的にならざるを得ない。
このような状況下、建設費を電気料金に上乗せして回収を図るという政策を強引に進めるのは言語道断である。国民の意向、賛否が大きく割れている「原発問題」において、税金を投入する、利用料金に上乗せする原発政策は、民主主義の原則に反し行ってはならない。
また現在福島原発事故に係る廃炉作業は先が見通せなく、これらの作業にかかる費用は東京電力の電力料金に含まれ、利用者が負担している。更に利用者に負担をかける政策は認められない。",2024-08-02,2024-07-19,2024-07-30
168,060,80代以上,核発電はやめよ。原発はやめよ。再処理工場も有害。無意味です。,2024-08-02,2024-07-19,2024-07-30
169,060,80代以上,核発電をやめよ。,2024-08-02,2024-07-19,2024-07-30
170,060,30代,"GX推進に向けた原子力規制基準の見直しと審査効率化の提言をします。
現在の審査基準は、活断層の直上にあるかどうかだけで判断されることが多く、これは恣意的であり、科学的なリスク評価に基づいていない可能性があります。以下の理由から、審査基準の見直しを提言します。
**総合的なリスク評価の必要性**:
活断層の存在だけでなく、地盤の特性、建物の固有周期、耐震強度、津波対策など、複数の要因を総合的に評価するアプローチが必要です。これにより、より現実的で科学的なリスク評価が可能になります。
**最新の科学的知見と技術の反映**:
原子力工学や地震工学の最新の知見や技術を規制基準に反映させることが重要です。特 に、固有周期の一致性や共振現象のリスクを詳細に評価し、適切な対策を講じることが求められます。
**透明性のある審査プロセス**:
電力会社に対する合格基準の説明を明確にし、透明性のある審査プロセスを確立することが必要です。これにより、規制基準の信頼性と公平性が向上します。
**既存の対策の考慮**:
既に強化されている固有周期への対策や津波対策を審査基準に考慮し、活断層の存在だけで判断するのは避けるべきです。これにより、総合的な安全性評価が可能となります。
**停電リスクと電気代の考慮**:
廃炉にすることによる停電リスクの増加や電気代の値上がりリスクも審査基準として考慮すべきです。これにより、エネルギー供給の安定性と経済的影響を総合的に評価することができます。
**デジタル技術の活用**:
AIやビッグデータを活用したデジタル技術を導入し、人間のバイアスを排除したより客観的な技術で、原発の稼働審査を大幅に効率化すべきです。これにより、審査の精度と効率が向上し、より安全で信頼性の高い運用が可能となります。
**テロ対策の見直し**:
再生可能エネルギー施設は剥き出しであり、相手国から攻撃された場合の停電リスクが
むしろ原発よりはるかに高いにもかかわらず、原発にだけ過度なテロ対策を求めるのは明らかに科学的には不合理です。
原子力規制委員会がテロ対策の特定重大施設（特重施設）に関する基準を策定しその中で5年以内の設置を求める規定を設けましたがそもそもこれらの基準は恣意的で現実社会の電力事情や電気代を無視しており過度にテロリスクを強調しているためより現実的かつ柔軟に運用すべきです。
電力事情や電気代の影響を考慮しながら、テロ対策の期間を柔軟に判断できるよう 法改正すべきです。
少なくとも5年という文言は全く現実社会を踏まえておらず基準から外すべきです。そもそも国家としてテロ対策は防衛政策
として行うべき内容であり相手国のミサイルに対しては原発施設自体ではなく迎撃できるよう防衛面からのアプローチ強化にて防ぐという文言にして規制基準を見直すべきです。
危険な化学品を扱う工場など一つ一つにテロ対策してるのですか？明らかに規制委員会はゼロリスク思考な
規制基準を作り原発を動かさないときの停電リスクや電気代の値上がりなどを過小評価しているあまりにもおかしな審査であり日本の原発の稼働が進まないほとんどの原因は原子力規制委員会が恣意的な審査基準を持ち出しているせいです。
そのくせ電力会社に何を持って合格させるかろくに説明してないのも国民としておかしいと思う点です。
国民としたら原子力規制委員会の関係者に値上がりした電気代を請求したいくらいの気持ちです。
こんな無責任な民主党政権時代の負の遺産のような組織はさっさと改革すべきです。日本学術会議と同じような左派の支持をもとにした利権組織に思えます。
もう政権は変わったわけですからいつまでも民主党政権の負の遺産とも言える原子力規制委員会の組織を野放しにして偉そうに審査させるのは日本はもうやめるべきです。
あの連中が原発を止めて停電したら責任を取るのですか？はっきり言って無責任極まりない組織です。
あの連中が何を勘違いして活断層の上にあるから廃炉にするとか偉そうに決めてるのですか？そのくせ原子力規制委員会の関係者は国民からの税金で給与が賄われており腹立たしい限りです。
**定期的な見直しと更新**:
規制基準は定期的に見直し、最新の科学的知見や技術の進展を反映させることが必要です。これにより、常に最適な安全対策が講じられるようになります。",2024-08-02,2024-07-19,2024-07-30
171,060,40代,"G7の先進国と足並みを揃えて2030年までに石炭火力発電をゼロにして、代わりに太陽光、風 力、水力、地熱などの再生可能エネルギーを大幅に増やし、グリッドを大幅に強化する政策を打ち出していただきますようお願いいたします。私は医師として日々、多くの患者さんを診療しており、熱中症で救急外来を受診され、入院される方々が大幅に増えており、医療を逼迫していることを実感しております。また、石炭火力発電等による化石燃料はPM2.5等の大気汚染物質の排出を通じて世界で800万人以上の早期死亡につながっているとの研究結果がありま
す。(Karn Vohra, Alina Vodonos, Joel Schwartz, Eloise A. Marais, Melissa P. Sulprizio, Loretta J. Mickley,Global mortality from outdoor fine particle pollution generated by fossil fuel combustion: Results from GEOS-Chem,Environmental Research,Volume 195,2021,110754,ISSN 0013-9351,https://doi.org/10.1016/j.envres.2021.110754.)気候変動を抑えるためのみならず、大気汚染による超過死亡を減らすためにも、2030年までの石炭火力発電の廃止を日本政府として目指していただきますようよろしくお願いいたします。",2024-08-02,2024-07-19,2024-07-30
172,060,40代,"電力構成の再エネ割合をもっと増やすような計画にしてください。気候変動へ真剣に対応していくなら、再生可能エネルギーの比率をもっと大幅に高める必要があります。他国や国際的な動きと比較すると、日本の計画は遅れていて改善が必要なことは明確です。日本の石炭火力発電はクリーンと謳っているようですが、それでも再エネと比較すると大量の温室効果ガスを排出していることには変わりないのではないでしょうか。また原発については気候変動の観点で言えば温室効果ガスを排出しない発電方式と言えるかもしれませんが、過去に原発事故を経験している日本としては世界をリードして撤廃を進めていくべき立場であるのにも関わらず、将来の電力構成に含まれていることが疑問でなりません。日本の電力構成を自信を持って「ク リーン」だと言えるようになるためにも、再生可能エネルギーを少なくとも50%以上、更に高みを目指した計画にしてください。
少し前にコスタリカへ行ったのですが、国の電力の90%以上が水力などの自然エネルギーということで、国も国民もとても誇りを持っていました。日本もそのような誇りを持てるようになって欲しいです。",2024-08-02,2024-07-19,2024-07-30
173,060,40代,"エネルギー基本計画の審議会メンバーに、若者や女性を含むようにしてください。
審議会メンバーの一覧を見ましたが、明らかに高齢男性、中年男性が多いです。これは意見や考えの偏りが出ると思います。
男性が多いことは政治全体でも大きな課題になっているかと思います。また年齢が中高齢に 偏っていることも、とても大きな問題です。気候変動に大きな影響を与えるであろうエネル ギー基本計画ですが、この計画は誰よりも将来世代のためであると思います。そんな中で中高齢の方だけで審議するのは本当に理想的な審議と言えるのでしょうか。何のための、誰のための計画でしょうか。
昨今、政党への献金が大きな話題となっていますが、審議会メンバーの選出にもそういったことや企業、団体への癒着が見え隠れしているような気がします。政治的に動かしやすい、利益になりそうなメンバー選出となっていませんか？
本来の日本人の構成比率に倣って、男女比や年齢のばらつきを見直してください。",2024-08-02,2024-07-19,2024-07-30
174,060,40代,"滋賀県の総合診療医です。
この議論を50年後に未来から振り返ったら、その時の人類はあなたたちをどう思うのでしょうか？このままの化石燃料の使用は、確実に50年後のあなたの子供・孫の健康を害します。
大変なのはわかっています。だからみんなで議論をして、地球レベルで動いているのです。化石燃料の使用をもっと減らして、再生可能エネルギーをもっと増やしてください。
歴史に耐えられる決断。50年後に生きている人たちに胸を張って語れるエネルギー政策を決定してください。",2024-08-02,2024-07-19,2024-07-30
175,060,,"原発が「良い」か「悪い」か、当たり前に「悪い」に決まっている。普通に考えたらわかること。思考停止しているのか。
将来世代にゴミを残していいわけがない。",2024-08-02,2024-07-19,2024-07-30
176,060,30代,"2024年6月22日提出の意見に加えて、 (1)ウランに加えてトリウムやプルトニウムも有用な核燃料であることからこれらも保存する。
(2)既に存在する使用済み核燃料は全量再処理する。 (3)経済性が無いため、また事故の危険回避や核燃料保存のため、商業原発から撤退する。 (4)宇宙での使用の準備のため、研究炉は採算が取れなくても維持する。 (5)世界中の原子爆弾を解体し、深宇宙探査のための核燃料に作り替える。 (6)国連あるいは国連的な組織の下に国際協力を進める。 (7)少なくともあと1世紀ほどの時間軸でみたとき、恒星間ラムジェット等の実用化がなされない限り、核燃料の保存を維持する。 (8)2050年に向けた温暖化対策には、可能な限り、太陽や地熱由来のエネルギーに転換することで対応する。 (9)電力に社会インフラを頼りすぎると、フレアや磁気嵐に弱くなるので、藻類石油などの開発も進める。
以上、提言します。参考までに、以下2024年6月22日の意見を付します。
＊＊＊＊＊＊＊＊＊＊＊＊＊＊＊＊＊＊＊＊＊＊＊＊ 2024年6月16日の朝日新聞朝刊1面を読ませてもらいました。原発「増設」認める方針、に反対です。
ウランは原子1個あたり200[MeV]のエネルギーを取り出せる密度の高いエネルギー源です、これは化学エネルギーの約百万倍です。しかし現状ではウランが大量生産されるのは超新星爆発の時だけです、太陽エネルギーから核エネルギーに大量に変換して保存しておくのは現状技術では不可能です。
その貴重なウラン資源を今ここで消費すべきでしょうか？ウラン資源は地球上に500万トン程しか存在していません。
宇宙探査機ボイジャーに原子力電池が使われ、1977年の打ち上げから長期にわたって太陽光の微弱な深宇宙で観測を続けてたことを想起します。エネルギー密度の高いウランはこのような宇宙空間でこそ活躍すべき元素ではないでしょうか？
地上で原子力発電が許されるのは「宇宙での使用の準備のため、研究炉として」だけだと思います。
たとえば1基あたり100万キロワットにもなるような大型商業原発を増設しては、ウラン資源を早く枯渇させるだけだと思います。
将来の宇宙探査のため、または人類の深宇宙への旅立ちのため、今この地上でウラン資源を
「単なる発電のために」浪費するのは止めたほうがいいと思います。
太陽も核融合で光ってますが余命50億年と言われてます。将来世代のためにもウラン資源は保存しておきませんか？",2024-08-02,2024-07-19,2024-07-30
177,060,70代,"以前から、日本の温室効果ガスの排出削減はパリ協定に「オントラック」と聞かされてきました。ところが今朝の日本経済新聞朝刊に、田辺早大教授が「30年度目標に対し（再エネ）導入量が低迷している」と分科会で発言されたとありました。
温室効果ガスの削減と再エネ導入は関係はあるものの、上述は矛盾しないかと思いましたが、念のためサイトで調べました。
自然エネルギー財団のサイトを見て驚きました。まず、他国との比較ですが、まるで他国は新幹線のレールを走り目標にオントラックではない一方、日本は鈍行のレールでオントラックのような話です。加えて、基準年とその後の年で算定方法が違うということです。
英語にGarbage in garbage outという言葉があります。いい加減な情報が入ったら、いくら判断力に優れた委員の方がいても良い判断はできません。
国民の将来を決める大事な議論ですので、正しい、公正な情報に基づいた議論と公表をお願いします。",2024-08-02,2024-07-19,2024-07-30
178,061,30代,"IGCC石炭火力発電所と太陽光発電システムの年間CO2排出量の比較をします。
世間では再生可能エネルギーを増やしたらCO2を減らせると誤解していますが、メガソーラー向けで森林伐採し光合成で吸収できたはずのCO2が吸収できなくなった分などを考慮すると衝撃的な計算結果になりました。
IGCC石炭火力発電所の年間CO2排出量 IGCCの負荷変化率が優れ将来調整力として導入しているLNG火力発電所と同様の使い方になることを考え設備利用率は約50%と仮定します。
発電容量: 1GW (100万キロワット)
CO2排出量: 約0.65kg-CO2/kWh
年間稼働時間: 4,380時間 (50%の設備利用率)計算結果
IGCC石炭火力発電所の年間CO2排出量: 2,847,000トン
太陽光発電システムの年間CO2排出量太陽光パネル製造:
1GWの太陽光パネル製造に伴うCO2排出量: 2,190,000トン
蓄電池製造:
12GWhの蓄電池製造に伴うCO2排出量: 1,800,000トン
レアメタル・レアアースの精錬・加工:
概算で追加のCO2排出量: 150,000トン
パワーコンディショナー (パワコン) の製造:
概算で追加のCO2排出量: 50,000トン
ポリシリコン、インゴット、ウェーハの製造:
概算で追加のCO2排出量: 750,000トン
森林伐採によるCO2吸収能力の喪失:
58km2 (5,800ヘクタール) の森林伐採による年間CO2吸収能力の喪失: 251,140トン
合計年間CO2排出量:
5,191,140 トン
比較結果
IGCC石炭火力発電所の年間CO2排出量: 2,847,000トン
太陽光発電システムの年間CO2排出量: 5,191,140トン
結論として、設備利用率を50%と仮定したIGCC石炭火力発電所の年間CO2排出量 (約2,847,000トン) は、太陽光発電システムの年間CO2排出量 (約5,191,140トン) よりも少ないです。しかもこれは石炭単焼として計算しましたのでもはや石炭火力をやめたりアンモニアを混ぜたりしてコスト増になることをする必要はないのです。
これはまだ世界でほとんど知られていない計算ですので国内外に説明すべき事実です。
太陽光発電システムの製造過程や森林伐採の影響が極めてCO2の面でも大きいことを示しています。
さらに脱炭素という割に再生可能エネルギーにはなぜか蓄電池で調整するコストが除かれているので蓄電池を足して計算します。
前提は4時間のピーク時の発電で翌日悪天候でほとんど発電できない場合に24時間分の電力を蓄電池でカバーするために蓄電池で貯蔵すると仮定します。
太陽光発電 (大規模蓄電池併設) の発電コスト 設備利用率13%で計算
太陽光パネルのコスト:
設置費用: 約28.8万円/kW
- 1GWの設置費用: 28.8万円 x 1,000,000 kW = 2.88兆円
- 年間コスト (20年寿命): 2.88兆円 / 20年 = 1,440億円/年
蓄電池のコスト:
必要な蓄電容量: 1GW x 20時間 = 20GWh (4時間のピーク時の発電で残り24時間分をカバーするため)
蓄電池のコスト: 約5万円/kWh
20GWhの蓄電池コスト: 5万円/kWh x 20,000,000 kWh = 10兆円
年間コスト (10年寿命): 10兆円 / 10年 = 1兆円/年
年間発電量:
- 1,000,000 kW x 1,100時間 (設備利用率13%) = 1.1TWh
総合コスト計算:
- 年間総コスト: 1,440億円 + 1兆円 = 1兆1,440億円
発電コスト: 1兆1,440億円 / 1.1TWh = 約104円/kWh比較結果
IGCC石炭火力発電所の発電コスト: 約12-14円/kWh
太陽光発電 (大規模蓄電池併設) の発電コスト: 約104円/kWh
この結果から大規模な蓄電池システムを併設した太陽光発電の発電コストはIGCC石炭火力発電所の約7-8倍になります。
しかもこれは一日天候不順の前提ですが天候不順が数日続く場合はさらに数倍のコストがかかり、いかに再生可能エネルギーと蓄電池で賄うのが現実的でないかを物語っています。
経産省は以前原発より再生可能エネルギーが安いという蓄電するコストを除いた発信をしたせいで一部のメディアが騒ぎ立て、それ以降野党議員も原発より再生可能エネルギーが安いという誤解を招く主張をするようになりました。
このため次のエネルギー計画までに再生可能エネルギーのような不安定な電源には調整のコストを加えるべきです。火力で調整するのではなくあくまで環境のためと彼らは主張しているわけで蓄電池でピーク時の数時間の出力で翌日天候不順の場合1日貯めるなどと仮定をして蓄電池コストも加えて計算するべきです。
火力や原発は蓄電池なしで出力出せるのであくまで変動性再生可能エネルギーに蓄電池のコストを加えるべきです。
この結果は、再生可能エネルギーはそもそもCO2削減の面ですら意味がないし発電コストも調整力として蓄電池を導入する場合は極めて高いことを物語っており、多くの関係者が理解していない内容です。
これは太陽光パネルがペロブスカイトに変わっても全く同じ傾向であり予算を多額につけても電気代の上昇を引き起こすため再生可能エネルギーへの莫大な予算は今すぐに取りやめるべきです。
再生可能エネルギー推進は今すぐにでも見直して、推進すべきはAI時代に備え安定供給かつ CO2削減ができる原発と高効率火力です。
アンモニア混焼はハーバーボッシュ法のプロセスでCO2が多く出るのであまり推進する意義は乏しく、あくまで高効率火力への置き換えにとどめるべきです。
建設費は国が責任をもってGX債で補填し超低利などで廃炉にするまでに返済すれば良いという形にして事業者リスクを極力減らすことで火力や原発の新設、リプレイスを加速すべきです。そうしないと停電リスクが増します。
あまり地球環境の面で温度上昇を抑えるのにはほとんど無意味に近いしコスト上昇があるので国としてCCSをどうしてもやりたいならそれは環境対策の扱いで事業者に払わせるのではなくあくまでGX債で補填すべきです。
基本的にCCSなどをやるほど発電コストは上がっていくので注意しながらあくまで新設するものなどにとどめてメディアに取り上げさせやっているイメージだけ演出すれば良いです。
まともに既存のものまでCCSをやっても世界の3%しか出していない日本がいくらやっても温暖化は止まりませんし費用対効果が悪すぎます。
意識の高いメディアや環境重視派が異議を唱えてきたら蓄電池のコスト入れたら電気代が上がるので再生可能エネルギーだけ増やしても停電するとそろそろ説明しないとあの人たちはいつまでも難癖をつけ続けます。
また、再生可能エネルギー賦課金はほとんど国益にならないし中国に材料関連で利益が渡っているので早く廃止してください。
電気代で再生可能エネルギー賦課金を取りたいなら意識の高いメディアや国民に電力会社からあなたは再生可能エネルギーに賛成か反対かアンケートを取り賛成する人間からだけ徴収する仕組みに変えてください。
なぜ反対派まで再生可能エネルギーの売買のコストを払わされているのか意味が分かりません。
原発や火力などは減価償却終えたら安いので再生可能エネルギーよりも高いというのは誤りです。
そして上記内容は国連やEUなども不勉強なため国内外に発信すべき内容です。
経産省の会議の議論に一度も提言した内容は出てこないですが本当に国民の意見反映してるのですか?
国民に工数を取らせて意見箱を募集するならこちらはよほど科学的な提言してるつもりですので少しくらい会議の中で取り上げてください。
専門家を名乗る人たちも蓄電池や送電網増強のコストを抜いて再エネが安いだのトータルライフサイクルを考慮せずに再エネは脱炭素電源だから推進などと主張するのはもうやめるべきです。
再エネや蓄電池はレアメタルの大量消費を引き起こし精錬、加工のプロセスでの水質汚濁など環境にもよくないしカスだ高いだけですのでもう推進はやめてください。
再エネをゴリ押ししてる他国は不勉強なだけですのでしっかり上記内容を説明すべきです。",2024-08-30,2024-07-31,2024-08-26
179,061,50代,"地球温暖化を超えて沸騰化を言われる現在。災害も温暖化のせいで被害が大きくなっています。温暖化対策をしなければもっと災害が増える。しかし日本では危機感を感じません。 市役所に行っても寒いぐらいのエアコンです。電車、学校もそう。学校はエアコンをつけ開けっ放し。寒いぐらいのエアコンで子どもが寒いというと上着を着なさいと言われる。
もっと現実の深刻さを伝え、未来のある子ども、これから生まれる子どものためにできることをもっとして欲しいです。
政策を検討している方が６０代以上、背景に現在のエネルギーを変えたくない人達が多いとも聞きました。
化石燃料、原発をやめて、再生可能エネルギーを普及させる。化石、原発のエネルギーを使っている人、企業へは税金を高くする。（再生可能エネルギーを使っている人は逆に下げるな ど）また断熱を強化させる。
海外では税金は高いですが、きちんと節電など環境によいことをしたら返ってくる仕組みがあるようです。日本でも同じように仕組み作りをして欲しいです。",2024-08-30,2024-07-31,2024-08-26
180,061,20代,"再エネを増やすのはもちろん、可能であれば各行政区毎に、地域新電力会社の設立を支援する補助を作るべきだ。
なぜなら、再エネに関わらず、地域の持続可能性を追求するには、地域で動く主体者が必要であり、地域の人が主体となって動き、その利益を、さらに地域の持続可能性に投資することができるようになるからだ。",2024-08-30,2024-07-31,2024-08-26
181,061,50代,"令和6年7月23日公表分 NO：85の追加です。
原子力規制員会は、2024年7月26日、福井県の日本原子力発電敦賀原発2号機の審査会合で、原子炉建屋の直下に活断層がある恐れが否定できないとして、原発の安全対策を定めた新規制基準に適合しないと結論付けました。この判断を歓迎するとともに、約50年前 今年1月の能登半島地震で甚大な被害を受けた石川県珠洲市に地震リスクがないとして原子力発電所の計画が持ち上がりましたが、当時と現在のリスク認識は相当異なっていると言わざるを得ません。すでに再稼働がなされている原子力発電所において、数十年前の過去のリスク評価はあてにならないと、少なくとも福島県と石川県で証明されています。そして、2011年東京電力福島第一原子力発電所事故後、国は2012年の国民的議論を踏まえ「可能な限り原発依存度を低減する」と明確に決めてきました。2011年事故後の当時の論調では、「原発推進」「原発新設」「核燃料サイクルの推進」を声高に言う方はいらっしゃらなかったと認識しています。
しかし、令和6年7月23日に開催された「第58回総合資源エネルギー調査会基本政策分科会」の公開されている議事録を読ませていただきましたが、原発を脱炭素電源と表現し「経済成長のため今後電力需要が増加するから使える原発は再稼働し、新設も検討すべき」と2012年当時とは真逆の意見が多くなっています。 2011年3月11日当時、原子力発電に対しどれだけ多くの国民が不安と恐怖に怯えたか、もう二度とこのような経験はしたくないと思ったことか、たった13年でこのような国民の思いを風化させてしまってよいのでしょうか？経済成長を否定するものではありませんが、2011年の事故の教訓や国民の思いを風化させず、まずは電力需要低減の抜本的対策を次計画に優先し、経済成長と原発依存度を上げるということを完全に切り離して論じるべきです。",2024-08-30,2024-07-31,2024-08-26
182,061,60代,パリ協定がめざす1.5℃に整合したエネルギー基本計画にしてください。そのためには、再生可能エネルギーの比率を高めることが必要です。原子力発電は1.5℃目標には整合していません。,2024-08-30,2024-07-31,2024-08-26
183,061,50代,"1.5度目標に整合したエネルギー基本計画にしてください。
世界の平均気温 “産業革命前より1.5度以上高くなる確率80％”と2024年6月6日 にNHKが報じています。（WMO＝世界気象機関の発表） WMOは、「気温の上昇を抑えるため各国が目指す道筋から大きく外れているとして、警鐘を鳴らしています」
本気の気候対策してください。
省エネ（建築物の断熱性能を高める）、再エネ（屋根置き太陽光や、洋上風力）を思い切って増やす（例：屋根置き太陽光は標準設置など）施策をいれてください。",2024-08-30,2024-07-31,2024-08-26
184,061,,"委員長および数名の委員の交代があったものの、その構成はこれまでと変わらず、化石燃料や原子力、産業界につながりのある委員が多数を占めており、市民や環境NGO、若い世代の参加はない。これに先立つ13日の夕方、第11回GX実行会議が開かれた。その中で示された「今後の進め方（案）」では、エネルギー基本計画の議論と並行してGXリーダーズパネル（仮称）を開催、「GX2040ビジョン」を作っていくとされている。GX実行会議やリーダーズパネルにも、市民や環境NGO等の参加はない。既得権益を守ろうとする一部の人たちによる閉ざされた議論のみで、市民参加も国民的議論もないまま、原子力や化石燃料技術の維持・推進が強化されることを強く危惧し、抗議する。
東電福島第一原発事故以降、日本でも世界でもエネルギーをめぐる情勢は大きく変化している。原子力については、事故の被害やリスク、放射能汚染や解決不可能な核廃棄物の処分の問題などが山積している。経済的にみても、原発の維持費や建設費は高騰し続けており、今や世界的にも最も高い電源となっている。また、2024年1月1日に発生した能登半島地震は、地震国日本における原発の危険性を改めて私たちにつきつけた。
第七次エネルギー基本計画に向けた議論では、電力業界や産業界などが、原子力の新増設・リプレースを書き込むことを強く要請しているが、原子力のかかえる様々な問題を考えればこれはまったく現実的ではない。「原子力依存度の可能な限りの低減」という従来の方針を覆すことは許されない。
エネルギー基本計画の議論ー市民参加の欠如、原子力・化石燃料推進に抗議
近年の気温上昇と激甚化する気候災害により、日本でも世界でも深刻な被害と損害が生じている。気候危機はすでに現実のものとなっている。化石燃料からの脱却が急がれる中、日本は石炭火力発電さえも利用し続けようとしており、こうした姿勢は国際社会で強い批判にさらされている。
気候危機の被害を少しでも抑えるためには、2030年までの取り組みが鍵をにぎる。それにもかかわらず、審議会では2030年には到底間に合わない原子力の新増設・リプレースや脱炭素技術を中心に議論している。
気候危機に対処するためには、社会の構造を抜本的に変えることが必要だ。従来の既得権益にとらわれた産業界や電力業界、高年齢、男性に偏った審議会では、改革は見込めない。多様な市民や環境NGO、若い世代などの参加のもとに、真の気候危機対策のための議論を早急に始めるべきだ。",2024-08-30,2024-07-31,2024-08-26
185,061,40代,"50～70代の委員の皆さまが元気に暮らせているうちはこの暑さもなんとかやり過ごせるかもしれませんが、このまま石炭火力発電所を稼働させ続ければ皆さまの可愛いお孫さん達は地獄の様な世界に生きることになります。
1.5℃以内に何とか気温上昇を抑え、お孫さんたちが過ごしやすい未来を作ってください。",2024-08-30,2024-07-31,2024-08-26
186,061,60代,"次世代型バイオマス固形燃料であるブラックペレット（以下BPと称す）と通称されるバイオマスを加熱して半炭化したペレット状の固形燃料を、石炭の有効な脱炭素化燃料と考える石炭ユーザーを中心として設立されたBP研究会を代表して投稿させていただきます。当研究会は 2022年2月に設立された研究会であり、会員各社の総石炭消費量は我が国の一般炭消費の約半分を占める規模となっています。既に10回の全体会議を行い、BPによる石炭の燃料転換の事例やその取り扱いにつき検討を重ねてまいりました。昨年3月には研究会有志でBP利用についての提言書を政府関係機関に提出させていただきました。
BPは石炭火力発電設備を始めとすると既設の石炭利用設備において、石炭との低比率での混焼では改造なく、高混焼比率や専焼時には軽微な改造で利用可能な脱炭素燃料であり、既に、国内外の企業によるデモ機でのテスト生産品が国内の30近い商業運転中の石炭火力や石炭燃焼炉でトライアルされており、短期間ながら石炭専焼時と同様のパフォーマンスを得られることが実証されています。
今後は長期試験や混焼比率を上げた試験、更には専焼化の試験に移行する必要があり、各社ともその意向がありますが、民間だけの資金では十分な供給力を確保できず実行が滞っている状況にあります。
BPは、水素やアンモニアとは異なり、既存の石炭インフラを活用できるという大きな利点もあり、その生産能力を整備することで、既存インフラを活用したデリバリーが可能で、既設石炭火力発電所だけでなく、産業用石炭ボイラなどの産業用熱源を比較的短期間でカーボニュートラル化できるという大きなメリットがあることから、我が国のNDC達成の切り札とも言える次世代バイオマス固形燃料であると我々は考えています。
来年からの長期脱炭素電源オークションでは、発電事業用の既設石炭火力の脱炭素化に対し、供給側の設備投資も含めて固定費回収を支援する制度を設ける方向で検討いただいており、それを実現いただければ、供給側の設備投資の回収の予見性も高まり、BPのサプライ チェーン整備が加速するものと捉えさせていただいています。
当研究会の有志では、BPによる石炭火力の脱炭素化がより進むよう、バイオマス燃料を活用した本制度の参加要件緩和をお願いする嘆願書を所管部門に提出させていただいていますのでご一読いただければ幸いです。
【嘆願書での要望事項】
・長期脱炭素電源オークションの最低容量制限を100MWから50MWへの低減。
・オークションでの事業期間20年を7年から10年に短縮できる選択肢か、7年から10年後に事業継続の判断ができる選択肢の提供。
・水素、アンモニア同様、高効率の大型石炭火力の脱炭素化に限り、20％混焼からの脱炭素化か、既存制度の中での段階的な専焼化プロセスの容認。また、アンモニア混焼火力の完全脱炭素化のロードマップの中で、次世代バイオマス固形燃料であるＢＰを活用した段階的な100％脱炭素化についても、本制度を活用できるような制度設計。
尚、BPは、石炭自家発電設備や石炭ボイラ、石炭燃焼炉などの産業用熱源の脱炭素化にも有効ですので、現在検討されているエネルギー基本政策において、水素やアンモニア同様、石炭の脱炭素化を実現する有望な脱炭素燃料として整理し、位置付けていただき、基本政策のなかでその利用を推奨いただくとともに、供給力の整備や利用面でのご支援をいただければ幸いです。
日本政府が、ＢＰを石炭の脱炭素化に有効な次世代型バイオマス燃料であると位置づけていただくことにより、国内外のサプライヤーによるサプライチェーン整備が進んでいくことが期待できます。
化石燃料のフェードアウトには多くの選択肢が必要であり、一つに絞ることなくあらゆる可能性を追求しそれらの総合力で達成していく必要があると我々は考えています。 BPには、従来型の木質ペレットにはない以下のような特徴があり、石炭との混合利用や発電所の複数ある石炭粉砕ミルの一台ずつの段階的な専焼転換など、軽微な改造で簡便に石炭からの燃料転換が実施できることから、アンモニア混焼を始める既設石炭火力の完全脱炭素化の早期化や転換コストの低減の面でも貢献可能な次世代型バイオマス燃料と言えます。
BPは、既設石炭利用設備で最小限の改造で短期間に石炭を代替できるというメリットの他に、
バイオマス発電所における発火の原因となっている発酵による発熱が極めて低く、粉塵爆発の原因となるダストの発生を散水により防止でき、安全性に優れる。
農林業残渣など未利用の多様なバイオマスを利用した大量供給が期待でき持続可能性にも優れる。
既設石炭ヤード活用による大量・長期貯蔵が可能。
今後の製造設備の高度化と省エネ化を通じたコスト低減とライフサイクルGHG低減の余地が大きい
など、S+3Eに優れた特長があり、水素、アンモニアや従来型のバイオマス燃料を補完しうる新燃料になりうると考えていますので、政府のご支援を是非お願いしたい。
以上",2024-08-30,2024-07-31,2024-08-26
187,061,40代,"日本は地震が多い国なので、原発の電源に頼るのはやめるべきと考えています。その理由は3つ。
①原発事故によって被災(被ばく)した地域はその後半永久的に生産性を失う。
②地震に起因したリスクは、揺れによる直接的な被害、津波、地面の「沈降」や「隆起」は、人が行える対策では防げない。
③人が作るもので40年経っても劣化を起こさないものはない。線量が高い場所の修繕が行えない以上、長期で稼働させることは無責任な行為でしかない。
原発の再稼働に国の予算を使うよりも、再エネに使うべき。エネルギー自給率をあげることは国内でお金が回ることになるので、再エネ発電の部品などを製造できる工場を国内につくり、国内で完結できる仕組みをつくることが日本を豊かにすると考えます。",2024-08-30,2024-07-31,2024-08-26
188,061,40代,"IEAが示す電力需要増と日本の将来人口から見て燃料の輸入依存からの脱却は必至だが、とはいえ原子力の積極活用を軸とした基本計画には無理があるし不安。再エネ開発のポテンシャルは高いし、蓄電池も量産してるし、大規模災害による停電リスク軽減のためにも分散型エネルギーの推進に舵をとるべき。
核燃料サイクル政策＝軽水/高速炉で課題山積。使用済み燃料の最終処分地選定も極めて困難だし、もんじゅの反省と検証は不十分で徹底した改革が何かも見えてこない。軽水炉でさえ MOX燃料加工とプルサーマルの両立は無理に等しくプルトニウム・バランス確保のために巨額な拠出金を出すのもやめてほしい。",2024-08-30,2024-07-31,2024-08-26
189,061,,"科学に基づく国際的な合意に従い、90%以上の排出削減対策がとれていない石炭火力は廃止の方向を明示してください。
ガス火力の新設は不要、既存のガス火力で対応可能との調査もでています。
連日の猛暑や先日の山形県や秋田県での豪雨被害は気候変動によるものであることが明らかです。
これ以上火力を延命させることは致命的な行為であることを認識するべきです。",2024-08-30,2024-07-31,2024-08-26
190,061,40代,"0.関与する体制側（特に の役人）の覚悟について
2年で人事異動する役人が2035年だとか2050年の計画を立てるのが片腹痛い。立てた計画には結果責任を持たせる仕組みを導入せよ。
大体、去年の放射能汚染水海洋ぶちまけで一躍ダークヒーローとなった木野正登参事官位しか連続して福島の原発被災地に常駐する気が無い人間がいる役所に、期待できることは無い。木野参事官も昨年の放射能汚染水説明会で東京湾に流してみろと言う福島県民意見に’放射性廃棄物だから流せない’と回答するなど色んな意味で大物だが。
１．プロセスの問題
時代遅れの原子力（ETF:NLRの値動きとか東証に上場したURA(224A)の出来高知っているよね？）を進めたい下心がミエミエである。
それならば審議会検討メンバーに、原発事故の被害者である福島県民（≠
）や能登地震から原発震災を救ったと言われる
を入れるべき。間違っても、
など入れたら信
頼性ゼロになる。",2024-08-30,2024-07-31,2024-08-26
191,061,50代,"【地産】で得られたエネルギー資源を利用して、【地消】を推進することで、二酸化炭素排出量を削減するだけでなく、近年の円の為替価格の下落やウクライナ危機に端を発する世界的なエネルギー資源の囲い込みと価格高騰による地政学的リスクを回避することが可能になる。 そのための、【純粋な国産エネルギー】の定義と【地産地消の条件】について、一般市民レベルでの議論を進め、国内外でのコンセンサスを得ることが必要不可欠である。
私はそれに関して大きく２つ提言を申し上げる。
提言１：国産バイオマスの条件（五箇条）
１：輸送距離と手段を総合評価する地産地消指数を設け、国産であることを比較評価する
２：燃やすのは最後（３R：リデュース・リユース・リサイクル：優先）
３：炭素負債をつくらない（利用と同時に相殺策を必ず行う）
４：それぞれの相（ガス・液体・固体）による適性を合わせる
５：化石燃料と混ぜる場合は国産扱いから除外する
提言２：地産地消電力評価法の提唱
１：低炭素かつ電力の地産地消を推奨するための比較指標を設け、評価する
２：１０万KWHの電力を○○キロメートルの送電線を経由して消費地に送る際の比較評価式を定義する
３：別出（提言１）の「地産地消距離」内にて調達した一次エネルギー原材料で賄うこと
４：域外から原材料調達されたものは、たとえそれが地産地消距離内で加工（精錬、または精製）されていても評価対象から除外する（評価しない）
以上（詳細はNPO法人農都会議へ提出済）",2024-08-30,2024-07-31,2024-08-26
192,061,80代以上,"日本のエネルギー政策は根本から間違っていると思う。何故なら、核燃料サイクル（破綻している）が基本になっているからです。
地震国日本では原発は危険であるし経済的にも成り立ちません。
もう、きっぱりと原発とサヨナラして再生可能エネルギーで頑張ってください。",2024-08-30,2024-07-31,2024-08-26
193,061,50代,原子力政策の見直しを要求します。世界的に情勢が不安定になる中、悪意を持って原子力発電所を攻撃することに対して対策が不十分です。非財務情報開示（Scope2.3）での温室効果ガス削減欲求は高まっていますが、地元の説得には時間を要し、稼働してもすぐに点検で運用がストップされる状況は、電力需要家からもわかっており、PPA化がますます進んでいきます。先に行くほどに需要は乏しくなるなかで、現在の政策が妥当だと思えません。,2024-08-30,2024-07-31,2024-08-26
194,061,60代,正月に襲った能登地震でいかに原発政策が自然にそぐわないかが一層はっきりしたと思いま す。地震は起きないという計画通りにあそこに原発が建っていたなら、今頃どんなことになっていたのか、福島原発の経験から十分理解できるであろうに、原発から撤退どころか、新増設を言い出すなど狂気の沙汰としか言いようがありません。さらにその財源を国民の電気料金に上乗せしようなんて、どこをみて政治をやっているのでしょう？ 国民の怒りが感じられませんか？,2024-08-30,2024-07-31,2024-08-26
195,061,,"以下につきまして提言いたします。 202407に再拝送したものに、
＜提言６＞の項目に、
・水力発電発電用量拡大：既存ダム嵩上げになど（山地が多く、降水量が豊富な日本に適した電源と思料）
を追加、
＜提言4>に、
米国共和党政策要綱：2024 Republican Party Platform | The American Presidency Project (ucsb.edu)
を追加、
＜提言１０＞、＜提言11>を追加したものです。
エネルギー政策のご参考になりましたら幸甚です。
注）以下、変動再エネとは、再生可能エネルギーのうち、太陽光発電、風力発電など、自然環境によって発電量が短時間で大きく変動するものを表します。
1．基本的な認識 ‘①脱炭素化により日本の産業国際競争力を強化し、日本輸出産品による収益を増やす。
そして、その収益を国内に還流し国内投資増や賃金増等を行い日本の産業振興および経済成長実現するのがGX国家戦略。 GX国家戦略に資するエネルギー政策として第７次エネルギー基本計画を策定する基本方針と認識。 ‘②経済合理性によって普及し長い年月を掛け最適化されてきた化石燃料に由来する社会構造からの脱却を意味する脱炭素化は、 2050年までの中期的期間では、省エネ以外は基本的に大きなコストアップに繋がるのは不可 避。
‘③国際社会がG7主体の西側先進諸国とBRICSを中核としたGlobal south諸国の2極分化体制、もしくは、多極化に移行し、
急速に分化進行中。
経済成長、保有資源量、増加率含めた人口などの点からGlobal south諸国の国際社会における発言力が中長期的に高まる可能性が高いと考えられる。 ‘④エネルギー政策における優先順位（価値感）は、G7主体の西側先進諸国が脱炭素化優先
（価格＋脱炭素価値共有）であるのに対し、
Global south諸国は安価エネルギーによる経済成長・貧困撲滅最優先（価格最優先）と考えられる。
昨年COP28の議論でも明白なように、G7を中心とした西側諸国の提案である化石燃料の段階的廃止は、Global south諸国によって、極めて曖昧な合意文書として実質的に骨抜きにされており、loss & damage補償に加え後進国の脱炭素用資金として
年5兆USDの基金拠出を日本含めた先進諸国に要求されていることからも、Global South諸国の考えは明白と思われる。
‘⑤日本産業界の主要輸出マーケットは、Global South諸国の比率が今後増大すると思われる。
‘⑥上記①～⑤より、今後の日本の輸出先のメインとなると思われるGlobal south諸国マーケットに於ける最も重要な因子である
コストに関し、脱炭素化は電力・エネルギー価格アップを通じて日本製品のコストアップという悪影響を及ぼす懸念がある。
この悪影響を排除する為には、脱炭素化によるコスト増分を価格転嫁しつつ脱炭素価値を同じくする国際ルール導入が必須。
これが、GX国家戦略実現のための必須条件である。 ‘⑦国際規格標準化
“技術で勝ち、ビジネスでも勝つ”の実現がGX国家戦略実現のための極めて重要な条件。その為には、日本の先端技術を磨き、国際市場で有利に普及させる為の国際規格標準化を日本が主導することが必須。
日本の限定された官民リソースを最大限に有効活用し、技術開発やインフラ検討・設計・建設を進める為には、限定される民間リソースの分散を回避する、選択と集中が重要。中国、韓国、EUなど競合国・地域は、日本以上に選択と集中をして活動を展開。 ‘⑦現在エネルギー自給率12%前後と極めて低く、これを向上させることがエネルギー安全保障強化の最終目的であり、
エネルギー政策も将来的に日本のエネルギー自給率を上げる観点が必要不可欠。
2.提言
＜提言１＞
脱炭素に関する国際社会に動向により、第７次エネルギー基本計画に於ける、エネルギーコストと脱炭素レベルの最適点は変り得ることから、今までの国内外の実績も含めコストに関する精査を確実に実施すべき。
第７次エネルギー基本計画は、脱炭素化効果と経済合理性（エネルギーコストアップ）の双方を勘案し、
・欧州などの変動再エネ主力電源化実施国の実績精査
・日本の国土事情の考慮や科学的な原理原則を踏まえた議論を経て方針を決定すべき。
また、国民生活への影響も大きいことから、各施策によるコスト影響も提示すべき。
尚、コスト影響精査においては、
現在エネルギー自給率12%前後と極めて低く、
偏西風域から外れており平地面積が少なく国土的に変動再エネに不利な日本における脱炭素化コストは、
変動再エネに有利な国や、自国産エネルギーがある国より高くならざるを得ない点も考慮すべき。
（変動再エネ建設コスト差、発電量差、調整電源である火力発電の燃料コスト差など）
また、変動再エネは、導入比率が高まる程、系統・需給調整コストが大きく増加し、電力供給システム全体のコストアップを招くのはドイツ、デンマークなどの実態を見れば明らか。ま た、変動再エネの共食い効果顕在化による収益悪化、自己存続困難（老朽更新には補助金必 須）という問題も、精査すべき。
さらに、変動再エネ導入時に不可欠となる調整電源については、蓄電池と火力発電等とのコスト比較を十分に行うべき。蓄電池の将来性については、科学的原理原則に基づいたエネルギー密度（蓄電池の物理的限界）も考慮すべき。
＜提言2＞
変動の極めて少ない高品質な電力が求められるデータセンターや半導体工場増加も考慮した最適電源構成の在り方の視点も重要であり、各種電源のベースロード電源、調整電源としての特性を科学的に踏まえた議論を行い、第７次エネルギー基本計画に反映すべき。
＜提言3＞ GX国家戦略実現の必須条件である。脱炭素価値を共有化する国際ルール導入に対する国の明確かつ具体的な方針提示をすべき。
企業の投資予見性など考慮し、方針は具体的な時間軸を明確にしたアクションプランとして提示されるべき。
上記の国の対応が不十分な場合、投資予見性が確保できず民間投資は進まない恐れが高いと思料いたします。
なお、当該アクションプランの進捗状況や国際社会の脱炭素に関する動向に応じ、臨機応変に日本の国益に最適な政策決定すべき。
＜提言4＞
第７次エネルギー基本計画は複数シナリオを議論すべき。 1)2050年カーボンニュートラルという従来の方針に基づくシナリオに加え、
経済合理性を重視した“時間を掛けて進める現実的な脱炭素化方針”に基ずくシナリオ、
地政学的リスク等によるエネルギー安全保障最優先方針に基づくシナリオ、等も検討すべき。
尚、1)はGX国家戦略との整合性が確保できないと思われること、3)は有事想定の状況となることから、
第７次エネルギー基本計画では、現実的である2)のシナリオに限定して詳細検討するのが良いと思われる。
欧州は、6月のEU議会選挙結果を踏まえ、変動再エネ至上主義や短期間での急進的な脱炭素化から、経済合理性を重視した時間を掛けて進める現実的な脱炭素化に方向修正をする可能性が高いと思われます。
加えて、米国も、共和党政権となれば、化石燃料をクリーン活用しながら、経済合理性を重視した時間を掛けて進める現実的な脱炭素化に向かうと推定されます。
米国共和党政策要綱：2024 Republican Party Platform | The American Presidency Project (ucsb.edu)
<提言5＞ GX国家戦略に資するエネルギーの大変革は、極めた多岐に亘る一方、国内リソースは有限である。一方で、競合するEUや中国、韓国などは国の強い主導のもと、選択と集中によりリソース分散を抑えながら戦略的かつ効率的に活動している。
従って、競合諸国・地域と対抗しGX国家戦略を実現させるには、国が主導して現状以上に選択と集中を行うべき。
例えば、
現状ではコストアップの極めて大きな対策は、小規模pilot plantの限定案件前提とする。 現状コストレベルで推進すべき対策における拠点決定は、Feasible studyの様な実務負荷が掛かる前段階で、国が全体を俯瞰して一次スクリーニングを行い候補地を限定することが重要。
尚、水素キャリア関連、CCU関連は貯蔵タンク設置が不可欠となるが、双方とも2030年稼働開始が政府支援の条件になっている。その為、全ての各種貯蔵タンクの検討は、限定された数社で行うことになると推定。タンク建造も数社に限定されると思われ、現状以上に選択と集中を行わない限り、現実的に実行困難となる懸念がある。
＜提言6＞
最後に、脱炭素化は、化石燃料を基礎とした社会構造の大変革であり、税金含む巨額投資が不可欠。
一方、現在の日本のエネルギー自給率は12%前後と極めて低く脆弱であり、エネルギー政策の大きな課題と思料。
従いまして、脱炭素化施策は、最終的に日本のエネルギー自給率アップに繋がるものにすべきであり、それに向けた将来構想を踏まえたエネルギー基本計画で在るべき。第７次エネルギー基本計画でもこの点を議論のうえ、日本のエネルギー自給率向上の方向性とエネルギー基本計画各施策の関係性等を明記すべき。
視点としましては、下記などがあると思料。
・原発活用拡大および革新炉導入、海水ウラン抽出、核融合炉
・日本排他的経済水域における海底資源開発
・水力発電発電用量拡大：既存ダム嵩上げになど（山地が多く、降水量が豊富な日本に適した電源と思料）
・水＋空気による水素、アンモニア、メタン、液体燃料等のエネルギー国内安価製造（炭素循環を含む）
・変動再生可能エネルギー（太陽光、風力）
系統に繋ぐ場合は経済合理性がある範囲内（現状では全発電量構成の1割程度？など）
＊電源特性上、大規模電力インフラへの接続では無く、離島など小範囲での地産地消が適しているのではないかと思料。
系統には繋がずPtGにて水素・アンモニア国内安価製造
＜提言７＞
エネルギー自給率約12%の日本のエネルギーコストは、為替を大きく受けることから、為替影響を受けにくい構成にすることに加え、
円安対策も重要であり、金利設定などの金融政策との連携も必要。
<提言8> GX国家戦略実現には、国際規則・標準化を日本主導で進める事が不可欠。それができない場合は、いわゆる“技術で勝って商売で負ける”こととなる。GX国家戦略の実現には“技術で勝って商売にも勝つ”ことが必要不可欠。
国際規則・標準化には、外交交渉などで極めて高い国際交渉力を有する外務省も含めた挙国一致体制が不可欠と思われる。
＜提言９＞
昨年G7環境エネルギー大臣会合での合意内容も踏まえた日本のNDC実現は、現実的に考えると GX国家戦略と両立困難であるのは明白。
一方、世界全体の3%のＣＯ２排出量しかない日本にとっての世界の気候変動対策に於ける貢献は、大きなＣＯ２排出量を占め、今後その比率増大が予想されるGlobal south諸国に対し、蓋然性のある日本の脱炭素化先進技術をインフラ輸出し、世界全体の脱炭素化に寄与する動きを重視すべき。例えば、国内での削減だけでなく他国の削減への寄与分も考慮する考え方を国際ルールに取り入れることを検討すべき。日本が輸入するblue燃料生産国の反感緩和にも繋がると思料。
＜提言10>
日本のエネルギー安価安定供給およびエネルギー安全補償の強化と脱炭素化の両立には原子力エネルギーの安全な活用は必要不可欠。
一方で、現在の原子力規制委員会の動きは、安全のみ追求し、リスクの発生確率を考慮した安全と社会便益のバランスの概念が完全に欠如しており、極めて奇異な動きと思料。
日本の国益に資する適正な対応を行うため、下記改革を行うべき。
・行動原則に、米国の同様組織の行動指針に明記されている効率性の原則（費用便益の考え方）を追加し、徹底
・原子力規制委員会が行政機関として当然有するべき規制の効率性や一貫性等について国会などでチェックを受ける体制整備
・原子力規制委員会による規制の判断根拠の明示や明文化
・積極的な外部知見導入（含：米国での廃棄物保管方法）と電力含む関係者とのコミュニケーション
・国民や立地住民とのコミュニケーション徹底(米国は NR 原子力規制委員会も積極関与）
＜提言11>
エネルギー政策は、原子力発電所や水力発電所など建設に膨大な投資と長い期間を要することなどから、企業判断では判断、実行が困難と推定されることから、国が全面的に立ち、方針明示、経営として許容できる各種支援（含：事故発生時の国の責任）明示、を行い実行推進すべき。
第７次エネルギー基本計画についても、既に8月となり、今後の議論が発散しないよう、国が方向性を明示すべき。特に、原子力発電、ガスおよび石炭火力発電の位置付け、欧米など変動再エネを主力化した国や地域の実態および日本国土事情を踏まえた変動再エネの位置付け、将来のエネルギー自給率向上の視点などを明示すべき。",2024-08-30,2024-07-31,2024-08-26
196,061,40代,"暑中お見舞い申し上げます。
日々のご尽力、誠にありがとうございます。連日の猛暑に加え、エネルギー基本計画の審議が続く中、大変ご苦労さまでございます。
さて、今年の夏もまた、例年以上に暑さが厳しく感じられますが、この暑さが、地球温暖化の一端を物語っていることは皆様もご存じのことと存じます。この際、冷たい風を呼び込むように、日本のエネルギー政策にも「涼風」を吹き込んではいかがでしょうか。
石炭火力発電は確かに長年、日本のエネルギー供給を支えてきましたが、その代償として、我々の地球も少々「暑苦しく」なってきたようです。そろそろ、再生可能エネルギーという
「爽やかな一服」を取り入れる時期ではないでしょうか。
太陽光や風力発電の普及は、まるでアイスクリームのように、涼しさと爽快感をもたらすことでしょう。皆様の賢明なご判断で、未来の日本がクリーンで涼やかなエネルギーに満ちることを心より願っております。
どうぞ、健康にご留意いただき、暑さに負けずお過ごしください。",2024-08-30,2024-07-31,2024-08-26
197,061,30代,"敦賀原発2号機に関する問題は、以下の点でどう見ても不公平であり、法治国家としても問題があります。
1. **遡及的な基準の適用**：
- 原発が建設された1980年代には、現在のような厳格な活断層評価基準は存在していませんでした。そのため、後から導入された基準により再稼働が認められないのは不公平な印象です。
2. **安全対策の強化**：
- 水密扉や非常用電源など、福島第一原発事故後に導入された多くの安全対策が強化されています。これらの対策が十分に評価されず、活断層の存在だけで再稼働が認められないのは国家として大変な問題です。
3. **震度7での事故を防げた実績**：
- 日本の最大震度である震度7クラスの地震でも、女川原発などは事故を防げた実績があります。この実績を踏まえれば、活断層の上にあるかどうかだけで再稼働を判断するのは工学的にも不合理です。
4. **エネルギー安全保障とGX推進への影響**：
- 原発の再稼働が認められないことで、電力の安定供給やGX（グリーントランスフォーメー ション）推進に悪影響が出る可能性があります。これは国家のエネルギー安全保障にも関わる重大な問題です。
電気代の値上がりや停電リスクも増しますが、原子力規制委員会の関係者は自身の給与から国民に補填してくれるのですか？
原子力規制委員会の関係者の給与は国民の税金から払われてるのをお忘れではありませんか？電気代が上がり停電したら一気に国民の怒りは原子力規制委員会に向かうことになります。 これらの点を踏まえても活断層の上かそうでないかだけで原発の稼働を認めないという
遡及的な審査基準は明らかに恣意的で見直すべきです。
なぜ停電リスクや電気代の値上がりリスクを一切見ないのか不思議で仕方ないです。原子力規制委員会の改革なくしてGXの推進はないです。
もし万が一敦賀原発2号機を廃炉にするなら活断層の指摘をされない県内の土地を探し
国がGX債から支援してリプレイスをすべきです。
（例えば改良型軽水炉や高温ガス炉など。）
今回の件の経緯があって全て事業者にリプレイスするコストを事業者に払わせるのは明らかにおかしいので原子力規制委員会が検察時になかった基準で遡及的なやり方をするのを認めるなら日本原子力発電側に今回の件の
事業損失として建設費をGX債から補填し別の活断層で原子力規制委員会から後で難癖をつけられない土地に作らせるべきです。
そうしないと裁判になり長期化してしまいます。
もし廃炉にするならAI時代に国家の停電リスクが増すため国の責任でGX債の原発のリプレイスのコストを払うべきです。",2024-08-30,2024-07-31,2024-08-26
199,061,30代,"原子力発電はコスト、被害ともに推進するべきものではありません今こそ再び再エネ先進国になれるように全力でお願いします
こんなに気温が上昇しているのに、二酸化炭素を排出したり脱炭素を遅らせたりすれば、取り
返しが付かなくなります。
再生可能エネルギーが不安定というなら、バーチャルメガソーラーのように蓄電池を有効に活
用できるシステムを広げて欲しい。",2024-08-30,2024-07-31,2024-08-26
200,061,50代,メガソーラーで森林が無くなるのはさらに温暖化を加速させるだけなので、田畑の上にソー,2024-08-30,2024-07-31,2024-08-26
201,061,20代,"年々加速する気候変動を大変危惧しています。
自身や家族でできるできる限りの取り組みをしていますが、国のリーダーシップ無くして、この大きな世界課題の解決は難しいです。
これから子供も育てていく世代として、今回のエネルギー基本計画策定にあたり、化石燃料由来から再生可能エネルギーへの未だかつてないレベルでの切り替えを強く望みます。
また、これから日本を担う若者世代の意見を取り入れるプロセスを踏んでください。
国や世界の未来を決めるこのような重要な決定が、大変わかりにくく不透明なプロセスの中、非常に偏った委員の方たちで決められることは、とても遺憾です。
待ったなしの危機を解決に導く決定が透明性持ってなされることを強く望みます。",2024-08-30,2024-07-31,2024-08-26
202,061,50代,"再生可能エネルギーを推進すべきだと思います。
地球温暖化から沸騰化といわれる現在。石炭火力発電は減らしていくべきだし、原発も無理なことは福島を見ても明らか。もし原発を進めたいなら、最低限その前に現在の避難者らに満足のいく保障をし終えてからにすべきだし、そもそも能登半島の地震を見ても日本では危険度が高すぎて現実的ではないと思われます。
また、ロシア・ウクライナなど国際情勢によって影響を受けやすい資源に頼るより国内で調達できる自然エネルギーの方が安心できるし、国内（特に地方）の経済にも好影響を与えると思う。",2024-08-30,2024-07-31,2024-08-26
203,061,30代,"エネルギー政策の抜本的見直しに関する提言
現在のエネルギー政策、特に再生可能エネルギー推進政策について、以下の理由から再考を求めます。
**再エネ賦課金による国民・企業負担の増加**
再エネ賦課金は国民や企業に過度な負担を強いており、そのメリットに比べコストが見合っていません。この制度は早急に見直すべきです。
**再エネ導入によるCO2削減効果の乏しさ**
ドイツの事例から、再エネ比率を大幅に高めてもCO2排出係数の顕著な改善は見られませ ん。ドイツのCO2排出係数は420g/kWhであり、原子力発電を主力とするフランスの28g/kWhと比較して著しく高い水準です。自然変動性の高い再エネの導入は、火力発電への依存を解消できず、CO2削減効果は限定的です。
**バイオマス発電の問題点**
木質バイオマス発電は、短中期的にはCO2排出量を増加させます。森林再生に要する数十年間、大気中のCO2濃度は増加したままとなります。また、木質ペレットの燃焼によるCO2排出量
（約1,481 g-CO2/kWh）は、IGCCよりも高くなります。
**電力コストの上昇と安定供給への懸念**
再エネ推進は電力コスト上昇の主因となっています。北海道電力の事例では、再エネ比率が高いにもかかわらず、CO2排出係数は500g/kWhを超え、電気料金は全国でワースト2位です。これ以上の再エネ導入は、出力変動の増大により電力系統の不安定化を招き、停電リスクを高める恐れがあります。
**コスト計算の透明化と再評価の必要性**
再エネを脱炭素電源と謳うなら本来は太陽光発電や風力発電のコストには、大規模な蓄電池のコストを含めるべきです。
火力で再エネの出力調整してそれを統合コストとして計算するのは完全に矛盾してます。
原子力発電や火力発電は単体で安定供給できるため、公平な比較のためには再エネ＋蓄電池のコストと比較すべきです。
例えば、ワーストケースとして昨年の東京電力管内の梅雨時期の1ヶ月のデータを用いて、数日にわたって天気が悪い状況を考慮し火力や原発を一切使わずに蓄電池だけで停電を防ぐためにどれだけの投資が必要かを算出し、そのコストを発電コストに反映させるべきです。
これが本当の再エネの発電コストの実力値です。
また、洋上風力発電については、例えば100万キロワットの設備を建設すると仮定し、送電網増強費用やメンテナンスコスト、船で作業員が移動するコストや人件費なども考慮に入れて、総合的なコスト試算を行う必要があります。
現在の統合コストの試算が火力発電による調整を前提としている点は、再生可能エネルギーを
「脱炭素電源」と謳っていることと矛盾しています。真の意味での脱炭素を目指すのであれ ば、再生可能エネルギーのコストには大規模な蓄電池のコストや送電網増強費用を一定前提の仮定をしてコストを上乗せすべきです。
**IGCCと原子力発電の再評価と推進** IGCC（石炭ガス化複合発電）は地政学的リスクが極めて低く調整力に優れています。LNG火
力への過度な依存を減らすためにも、IGCCの新設やリプレイスを加速すべきです。
原子力発電は天候に左右されずCO2排出を抑えながら安定供給が可能です。特に減価償却を終えた既存の原発はコストメリットに優れています。再生可能エネルギーよりも高コストだという主張は、再エネに必要な追加の統合コストや送電網増強費用を考慮しておらず、事実に反します。
**将来の電力需要への対応** AIやデータ社会の発展により、人口減少下でも電力不足が予想されます。このため、GX債
を最大限活用し、原子力発電やIGCCを含めた高効率火力発電の新設・リプレイスを加速すべきです。
**地層処分の推進**
原子力発電の安定稼働と電気代の引き下げするには、今後スウェーデンやフィンランドのように使用済み核燃料の地層処分が不可欠です。国が主体的に北海道知事をはじめとする地方自治体に対し、地層処分の必要性を説得し、理解を得る努力をすべきです。
鈴木知事にはフィンランドやスウェーデンでも建設に向けて動いており日本だけの話ではないと説得すべきです。
彼はエネルギー政策において不勉強すぎます。
**エネルギーミックスの再構築**
再エネの最大限の導入や脱炭素という言葉が足かせとなり、安定供給や発電コストという重要な側面が見落とされています。これを見直し、発電コスト抑制と安定供給の両立を最優先とした電源構成に変更するべきです。脱炭素や再エネの綺麗事を言うから、太陽光発電が発電しない夕方以降などの停電リスクが増しているのです。IGCCや原子力発電を含む、各エネル ギー源の特性を踏まえた最適なエネルギーミックスを検討し、長期的な環境保護、エネルギー安全保障、経済性を総合的に勘案したエネルギー政策を立案してください。
10. **情報公開と国民的議論の促進**
専門家が不勉強なメディアなどに反論するために積極的に記者会見を行い、なぜ再エネでは安定供給や蓄電池などトータルのコストを考慮すると発電コスト低減ができないのか、蓄電池用のレアメタルの大量消費が水質汚濁などを引き起こし地政学的リスクを増大させる問題について説明する必要があります。また、原発や高効率火力がなぜ停電を防ぐために必要なのかを国民にも著名人と連携の上でYouTubeやSNSを活用し発信するべきです。
特に原発にはゼロリスク思考が持ち出されるため被曝に関する基礎知識の発信などを徹底的に行いCTスキャンなどは福島の年間被曝量よりも多いことや自然被曝で地球のどこにいても必ず被曝をしてることや福島の年間被曝量は他県と有意差がなく三県調査でもガンの発症率に有意差がなかったことなど基礎知識は説明しないと過度に被曝を恐れる科学の基礎知識の乏しい高齢者や主婦などの反対運動で原発の新設、リプレイスの足かせとなっています。
そもそも、3.11でも東北電力の女川原発は非常用電源の対策により事故を防げた話をすべきです。
これを他の自治体の人にも説明すべきです。
これも著名人と連携しSNSや記者会見などでの情報発信をすべきです。
これらの提言は、持続可能で安定したエネルギー供給と環境保護の両立を図るための重要なステップです。経済産業省には、これらの点を考慮した上で、エネルギー政策の抜本的な見直しを期待いたします。",2024-08-30,2024-07-31,2024-08-26
204,061,40代,"意見箱には何度送信しても良いらしいので、前々回・前回に引き続き送付する。 1.エネ基計画審議委員の人選について
計画が実現するころには、計画立案した人間（事務局含む）が生存寿命迎えて逝去して
立案責任の無い若い世代が責任を取らされるのはおかしい。
も主管に係る情報処理産業で有名な2002年みずほ銀行システムトラブルを特集した
雑誌：日経コンピュータには ’三行統合を決めた現経営陣(1999年当時)に新銀行システムを計画させてはならない。次の世代の人間つまり
何かあったら自分が苦労するという当事者意識が無ければ、真剣に取り組む動機づけにならないからだ’との記述があった。
今回のエネ基計画審議委員にもこの記述と同じものを感じる。
事務局資料だけでなく、審議委員にも利益相反が疑われる原子炉製造する鉄鋼メーカ経営者が入るなど、国家運営倫理からして疑問に感じる点も多く
選良たる国会議員には国政調査権及び質問主意書を用いて、審議委員選出プロセスも明らかにしてほしいものだ。
2.原子力のコストについて、 の本音を聞かせてほしい
は、福島第一原発事故処理費用23兆円÷廃炉年数50年で割り出した年間4千億円よ
り燃料輸入費が上回るから
原発動かすべきと安直に考えているように思えてならない。もしそうならそうと、有権者納税者
何より原発事故被害者に明言すべきではないか？
ちなみに東電株主として言っておくと、 から東電に役員出向している職員に
柏崎刈羽再稼働決定に係り過酷事故起こすと、株主代表訴訟で13兆円を超える賠償額を請求されかねない旨伝えているのか？
今年の株主総会で、株主から名指しで上記の旨を伝えられた は驚いていたのには’知らなかったのか’とこっちが驚いた。",2024-08-30,2024-07-31,2024-08-26
205,061,30代,"このデータと最新の情報を踏まえ、日本のエネルギー政策について以下のように提言します：
日本は再生可能エネルギー（再エネ）の推進を見直し、原子力発電と高効率火力発電の活用を最優先すべきです。再エネは変動性が高く、その補完に火力発電が必要となるため、実質的に CO2排出量の大幅な削減には至っていません。また、蓄電池の導入はさらなるコスト増を招きます。
原発の稼働が進む関西電力と北海道電力のデータを比較して貰えば再エネがいかに
無意味でコスト増を引き起こすか分かると思います。 ### データ比較
**CO2排出係数**
関西電力: 0.362 kg-CO2/kWh
北海道電力: 0.535 kg-CO2/kWh
**産業用電気代（50万kW同士年間365日24時間使用の場合の比較）**
関西電力: 約714億円
北海道電力: 約747億円
関西電力は原子力発電の再稼働により、低コストで安定した電力供給を実現し、CO2排出量も効果的に削減しています。一方、再エネを推進する北海道電力は、高いCO2排出係数と電気料金という結果となっています。
### 提言
したがって、日本は再エネ推進を見直し再エネ賦課金の請求も停止すべきです。
代わりに、原子力発電の再稼働と新設、高効率火力発電の導入を進めるべきです。これにより、エネルギー安全保障の強化、
CO2排出量のトータルでの実質的な削減、電気料金の抑制が可能となり、産業競争力の維持・向上にもつながります。
再エネと蓄電池は中国に材料関連で利益が渡る上ペロブスカイト太陽光などをやっても
結局天候不順や夕方以降で発電が低下する性質は同じであり安定供給は不可能であり蓄電池のコストを含めれば莫大な電気代の増加と
蓄電池の残量に左右されるため調整力の火力を使わない場合停電リスクが跳ね上がります。すなわち、再エネばかり増やしても実際には火力で調整しているためほとんどCO2の面でも無意味なのです。
これはドイツも同じ傾向です。
フランスの方が明らかにCO2係数は改善してますので原子力を増やし老朽火力をフェードアウトする方がCO2の全体は減るのです。
それをなぜ環境省などはいつまでも理解してないのでしょうか？
さらに、DX債を活用して建設費やCO2対策費を国が補填し、事業者が原発や高効率火力の新
設、リプレイスに踏み切れるようにすべきです。このような政策支援により、持続可能なエネルギー供給体制を確立し、日本のエネルギー政策を強化することが可能となります。
脱炭素や再エネ最大限導入という言い方を改めないと、事業者はリスクを負って原発や高効率火力の新設、リプレイスに踏み切れません。データ社会では消費電力が増えて停電リスクが増すため、安定的な電力供給の確保は急務です。したがって、現実的かつ効果的なエネルギー政策への転換が不可欠です。
この意見箱で他の意見もみましたが、反原発派や反火力の人間の主張には何ら根拠もなくただの感情論ばかりなのがよく分かると思います。
こういう連中には、ドイツやデンマークの電気代が日本よりも高いという事実を説明しないといつまでも再エネは原発よりも安いなどデマを言い続けるのでそろそろ公式に反論するなど国として何らかの対応してください。
結局再エネをやろうが原発をやろうが火力をやろうが国民の誰かは必ず批判します。
そのため、国としては再エネ推進など左派に擦り寄った八方美人な対応はやめ国家を停電
させないこととトータルの発電コスト抑制という2点を最優先にして電源構成を再構築すべきです。
そこから考えると原発と高効率火力を新設、リプレイスできてない現状は非常にデータ社会において危ういですし再エネ由来の電気に
こだわれば天候不順や夕方以降電気の使えない社会になってしまい蓄電池に貯めて火力の代わりとすると大幅なコスト増を引き起こします。
再エネや蓄電池推進は蓄電の残量に左右され停電リスクを高めるだけでなく大幅な電気代の値上がりにつながるかなり問題のある政策であることに気づくべきです。
再エネや蓄電池推進はトータルライフサイクルやレアメタルの大量消費の面でも環境にすら良くないです。
これ以上の再エネ推進は電力基盤を脆弱にし大幅なコスト増加を引き起こしかねず反対します。
上記内容は必ず国内外に発信してください。
特にEUや国連の内政干渉は限度を超えてるので不勉強な彼らに再エネや蓄電池ばかり増やすと電気代は跳ね上がるしレアメタルの資源枯渇など別の問題が見落とされてることを
理解させるべきです。 EVも同様にレアメタルを大量消費するため
推進のための予算をつけるのは一旦立ち止まることが必要です。
第7次エネルギー計画は電力の安定供給と発電コストの抑制の両立を最優先とすること、
闇雲な再エネ推進を見直すこと、高効率火力と原発の新設、リプレイスを進めるためにDX債で補填することを盛り込むべきです。",2024-08-30,2024-07-31,2024-08-26
206,061,,"１．プロセスの問題
エネルギー基本計画策定プロセスには、市民が参加する場がほとんどありません。
審議会における検討に若い世代を含む多様な立場の専門家や環境団体、市民の参加を確保するとともに、民主的で透明なプロセスによる「国民的議論」を行うことを、市民団体などは求めています。
２．野心的な気候変動目標が必要
エネルギー基本計画の見直しとあわせ、2030年の温室効果ガス削減目標を、1.5℃目標やCOP28合意に整合させ、先進国としての責任を果たせる水準に引き上げることが必要です。現状の 2013年度比46%削減（50%の高みをめざす）では、不十分です。
加えて、2035年に向けた新たな野心的な削減目標（*）を設定し、遅くとも2025年2月までに国連に提出することが必要です。
*「世界全体で2035年までに60%以上削減（2019年比）」を大きく上回る目標
３．2035年までに、原子力を使わずに電源の脱炭素化を G7サミットで合意されている「2035年までに電源のほぼすべてを脱炭素化する」目標は、原子力に頼らず省エネと再エネで実現する必要があります。 COP28で合意された「化石燃料からの脱却」と「2030年までの再エネ設備容量3倍及びエネル ギー効率改善率2倍」というグローバル目標に、先進国である日本として大きく貢献する必要があります。
４．原子力は新増設・リプレースや新型炉の開発をやめ、期限を定めて廃止を
原子力について、再稼働、運転延長、新増設・リプレースや新型炉の開発をやめること。原子力規制や避難計画なども見直す必要があります。
既存の原発も期限を定めて廃止が必要です。
現在、産業界や電力業界は、原発の新増設・リプレースを明確に書き込み、これまでの大方針である「原発依存度の低減」の削除を求めています。
５．化石燃料を延命する新技術には頼らないこと
決定的に重要なこの10年に実用化が間に合わず、実現可能性が不確実かつ高コストで、環境・社会への悪影響が懸念される化石燃料関連の新技術（水素・アンモニア、CCS等）には頼らずに、化石燃料自体からの脱却が必要です。
６．クリーンな雇用の確保や地域への支援、人々のくらしのサポート、格差や不平等の是正を原子力と化石燃料から、省エネ・再エネを中心とした産業・社会構造への公正な移行が円滑に進むよう、クリーンな雇用の確保や地域への支援、人々のくらしのサポート、格差や不平等の是正に取り組む方針が必要です。",2024-08-30,2024-07-31,2024-08-26
207,061,70代,"化石燃料への依存を止めてください。海外では石炭発電を止める国が進んでいる中、日本では全くやめることへの表明がされず、１７０基もあることに先進国としてがっかりします。
また地球沸騰化で今後、災害が発生する可能性もある中、原発を稼働し続けることも反対で す。 IPCCの報告書にもあるように化石燃料依存の生活がこの地球沸騰化を起こしています。これからも生きていく子ども、孫世代のためにできることを真剣にやって欲しいです。そのためには大きな政策転換が必要です。",2024-08-30,2024-07-31,2024-08-26
210,061,40代,今年の世界的猛暑ではパリ協定1.5℃目標を超えてしまいました。 2030年までに再生エネルギー100%を目指して、脱石炭火力、脱原発に取り組んでください。私の税金を子どもたちの未来のために使ってください。,2024-08-30,2024-07-31,2024-08-26
211,061,30代,原発に頼る、増やしていく政策ではなく、再生可能エネルギーをさらに推進する政策を求めます。コストもかかかり、さらには大きなリスクを伴う原発はゼロを目指し、太陽光発電・風力発電など、安全なエネルギーへの転換を求めます。,2024-08-30,2024-07-31,2024-08-26
212,061,70代,"原発推進は反対です。福島の二の前は防がなければいけません。
石炭火力発電所はたとえ水素アンモニア混焼であっても、地球沸騰化時代にはそぐわないからです。
化石燃料は絶対ダメです。",2024-08-30,2024-07-31,2024-08-26
213,061,80代以上,巨大な地震、津波、火山噴火などに見舞われると、深刻な放射線災害を生じるリスクのある原子力発電は日本には不適である。エネルギー基本計画においては、引き続き原発依存度を極力下げることを強く求める。3.11福島第一原発事故の教訓を風化させてはならない。,2024-08-30,2024-07-31,2024-08-26
214,061,70代,"地球温暖化が進んでいくと孫の代が大変なことになると言われていましたが、すでに地球はスピードを上げて壊れ始めたと感じざるを得ません。そして、これは不可逆的なレベルにまで達してしまったかも知れず、あきらめの気持ちさえなります。そんな自分が情けなく、また恐ろしくもあります。
今、政府も企業もようやく重い腰を上げ始めたようですが、もっとスピードを上げないと本当に取り返しがつかないことになってしまうと感じています。効果的な取り組みは社会にマイナス面も多くあると思いますが、しっかり啓蒙し、勇気を持って進めてください。
手遅れにならないように。。。",2024-08-30,2024-07-31,2024-08-26
215,061,70代,家屋・マンション・ビルは新築に限らず全ての取り付け可能な建造物に太陽光発電パネルの設置を期限を定め義務付け合わせて設置費用の80％を国税並びに地方税で賄うことに着手して下さい。原発の新設や稼働期間の延長計画を即刻停止しそれに充てる全ての予算を海上風力発電をはじめとする再生可能エネルギー設備への投資に回して下さい。国政並びに地方行政に携わる要員は全員、国政並びに地方行政と全く関係を持たない中立な温暖化問題を専門とする科学者並びに専門家のレクチャーを最低限10時間は受けその度に質疑を行い理解を深めることを義務化して下さい。正しい理解がされていない要員が沢山おられます。その一環として義務教育に地球温暖化の正しい実態認識と再生エネルギー対策の在り方を教育カリキュラムに組み込んで下さい。原発は地震大国日本で安全である保証は出来ませんし使用済み核燃料は半永久的に危険なもので完全に安全な廃棄は出来ませんから原発は即刻全廃して下さい。,2024-08-30,2024-07-31,2024-08-26
216,061,70代,"この夏の異常な暑さで、人々は気候変動が本当に大変だということをわかって来ていると思います。これは化石燃料の消費を抑えるための啓発の好機と思います。
まずはガソリン代補助金という愚策をやめるべきです。むしろガソリン税とか自動車税とかは高くすべきと思います。
また、経済成長だけが幸福の道という観念を捨てるべきです。もう十分だということを全員が納得する施策を取るべきです。。
過度な医療介護への財政負担を止めるべきです。人生80年生きれば充分だと国民に納得させるべきです。過度な延命治療や高度医療に資源を向けるべきではありません。
地球は人間だけでのものではないということを人類全体が理解すべきと思います。",2024-08-30,2024-07-31,2024-08-26
217,061,40代,"世界の先進諸国を見ても、グリーンで持続可能なエネルギーに転換しています。 そうしたエネルギーによって生産された製品が受容されていく日も近いでしょう。この持続可能なエネルギーに、原発は含まれません。
日本は太陽光発電以外にも、地熱や風力、バイオマスなど、自前でエネルギーを作る可能性が高いはず。
生かさなければもったいないです。
もうこれ以上、原発にしがみつくのはやめましょう。カッコ悪いです。",2024-08-30,2024-07-31,2024-08-26
218,061,50代,"原子力発電は完全にやめる方向で計画してください。
原子力発電は現在の科学を全部集めても安全なエネルギーにはできません。そして、核のゴミを将来の世代に押し付けます。完全な処分方法の確立できてない原子力発電は持続可能な電源ではありません。今以上に原子力発電の比率は高めないでください。そして、無くしていってください。
現在の技術を合わせえれば再生可能エネルギーだけで日本の全電力を賄うようにすることは可能です。しかも長期的に見れば、エネルギー価格を下げることもできます。大切なのは、化石燃料の発電所や原子力発電所に今投資しているお金を再生可能エネルギーへの投資に切り替えることです。そして今、化石燃料や原子力発電の業界にいる人に再生可能エネルギーなどの新たな分野での仕事を見つけるお手伝いをしてください。
気候変動に寄与しない電力と同時に安全で持続可能な電力に日本の電力を移行するために、全ての力を再生可能エネルギーに向けてください。原子力発電はやめてください。",2024-08-30,2024-07-31,2024-08-26
219,061,50代,"火山国日本は地熱資源の豊かな国です。国立公園、国定公園でも地熱発電ができるよう政策を設けるべきです。古い地熱発電の技術では、大量の熱水の汲み上げ から、温泉地からの懸念や地下水脈への影響、地盤沈下、大量にでる利用後の温 水の問題などがありました。しか
し、技術は大幅に進歩し、熱水の汲み上げを必 要としない技術も今ではあり、施設も大幅に小さくなっています。発電施設は小 さくすみますし、建物のデザインを工夫すれば、自然公園内でも景観を圧迫しな いものが作れます。熱水に依存しないため、温泉にも影響が出ず、温水が周囲の 環境に及ぼす影響を心配する必要もありません。過去に導入を断念したところで も今の技術であれば発電設備が作れるはずです。なにより、温泉ではない地熱源 であれ ば、日本国内には多量な候補地があるのではないでしょうか。地熱は太陽光、風力のように天候に左右されることもありませんので、他の再生可能エネル ギーの発電が低い日や時間帯にのみ稼働させることもできるでしょう。将来的に は余剰のエネルギーを水素に変換し、海外に売ることもできるかもしれません。 しかも、このような新しい地熱発電の技術は日本のものも多いようです。この素晴らしい技術とエネルギー源が日本で活用されていないのは本当にもったいないと思います。現在の計画を読むと、昔ながらの温泉水をどんどん汲みだす形の発電施設しか検討していないようですが、これでは多くの潜在的な地決発電の可能性を見逃してしまいます。安定的な、豊富な再生可能エネルギー源である地熱を日本のエネルギー政策の基軸の一つにしてください。
国立公園内で営利事業をすることが問題なのであれば、地球温暖化対策の国の事業にしてはどうでしょうか。そして、その収益で、化石燃料からの脱却、再生可 能エネルギーの推進の資源にするとよいと思います。",2024-08-30,2024-07-31,2024-08-26
220,061,50代,日本は急峻な山地が多く、河川は短く急流なものが多いです。大規模水力は景観を損ねるだけではなく、生態系や自然環境に甚大な影響があります。しかし、現在の技術では、小規模水力の発電効率は高まっており、流れを少し分岐させるたり、流れの中に直接設置できたりするものもあり、日本の河川に適しています。 生態系への影響もほとんどありません。小規模水力に力を入れれば、 エネルギーの地産地消も進み、小さな発電施設が全国にできれば、エネルギー源を分散させることにもなり、現在日本が抱えている大きな発電施設で問題があっ たときにエネルギー供給が止まってしまうリスクも回避できます。日本の河川は 元々急流が多いため、太陽光や風力のように天候に左右されることもなく、太陽光と風力と組み合わせれば安定した再生可能エネルギーの供給が可能です。生態系と自然環境に影響が少ない、 日本に資源が豊富にある小規模発電に力を入れてください。,2024-08-30,2024-07-31,2024-08-26
221,061,50代,"平地が少ないので木を伐り山林を切り開くメガソーラーは、緑化に反しますし、土地は保水力を失い、地盤が弱くなり、災害の原因になりかねません。また、一 度大規模な山林での災害があれば、電線が切断され、電気が供給できなくなるリ スクもあります。
逆に、日本は欧米に比べ、建物にソーラーパネルがのっている率は低いと思います。そして日本は私の知っているどの国よりも日当たり良好の住まいを好む国です。そして、駐車場などでも、ギラギラする炎天下に車が並んでいて、ソーラーパネルで屋根を作れば、発電にもなる し、車が熱くならなくて省エネにもなるのにと思うことも多くあります。つまり、平地は少なくても、山林を切り開く必要はありません。日本の平地には日当たり良好を好む日本人が作った家や建物がいっぱいあるからです。
この様な、人の暮らす場所にソーラーパネルを設置することは、再生可能エネルギーに移行するうえで地球温暖化対応としても重要ですが、気候変動適応にも重要です。二酸化炭素吸収のために大切な山林を切り開かず、山林を切り開くことで災害が起こるリスクを上げることな く、人の作った建物、工場、商業施設、家、駐車場などにソーラーパネルを持ってくること で、電気を作る場所と使う場所を近づけることができます。電気は遠くまで送るとロスがありますが、使う場所で作ればロスは最低限に抑えることができます。電気を作る場所を大きな発電所に集中させるのではなく、日本中の屋上、屋根、駐車場で発電し分散させることで、災害時に遠くに電気を送る送電網が損傷しても、非常用電源として、その土地の電気を使うことができます。災害に強いリジリエンスのある街づくりには必要不可欠ですし、再生可能エネル ギーへの移行を推し進めることができます。
日本中の屋根や屋上にソーラーパネルが設置されるように推進してください。地球温暖化対策だけでなく防災、減災にも欠かせないインフラです。",2024-08-30,2024-07-31,2024-08-26
222,061,50代,"化石燃料は地球温暖化の問題だけではなく、日本においてはコストが高い、何のメリットもないエネルギー源です。これらの業界が再生可能エネルギーに移行できる計画で実現してください。
現在の日本は、地球温暖化の原因の化石燃料を大量に海外から輸入し、気候危機に加担しています。これは同時に、私たちのお金が大量に海外に流出していることでもあります。化石燃料から再生可能エネルギーに切り替えることで気候危機にストップをかけるだけではなく、今まで海外に流出していたお金を国内に留め、循環させることで経済を活性化し、雇用を生み出せます。
太陽光、風力、地熱などの再生可能エネルギーは一度施設を作れば、エネルギー源は無料(一部のバイオマスを除いて)です。そして、それらの施設の運営や維持で地域経済と雇用を活性化することができます。
化石燃料の発電が優先して送電網に流される、今の状況から、再生可能エネルギーが優先して接続されるようにシステムを変えてください。そして、再生可能エネルギーがもっと広がるようにしてください。
「今日から、あなたの電力は100%再生可能エネルギーです」と言われて嫌な気持ちになる人はいないと思います。でも、ほとんどの人は邪魔くさい、どうしていいかわからないという理由から行動に移せていないのだと思います。すべての人が、再生可能エネルギーに切り替えやすいシステムを作ってください。そうすれば、さらに再生可能エネルギーの産業に参入しようとする人たちも増えるでしょう。太陽光風力、地熱を組み合わせれば、日本のすべてのエネル ギーを賄うことができます。それに、蓄電システムや余剰の再生可能エネルギーで水素を作るなどの技術と合わせれば、化石燃料も原発も必要ありません。海外にお金を流出させることもなく、国内に雇用と仕事を増やし、もちろん飛行危機にも立ち向かう再生可能エネルギー100%の国にしてください。",2024-08-30,2024-07-31,2024-08-26
223,061,50代,食品ロスを減らす活動が広がっていますが、食品を作る際に出る廃棄部分や賞味期限が過ぎてしまって廃棄される部分を完全になくすことはできません。おからなど食品加工で出る廃棄物が産業廃棄物になっているという話も聞きました。農家、農場から出る有機ゴミも今は産業廃棄物ではないでしょうか。食品は水分が多く、焼却するのに大量の燃料が必要です。燃えるごみからこのような水分の多い生ごみが無くなるだけで、焼却にかかるエネルギーを抑えることができます。食品の廃棄物は焼却には適していませんが、非常にエネルギー価が高く、バイオマスを作る原料としては最適です。以前、都内にある食品廃棄物でバイオマスを作る工場について聞いたことがあります。おにぎりなどの包装ラッピングも自動で取ることのできる自動化された施設だそうです。この様な活動を日本中に広げ、食品ロスの活動でどうしても減らすことができなかった食品と食品加工で出る副産物を各家庭、飲食店、スーパー、コンビニ、食品工場、市場、農家、農場から回収しバイオマスを作るシステムを作ってください。,2024-08-30,2024-07-31,2024-08-26
224,061,50代,"ZEBとZEHをもっと早く義務化してください。
ゼロカーボンを達成するためには、100%再生可能エネルギーに早急にシフトするだけではな く、省エネを促進し、使用エネルギー自体を抑えることが必要です。車両や交通手段の電化、家電の省エネもどんどん進める必要がありますが、なによりも急務なのは建物の省エネです。建物は一度建ってしまうと何十年も使い続けるものです。今から建つ建物をゼロエミッションにしなければ、何十年にもわたっての負の遺産を作ってしまうことになります。ZEB、ZEHを建設するには多少高くつくでしょう。しかし、長期のランニングコストで考えれば、逆に安いとも言えます。今の省エネ基準でビルや家を建て続ければ、2050年が近づくにつれて、なぜこんなにエネルギーを多量に消費するエネルギー効率の悪い建物を建て続けてしまったのだろうと必ず後悔します。負の遺産を作り続けないためにも、早急にNearlyやReadyではなく完全なる ZEB、ZEHにしてください。公共の建物については、今すぐにでもしてください。
省エネは多くの場合、大きく誤解されているのが現状です。脱炭素の手段は、エネルギーを再生可能エネルギーに変えるだけではなく、省エネを進めるという両輪が必要です。でも、省エネというのは熱いのや寒いのを我慢して、こまめに電気を消したり、コンセントを抜いたり邪魔くさいことをやらなければならないと誤解されています。高断熱の住宅やオフィスは少ない暖房でいつまでも温かく、少ない冷房でいつまでも涼しく、室内の温度差が少ないため健康にもよく、省エネでありながら、今よりも格段に快適で健康的に過ごせる建物のことです。そして、削減された光熱費で毎年のランニングコストが下がるため、建築時のコストアップを短期間で回収でき、削減された光熱費を日々の生活費に回せるため、より豊かな生活ができます。この情報を伝えることで高断熱住宅への意向、事業者の高断熱ビルへの意向は格段に上がります。
ZEB、ZEHを義務化し、コストアップ分はラニングコストですぐに取り返せることと合わせて啓蒙しこれから立つすべての家や建物がZEB、ZEHになるようにしてください。",2024-08-30,2024-07-31,2024-08-26
225,061,50代,"再生可能エネルギーを無駄なく活用するためには各個人や事業が保有する蓄電池を有効活用する必要があると思います。そのためのシステム作りをしてください。
将来的に、自然エネルギーの発電拠点が増えれば、晴天で風が順調に吹く時は電力供給が需要を上回ることも出てくるでしょう。また、夜間の需要にどう対応するかということも考えなくてはなりません。
自動スイッチングやAI、IOTの進歩は目覚ましいものがあります。公費を使って多量の蓄電池を購入するなどの案も聞いたことがありますが、もっと良い方法があります。車の電化が進んでいます。ゼロカーボンに向けてさらに急速に進むことになるでしょう。現在の自動スイッチングやAI、IOTを組み合わせれば、需要を上回る電力供給がある時間帯に駐車中の電気自動車を判別し、自動で充電するようなシステムの開発ができるはずです。あとはその技術を使い、魅力的な電気プランを作ります。夜間や無風曇天時の電力の値段を上げ、余剰の電力がある時の自動充電を格安にしたプランを選べるようにして、充電した電力を夜間や無風曇天時に使えるようにします。このプランの魅力に気付けば、電気自動車だけではなく、他にも蓄電池を購入し、格安の時間帯にたくさん充電しておいて電気代が高い時間帯は充電した電力だけで賄おうと思う人が出てきます。ハウスメーカーもこのような充電設備完備の住宅を開発し、ビルのオーナーも蓄電設備を購入し、新築ビルには必要不可欠の設備になるでしょう。企業も独自で蓄電設備を開発し、需要の高まりに合わせて蓄電技術は飛躍的な進歩を見せるかもしれませ ん。買いたい人が多くなれば、製品開発が促進されるのは市場経済の原理だからです。一家 族、ビル一軒、一企業が自費で購入する蓄電設備は自分達が使う電力分だけですが、このような設備が日本中に無数にでき、自動で判別し充電と利用が切り替えられるシステムができ、蓄電池を購入しても短期間でペイできるだけの魅力のある電気プランがあれば、公費を使った大規模蓄電設備はいりません。そして、災害時、緊急時への備えにもなります。悲しいことに、世界の人が力を合わせて最大限の努力をしても、地球温暖化をすぐになくしてしまうことはできません。つまり、当面は未曾有の災害が毎年のように日本を、そして世界を襲います。分散された民間の小規模蓄電設備は今後の災害列島には不可欠です。
自動スイッチングやAI、IOTの必要な技術は既にあります。それを組み合わせて上記のようなシステムを作る必要がありますが、これも国が政策と助成の体制を整えれば、民間で開発できるはずです。このようなシステムの開発を担うことができる企業の候補に、現在グリッドを管理している電力会社が上げられると思います。従来の電力会社は長らく化石燃料と原子力発電に主軸を置いてきました。事業転換をしなければ、近い将来、世界がゼロカーボンに向けて進むなか、事業の維持が難しくなるでしょう。化石燃料と原子力発電所の廃止とともに、余剰の人員に悩むことにもなります。そこで、既に持ち合わせている電気とグリッドの知識をもと に、自動スイッチングやAI、IOTの専門性のある企業と協力し、上記のようなシステムを作り導入すれば、それを事業の新たな主軸にし、事業を存続させることができます。
再生可能エネルギーで発電されたすべてのエネルギーを蓄電池を使って有効に使えるようにシステム整備をしてください。",2024-08-30,2024-07-31,2024-08-26
226,061,60代,"国のエネルギー政策の基本を再生可能エネルギーの利用に絞り、原発や化石燃料の使用から脱却することを求める。
原発は使用済み燃料の保管問題と運転中の地震災害による放射能漏れ等、現世代では解消できない問題が大きい。一刻も早く全廃炉すべきである。
化石燃料も地球環境保護の視点から、自然エネルギーに切り替えるべきである。
いずれも国民の生命と財産を守ることを第一に置き、財界の利益第一は抑えるべきである。 地方へ犠牲を押しつけた「発展」は必ず歪みが生じる。地方の地域環境は住民が守り発展させる。国の政策は地域発展を後押しするものであることを望む。地方の多様な自然エネルギー活用を、今こそ真剣に考えるときである。",2024-08-30,2024-07-31,2024-08-26
227,061,50代,自国でエネルギーを賄うことは、これからの時代必須かと感じます。かといって、原発は震災を見てもわかるように、さらに最終処分までの費用等を考えてもありえない選択かと感じています。国内でできる様々な方法に、よりお金と時間をかけて、これからの日本の未来のために再生可能エネルギーを増やしていってほしいです。,2024-08-30,2024-07-31,2024-08-26
228,061,,"当協議会ではZEHの普及について尽力しておりますが、太陽光発電の住宅向け設置・導入へ向けた認知向上が同普及の最大の課題と認識しております。
つきましては、下記をエネルギー基本計画に追記、ご検討頂きたく、コメントを送付させて頂きます。
①東京都や川崎市と同様の太陽光発電義務化条例については、自治体任せではなく国が主導して取り組むべきであることをエネルギー基本計画に盛り込んで頂きたい。
②建築物省エネ法の再エネ利用促進区域制度について市町村の条例化任せではなく、こちらも国が主導する方向に進めて頂きたい。
③その次のステップとして、前①を取り組むべきと考え、
④住宅及び建築物のルーフトップソーラーの普及目標について、新築及び既築それぞれにおいて2040年までの普及目標とそのロードマップを定めて頂きたい。
以上",2024-08-30,2024-07-31,2024-08-26
229,061,70代,"エネルギー基本計画で脱原発を実現するべき
文言「可能な限り原発依存度を低減」を残すべき
原子力発電は愚かな装置
お湯を沸かす為に原子炉で核分裂実は核兵器と同等の核発電装置
その為に核のゴミ（死の灰）を生む核燃料サイクルは破綻
再処理施設は動かない、動いたら放射能撒き散らす危険で行き場が無い使用済核燃料を増やすな
原子力発電は地球環境破壊装置
大地に空に海に川に放射性物質をまき散らす熱効率悪く（１／３）海温め装置
原子力発電事故が頻発
東電福島第一原発事故は終わっていない今も日本は原子力緊急事態宣言下
廃炉の姿見えず放射能汚染水を垂れ流し中今は省エネと再エネの時代
東日本では猛暑でも原発不要
急成長する再エネを経産省が制御亡国の経産省に振り回されるな
半世紀以上の経産省（通産省）の嘘に騙されるな GX推進もCOP口実の原発推進も間違い
第７次エネルギー基本計画で原発ゼロを実現老朽原発うごかすな
女川、島根、柏崎刈羽、東海第二の再稼働阻止",2024-08-30,2024-07-31,2024-08-26
230,061,40代,"Climate Integrateさんの「日本の政策決定のプロセス」というレポートを読みました。審議会のメンバーにこんなに偏りがあるのは問題だと思います。是正をはかるために、
再生可能エネルギーの事業者
再生可能エネルギーの貯蔵・需給最適化ソリューション提供者
IT 企業等のエネルギー需要側の企業の代表
機関投資家
第一次産業の代表
気候科学者
環境団体
若者団体
女性団体
を審議会にヒアリングでよんでほしいです。",2024-08-30,2024-07-31,2024-08-26
231,061,40代,"みんなの未来のために、再生可能エネルギーを全力で増加するべきです。今までの政策は全然足りません。気候変動がドンドン進む中、この特に自然災害の多い日本が遅れを取ってます。遅れをとるメリットは何もないです。
化石燃料の資源の少ない国こそ自然エネルギーを取り入れるべきです。自然エネルギーの資源がたくさんありますし、コストがドンドン下がりますし、安全ですし、他の国に依存しなくて良いし、本当に明らかにこれが今の選ぶべきエネルギーです。
経済面で見ても、自然エネルギーなどを関連しているテクノロジーが未来の鍵になると思います。もうすでに日本が遅れを取ってます。今すぐ化石燃料の依存から解放して、未来のクリーン暮らしを真面目に進みましょう。たくさんお金がかかる化石燃料の輸入をやめて、そのお金を未来のエネルギー源を作るために回しましょう。
最後に、原子力発電ですが、このテクノロジーは最もお金がかかる電気の作り方で、施設のコストがあまりにも高すぎます。核廃棄物もあとの世代に押し付けてはいけませんし。この地震の多い国に合わないですし。もうやめましょう。
明らかに自然エネルギーが一番いい選択肢です。石油会社などが嫌がるのは分かるですが、勇気を出して前へ進みましょう。",2024-08-30,2024-07-31,2024-08-26
232,061,60代,"まず、危険な原発は廃炉にするべきです。ウクライナやガザなどで戦争が起こっていますが、日本で起こったら真っ先に狙われます。全て海辺にあって、守れるのですか？
夏の暑さで分かる通り、温暖化は着実に進んでいます。更に自然エネルギーに舵を切って、 100％それで賄えるようにして下さい。太陽光、風力そして地熱発電がお勧めです。洋上風力発電だけで日本の全ての需要の5倍賄えるという試算もあります。いつまでも利権に拘らず、真に国の利益のみを追及して政策を進めて行って下さい。",2024-08-30,2024-07-31,2024-08-26
233,061,20代,"再生可能エネルギーで100％まかなうことを目的にした政策を作ってほしいです。
気候変動の影響は日本の産業や農業や人のいのちを脅かしているのは認識されていると思います。また、日本の電源構成のほとんどが化石燃料のままで、現在のエネルギー基本計画においても化石燃料や原子力発電からの撤退の意思は見られません。
政策決定プロセスにおいては、化石燃料企業や産業界のメンバーの意見が反映され、年齢も性別も偏りがあるとシンクタンクから指摘されています。もっと多くの人や再生可能エネルギーの専門家から意見をもらってつくってほしいです。この意見箱のコメントも政策に反映させてほしいです。",2024-08-30,2024-07-31,2024-08-26
234,061,20代,"気候変動対策の強化をお願いします。
もう何ヶ月も世界の平均気温が上がり続け、ニュースキャスターの方は「観測史上初」と言いながらも気候変動については言及しません。
異常な暑さ、異常気象が増えていることは多くの国民が感じていることですが、その異常気象と気候変動の繋がりを感じていない人が多いと思います。
ニュースで熱中症や天気を取り上げる時に、せめて一言でも気候変動について触れてもらえるくらい国全体で気候変動対策の意識を高めてもらいたいです。
私は昔から熱中症になりやすい体質なのですが、10年前は一夏に数回の頭痛だったのが、最近では毎日外を歩くだけで頭痛がします。本当にこのままでは気候変動のせいで死んでしまうのではないかと不安になってしまうほどです。
私個人としても、再エネ100%の電力会社に切替る、友人と気候変動について話す、母校にパ ワーシフトの提案をするなど、出来ることをしています。ですが、個人ではどうしても限界があります。
最近、農家の友人から「何年も育てていた枝豆が全部枯れて、今ではパッションフルーツが成る」と聞きました。
私は四季のある日本の自然と文化が大好きです。自分の子どもや孫達の代にもこの当たり前の日常を残したいです。
よろしくお願いいたします。",2024-08-30,2024-07-31,2024-08-26
235,061,30代,"全国の15～29歳の若者16人が6日大手電力など10社を相手取り10社の掲げるCO2削減 目標はこれに達しておらず民法の不法行為に基づき名古屋地裁に提訴したようですがそろそろこういうデータすら調べてない
頭の悪い連中に実データを用いて反論しないと国益が脅かされます。
この連中の主張には簡単に反論できるのですが、こういう連中の主張は火力発電をやめて再エネを増やせという主張をする傾向にありますが実は再エネ比率の高いドイツと東電管内を比較すると東電管内のほうがCO2排出係数が優れた値になってます。
ドイツ kwhあたり420g以上 東電管内 kwhあたり370g程度
ちなみに、原子力中心のフランスはわずか kwhあたり28gです。
このデータをなぜいつまでも説明しないのですか？
このデータで説明すれば環境活動家の難癖など簡単に反論できますし再エネばかり広げても CO2は火力発電自体の高効率化をしないと減らないのは北電管内が40%再エネをやってるのに kwhあたり500g以上も出てることからも明白です。
すなわち、再エネを広げたらCO2が減り火力発電をやってるからCO2が増えるという主張は完全なるデマです。
この活動家連中は、再エネが年間どのくらい
発電するかすら理解してないのに訴訟をお越し国益を妨害しており国民としては到底許せません。
日本政府や経産省、環境省はいまだに脱炭素や再エネ推進と言ってるせいで火力発電が悪という誤った風潮が広まってしまってることを受け止めどういう役割があるのか？そしてCO2を議論する時はトータルの排出量で見るべきである点、そもそも日本は世界の3%未満しか排出しておらず温暖化の原因が火力発電であるという主張は全く論拠がないことなど
を用いて説明しないとこういう頭の悪い
活動家が原発や火力関連への訴訟を増やして
その度に稼働が止まり国益を妨害されることになります。
この連中には、再エネと蓄電池だと電気代は大きく値上がりすることになるがそれでも許容するのか？そもそも再エネや蓄電池の製造過程の環境負荷など理解してるのか？と反論すべきです。
こういう活動家を国として反論もせずに野放しにするから訴訟を毎回起こされ国益を妨害されるのです。
環境活動家のせいで国家が停電したら
この連中に稼働を妨害したことでの損害賠償を請求してもらいたいレベルです。
これは火力発電のみならず原発について稼働を妨害し訴訟を起こす連中も同様です。訴訟を起こし稼働を止めた分の損害賠償を
請求する仕組みを作らないと損をするのは結局他の国民です。
この日本という国は環境活動家の言いなりになる国なのですか？こんな連中を国として絶対に許してはなりません。",2024-08-30,2024-07-31,2024-08-26
236,061,30代,化石燃料に依存した発電を早急にやめるべきです。少子化の理由は経済的な課題だけではありません。この先暑過ぎて食料や水、災害への不安がある中、子供を残していいのか？という不安も確実にあります。国が本気の対策をしてみせてください。ただ、未来に負の遺産を残す、原発に頼るのはよくないと思います。再エネを選択してください。,2024-08-30,2024-07-31,2024-08-26
237,061,20代,"脱炭素を原子力で補おうとしないでください。安全性の高い、持続可能な再エネを推進させてください。
そしてきちんと市民の声を聞いてください。
政府や政府関係者のみが決定していいことだとはとても思えません。",2024-08-30,2024-07-31,2024-08-26
238,061,30代,"安価な再エネを推進して、日本が先進国トップを目指してください再び日本が輝けますように
原発はコストばかりで人体被害もひどく、オワコンです",2024-08-30,2024-07-31,2024-08-26
239,061,40代,"石炭火力に頼るエネルギーを廃止して欲しい。二酸化炭素排出量を減らすべき。
原発エネルギーは海水温を上げます。
毎年、暑さが厳しく、このままでは
夏は外出出来なくなるのは安易に想像できる。
早急に脱炭素社会へのシフトチェンジが必要と思います。健康があっての経済。
再生可能エネルギーへの早急な転換をお願いします。",2024-08-30,2024-07-31,2024-08-26
240,061,,"再エネの比率をせめて60%以上にしてください。
そして、原発事故を経験した国として、原発ゼロにしてください。
原発を動かしているのは地震が多いという特性や、安全保障上もウクライナで起きたことなどを考えるとやはり危険だと思います。
ぜひクリーンで安全なエネルギー計画を立ててください。",2024-08-30,2024-07-31,2024-08-26
241,061,30代,"今日は広島に原爆が投下された日ですね。黙祷はしましたでしょうか？
心の中で、何を想いましたか？
二度とあの悲惨な被害が生まれないようにと平和に祈りを込めたなら、
「電気料金に、原発の建設費や維持費を上乗せする」という馬鹿げた法案は即取り止めていただきたい。
唯一の原爆被爆国である日本で、福島第一原発の大事故を起こしたことは汚点、大きな恥です。
しかも今でも未解決。水を流して冷却し続けるしかないから、「処理水」などと言って海洋放出を始めた。中国始め世界から非難を浴びたり、制裁を受けるのは当然のことです。
事故から13年も経って未だに何の解決もできず緊急事態宣言が出されたまま、他の原発も同じリスクを抱えているだけでなく、通常稼働しているだけでも生態系へダメージを与え続けている原発。その原発の新設や維持のために国民からさらなるお金を巻き上げようなんてとんでもない話ではありませんか？
私は原発に断固加担しないという意思表示のために、再生可能エネルギーで電力を供給する電力会社と契約しております。 100歩譲って原発で発電する東電や中電の契約者から徴収するならまだわかりますが、原発の電力を使わない電力会社からも徴収することは理にかなっていません。納得できません。
原発がなければ電力を賄えないというなら、どうぞ3.11の時のように計画停電をなさってください。
利便性よりも、命の方が大事ですから。",2024-08-30,2024-07-31,2024-08-26
242,061,20代,暑いね、って。それだけで終わらせない！！わかりやすい行動指針を提示してください！,2024-08-30,2024-07-31,2024-08-26
243,061,20代,福島の桃が大好きでした。瑞々しくて、甘くて、でも舌にのせた途端とろけていく福島の桃はもう記憶の向こう側にあります。福島第一原発の事故があり、両親の意向で引っ越しをして、福島の桃とはもう10年食べられていません。原発を使うことで、せっかく美味しい日本の果物や野菜や魚が食べられなくなるのは原子力を使うこととは天秤にかけられません。生き物は環境が悪くなれば味も悪くなってしまうし、もう食べられなくなるかもしれない。食糧危機が騒がれる中で本当に原子力を使う必要があるのでしょうか？ほかの方法は十分に協議されたのでしょうか？それは市民も納得しているのでしょうか？,2024-08-30,2024-07-31,2024-08-26
244,061,30代,"年々暑くなり四季も無くなりかけ、今までにない災害級の豪雨や自然災害が沢山起きています。
このまま気候変動が進むとどうなってしまうか分からず、とても恐ろしいです。
原発でなく、再エネ、省エネを増やし、化石燃料への依存を減らすこと、 1.5度目標に整合した計画をお願いします。",2024-08-30,2024-07-31,2024-08-26
245,061,30代,"北海道に住む30代です。
幼少期に比べて暑すぎて、なのにも関わらず世論や政府がこの問題の深刻さを理解しておらず気候変動への危機感がありすぎます。
生きれる地球環境あっての仕事、経済です。
ここまで暑い地球になった大きな理由の一つに日本の石炭中毒があると思っています。
所得が低い人たちや農産業の方々へしっかりと資金サポートした上で
1.5℃目標に整合する政策を進めてください。
再エネを圧倒的に増やし、再エネ効率がよくなるよう技術開発し省エネしてください。",2024-08-30,2024-07-31,2024-08-26
246,061,10代以下,"ここ最近の暑さによる皮膚炎に苦しんでいる10代です。
化石燃料を使わない水や風などのクリーンなエネルギーで、1.5度目標を見据えた気候政策をお願いします。",2024-08-30,2024-07-31,2024-08-26
247,061,20代,"どうすれば再生可能エネルギーを増やせるか、どうすれば化石燃料に依存しない社会を作れるか考えてください。
「価格高騰や供給途絶などのエネルギー安全保障リスクに備え、必要なLNGの長期契約を官民一体となって確保することが重要。」と書いてありますが、視座が低いように思います。今ある社会の延長線上で見せかけの脱炭素対策をするのではなく、世界の炭素価格などを見ながら経済的にも必要な対策を取って下さい。LNGの長期契約に税金（補助金、その業務に関わる公務員の給料）を使わないでください。エネルギー安全保障を確保するためには国内で自給できる再生可能エネルギーの大量導入が不可欠です。",2024-08-30,2024-07-31,2024-08-26
248,061,40代,石炭、原発より再エネにお金を回してください。,2024-08-30,2024-07-31,2024-08-26
249,061,40代,"来年、戦後80年を迎えます。あの戦争の悲惨さを思い起こすたびに、日本中の誰もが後悔し、反省し、二度と繰り返してはならないと考えているはずです。この反省の念は、未来に対する責任を果たすことに繋がるはずです。
現在、私たちは気候変動という新たな危機に直面しています。このまま石炭火力発電の使用が続けば、気候変動はさらに激甚化し、100年後には誰もが後悔する事態となるでしょう。それを防ぐためには、今、私たちが行動を起こさなければなりません。
持続可能な未来を築くためには、再生可能エネルギーの導入拡大と石炭火力発電からの脱却が不可欠です。委員の皆様がこの重大な課題を真摯に受け止め、強力なリーダーシップを発揮してくださることを切に願っています。
どうか、未来の世代が後悔することのないよう、再生可能エネルギーへの転換を推進し、気候変動対策に積極的に取り組んでいただけますようお願い申し上げます。",2024-08-30,2024-07-31,2024-08-26
250,061,40代,"原発の新増設・リプレースが必要だという議論がありますが、これに反対します。
仮に建設をするとしても10年以上の時間がかかり、非常に高コストです。その間に再生可能エネルギーの普及を最大限すすめ、コストも低下させていくことにあらゆる資源を集中させる必要があると考えます。",2024-08-30,2024-07-31,2024-08-26
251,061,60代,"日本商工会議所の資料で
「水素・アンモニアの専混焼や、e-methane・バイオ燃料・CCUS等多様な技術開発を促進」を
「化石新時代」としていますが、とんでもないことだと思います。化石燃料の時代は終わりです。世界から見放されますよ。「脱化石」へ進むべきです。",2024-08-30,2024-07-31,2024-08-26
252,061,50代,8月2日の総合資源エネルギー調査会 基本政策分科会（第60回会合）の資料を拝見しました。経済団体3団体、労働組合団体1団体、消費者団体1団体からのヒアリングでした。これからあるのかもしれませんが、環境保護団体や、若者団体、女性団体などの意見もヒアリングお願いします。多様な団体からの意見を聞いて、反映させてください。,2024-08-30,2024-07-31,2024-08-26
253,061,30代,"再生可能エネルギーの普及と石炭火力発電の廃止を強く提案します。クリーンエネルギーへの移行を加速させるため、政府の補助金やインフラ整備を拡充し、地域コミュニティの意見を反映した政策を策定していただきたいです。
ご検討のほど、よろしくお願いいたします。",2024-08-30,2024-07-31,2024-08-26
254,061,20代,"破局的な気候危機を回避するため、産業革命以前の平均気温からの上昇を1.5℃以下に抑え る、というパリ協定の目標に向けて、120以上の国と地域が「2050年カーボンニュートラル」
の実現を掲げています。そして、世界の温室効果ガス排出量を2035年までに60％削減（2019年比）することが必要です。先進国の日本はもっと減らす必要があります。
まずは、2035年までに60%削減できるような電源構成にするとともに、
費用対効果も高い、再生可能エネルギーの比率を大きくしていくべきだと考えます。
まだまだ屋根おきの太陽光の普及はこれからだと思いますので、すでに国として決めた「2030年に建築される新築戸建住宅の6割に太陽光発電を導入する」を早急に進めるとともに、既存の建築物についても屋根おき太陽光設置を進められるよう、政策の中で議論をお願いしたいです。
世界的に見れば、中国やアメリカ、インドなどの排出量が多いのはもちろんそうなのですが、日本もTOP5に入るので、しっかり貢献すべきです。",2024-08-30,2024-07-31,2024-08-26
255,061,50代,気候危機は深刻で、年々それは増してきていると感じないではいられません。解決にあたって再エネは非常に重要な一つと思いますが、再エネと一言で済ませられない、間違えた再エネもあります。山を削ってソーラーパネルや風力タービンを設置するような再エネは全く間違えたやり方だと思います。自然環境を守り、その力を活かしつつ、あるべき再エネの姿をしっかり見添えて提示、進めていってほしいと思います。個人的に浮体型洋上風力にとても興味があります。,2024-08-30,2024-07-31,2024-08-26
256,061,,審議会では、安定のためには原発や化石燃料も必要という意見が出ていますが、原発や化石燃料を延命させることではなく、再エネ拡大と省エネを徹底的に進めるためにはどうすればいいかという議論を進めてください。また、意見箱だけでなく、市民が議論に参加できる場を確保するようにしてください。,2024-08-30,2024-07-31,2024-08-26
257,061,50代,"毎年、記録を塗り替えるような暑さに見舞われています。
今日のニュースでは沖縄の珊瑚礁の白化が進んでいると伝えていました。
政府に伺います。気温を下げる、エネルギー転換をするという世界との約束を本当に実行する気はあるのですか？
日本は世界のどの国よりも山や森が多く水も空気も豊かな国だと思います。また、豊かな森が、海を豊かにしていることも、これまで多くの人が報告していますよね？
それなのに、恩恵を受けている森をを伐り倒し太陽光パネルを置こうとしているのですか？ 森をなくさずとも可能な風や地熱、潮流などやり方は沢山あるはずです。（そもそも原子力は論外です）経済の専門家や利権ではなく、様々な科学の専門家の意見をしっかり聴き、今ある大事な資源を次世代に引き継ぐ策を見出し、実行してください。責任を果たす姿勢を見せてください。",2024-08-30,2024-07-31,2024-08-26
258,061,30代,"日本の気候変動対策は遅れていると感じています。先進国が排出してきたCO2をはじめとする温室効果ガスの量はとてつもないです。
日本国民である私は、日本の発展のともない排出された温室効果ガスのもと、その発展の恩恵を受けてきました。
しかしある日気づきました。これが他国からの搾取であることを。自然からの搾取であることを。
私は生活を見直しました。発展しつづけ、成長し続ける社会など不可能です。資源には限りがあります。社会全体が変わることが必要です。
エネルギー基本計画が見直されるとのこと。このタイミングでさらなる再エネの導入を希望いたします。
環境省が公開されている資料にも、日本の再エネポテンシャルはまだまだあると記載されています。
化石燃料による火力発電を急速に減らすべきです。そしてこの急速な変化を実現するには、そこで働く方たちが生活に困らないように、政府の支援が必要です。
ぜひ、この機会に日本がしてきたことへの責任を果たすために、大きな変革を起こしてください。宜しくお願い致します。",2024-08-30,2024-07-31,2024-08-26
259,061,40代,石炭火力発電や原発に頼らず、再生可能エネルギーへの変換を今すぐお願いします。メガソーラーではなく、マイクログリッドで地産地消の電源を目指してほしいです。,2024-08-30,2024-07-31,2024-08-26
260,061,40代,再生可能エネルギーに日本は力を入れてください。この地球沸騰化が子供達の未来を犠牲にします。,2024-08-30,2024-07-31,2024-08-26
261,061,20代,"1.5度目標を達成するために、
原発なしで、もちろん化石燃料なしで、再生可能エネルギーと省エネの体制を日本でも作っていきましょう。
宜しくお願い致します。
子供達の未来は今の私、あなた、大企業の制作、政治、法による温室効果ガス削減システムの構築にかかっているんです。ほんとうに。",2024-08-30,2024-07-31,2024-08-26
262,061,40代,"化石燃料と原子力に頼るのをやめてください。
このままでは人間の生活が崩れてしまう恐怖感があります。
どうか、子どもたちに続く未来に、今の大人である私たちがやれる事をやってやりたいです。施策を決定できる立場にある人たちの判断や良心に期待したいです。",2024-08-30,2024-07-31,2024-08-26
263,061,40代,"私が高校生だった頃、あるヒットソングに「39℃とろけそうな日」なんて歌詞がありました。当時は「そんな暑い日はないだろう」とツッコミを入れたくなりましたが、今やその数字が当たり前のように天気予報に並んでいるのが怖いところです。
さて、今まさにエネルギー基本計画の改定が進んでいますが、未来を決める皆さんの中には、どうやら「石炭火力はまだいける」「原発も頼りになる」という声がちらほらあるように思えます。未来に何を残したいのかを考えることもなく、「昔はこれでうまくいった」と同じレ コードを回し続ける感じでしょうか？
けれど、50年後、もし誰かが「今日は39℃だから、ちょっと涼しいね」と言う未来を作ってしまったら、それは歴史的な笑い話どころか、泣きたくなる話です。
どうぞ、勇気を持って「再エネ7割で、化石燃料バイバイ！」と言ってみませんか？ 国民はその決断を応援します。
どうか、「涼しい36℃」がジョークで終わるように、今こそ真剣に再生可能エネルギーへの転換を考えてみてください。",2024-08-30,2024-07-31,2024-08-26
264,061,20代,次世代の子どもたちが安心して暮らせる社会を目指すために、省エネの推進、脱原子力発電、再生可能エネルギーの転換をもっと広げていくべきだと思います。そのためには、一人一人の意識と行動が大切だと思うので、微力ながらご意見させていただきます。,2024-08-30,2024-07-31,2024-08-26
265,061,40代,化石燃料を消費する火力発電はいりません。地震大国の日本に原発もいりません。再生可能エネルギー100%を目指して、利権ではなく、子どもたちの未来のために本気で気候変動対策をしてください。,2024-08-30,2024-07-31,2024-08-26
266,061,50代,未だ日本だけが化石燃料を延命し、原発を再稼働させ、アンモニア混焼なんて馬鹿げたことを言っていますが、日本は唯一の原爆被災国であり唯二？の原発事故国です。そんな日本が襟を正して「原発止～めた！」ということこそ日本にしか出来ない格好いい発言なのになんで真逆に走るのかが不思議でなりません・・・。再エネ100％＋蓄電システムのカップリングでかなりのことが出来るのは既に南オーストラリア州が実証済みで世界を「あっ！」と言わせています。必要なのはこうした本当のことを如何に一般の市民や政治に反映させることが出来るかという一点だと思います。僕ら問題意識を持っている人間たちだけの狭い環境だけでは変わらないので、この部分をみんなで変えて行くにはどうしたらいいかを議論すべきだし、もう遅いとは思うけど実行していかなければならないと考えています。,2024-08-30,2024-07-31,2024-08-26
267,061,60代,"私達や子孫、あらゆる生物の命を守るために、気候危機対策を行ってください。
そのためには、再エネ、省エネにシフトして、脱炭酸社会を目指し、脱原発、脱化石燃料にしてください。",2024-08-30,2024-07-31,2024-08-26
268,061,70代,"再エネルギーを増やして下さい。
長期脱炭素電源オークションは、内容がおかしいです。再エネを除外して、古原発を対象にするなんて、もってのほかです。
再エネに充分な予算を与えて下さい。",2024-08-30,2024-07-31,2024-08-26
269,061,70代,政府の脱炭素化政策はパリ協定１.５℃目標に整合していない。世界の子供や孫の世代の地球環境を守るために、COP28で決議した、２０３０年までの再エネ３倍、省エネ２倍を実現してください。最も重要なことは、日本において、すべての石炭火力発電（アンモニア混焼を含む）を２０３０年までに全廃することと再エネを３倍にすることです。,2024-08-30,2024-07-31,2024-08-26
270,061,50代,"日本は先進国として、2030年までに自国内のUnabatedな（排出削減対策の講じられていない）石炭火力発電をフェーズアウトすることが求められているのにも関わらず、Unabatedについて独自解釈を主張し、老朽化した石炭火力発電所の廃止を停滞させています。このままでは、 2050年カーボンニュートラル、2030年度温室効果ガス排出量46％削減という二つの野心的な目標の達成は危ぶまれます。
大規模火力を使い続けることの技術開発に資金を投入し続けること、化石燃料の使用継続を政策で支援することを早急にやめ、より確実かつエネルギー安全保障上も助けとなる再エネの拡大、省エネへの支援を進める方向に切り替えてください。
地域分散型の再エネ電力の供給が増えれば、国のGHG排出は減り、消費者の電気代負担も軽減することができるはずです。また、災害に強い街づくりにもつながると考えられます。
早急な方向転換を望みます。",2024-08-30,2024-07-31,2024-08-26
271,061,50代,"エネルギー政策の転換には、消費者の意識改革も重要です。水素・アンモニアといったサプライチェーンの見通しが明るいとは言えない技術や、CCSのように実現性が不確かな技術に大金を費やすのであれば、もっと省エネ対策への支援も増やしてください。
住宅屋根置き太陽光パネルの設置をするにも現在の日本の中古住宅では強度が足りないなどの課題が多々あります。また高断熱住宅にするにも、経済的・構造的に無理ということもあります。そうした現状を踏まえ、住宅の立て直しやリフォームへの支援を提供する、もっと大規模には地方自治体が新型の住宅を建てて転居を促すなど、大胆な政策（都市づくり）が必要だと思います。
東京都や川崎市など、自治体ベースで太陽光設置を推進するのではなく、国の政策として大きなプランを考えていかなければ、エネルギー問題は解決しません。以下などご検討ください。
・消費者の省エネを支援する大胆な策を導入
・都市計画に地域での電力供給を入れ込む（災害対策にもなる）
・サステイナブル住宅（エコハウス）への建て替えやリフォームへの支援（全国規模で）
・ガソリン車からEV車への乗り換え支援b＋EVステーションの増強（主要高速道路、幹線道路へのEVステーションの設置など）",2024-08-30,2024-07-31,2024-08-26
272,061,20代,化石燃料依存を一刻も早くやめて、再生可能エネルギーへの転換を目指してほしい。,2024-08-30,2024-07-31,2024-08-26
273,061,,"パリ協定の1.5度目標に整合性のある政策にしてほしい。
具体的には、化石燃料による発電を減らし、2030年までに再生可能エネルギー比率を50%以上にしてください。",2024-08-30,2024-07-31,2024-08-26
274,061,30代,"暑い日々が続きます
エネルギー基本計画策定プロセスには、市民が参加する場がほとんどありません。
審議会における検討に若い世代を含む多様な立場の専門家や環境団体、市民の参加を確保するとともに、民主的で透明なプロセスによる「国民的議論」を行ってください
地震の日々が続いております原発は今すぐ廃炉へ動いて
再び再エネ先進国に返り咲くよう税金を使ってください原発オワコンに使わないてください",2024-08-30,2024-07-31,2024-08-26
275,061,40代,"エネルギー政策を野心的に取り組む時期はもう過ぎているのではないかと、毎日不安の中暮らしています。
国は気候変動が進み、災害が起こっても、国民にそれぞれの備えをアナウンスするばかりだろうと震災の対応を見ていても思います。
しかし、それも生活できる環境があっての事で、このままでは生活できる環境では無くなる日も見えてきているのではないかと思います。
地球で暮らす自分たち自身の事をないがしろにして、では一体何を成し遂げようとしているのでしょうか。
どうぞ専門的な知識を有する方たちの判断とそれを採用する行政の判断が重なります様に。",2024-08-30,2024-07-31,2024-08-26
276,061,30代,"原子力発電の縮小はまだでしょうか？
これだけ小さな角度に、断層の真上に建てた原発をなぜまだ活かしたいのでしょうか？グリーンエネルギーへの推進にお金をかけてもらえませんか？
GXに関わる議論は、50-70代の男性、日鉄などの方が多いそうですね。責任を取らない、逃げ切れる世代で固めるのもやめてもらえませんか？この国土は、私たちがあなたたちに貸しているものですよ？
あなた方の政治資金は私が今日、必死で取った契約から得た賃金から払われています。それを、わたしの納得いかないように使われることを許せません。
あなたの給与、わたしが払っています。
地熱や風力、水力発電のアイデアで先進国になれるよう、そちらへ舵切ってください。早く！！！！",2024-08-30,2024-07-31,2024-08-26
277,061,50代,地震の多い日本では、現実的に考えて原発は廃止に向けて早急に進めていくべきだと思う。何故なら福島を見てもわかるように事故が起こったときにリカバリが難しいこと、また廃棄物の処理先が未だ確保できていないことなどが挙げられる。,2024-08-30,2024-07-31,2024-08-26
278,061,60代,"省エネについて、
・省エネの技術革新を強力に進めるために、民間や公的な研究所などに予算を（税金を）投入してほしい。
・直近の炭素排出量削減目標を達成するために、住宅やオフィスや工場などでの断熱改修の補助金制度を 企業や市民や改修業者（工務店）へ周知することを 強力に進めてほしい。
エネルギーを選択する際、脱炭素であると同時に、持続可能であるのかを基準にしてほしい。原子力発電を段階的に減らしていく方針は、変えないでほしい。理由は、使用済み核燃料や
（再処理が可能になったとして）高レベル放射性廃棄物がたまり続け、その管理を将来世代に押しつけることは、したくない。また、日本は複雑に押し合う４つのプレート上にあり、巨大地震を避けることはできず、放射性廃棄物を千年単位で管理することは、難しいと思う。原子力発電は、持続可能なエネルギーではないと思うため。",2024-08-30,2024-07-31,2024-08-26
279,061,40代,"資源エネルギー庁、そして経済産業省で働くみなさま。
空調の効いた会議室から一歩外に出て、この熱波に襲われている東京の夏を存分に味わってください。1時間でも2時間でも、暑さが十重二十重と絡みついてくるような空気に包まれて、生きものとして危機感を奮い立たせてください。
国家主義やこれまでの経験則や正常化バイアスから逃れて、生きものとして、あなた方も含めたすべての私たちの生存の土台が崩れていってることを理解してください。感じてください。島国の中でのほほんと惰眠をむさぼってる場合ではなく、昨日の夢から覚めて、あしたの現実に向き合ってください。
・温室効果ガスの排出削減を抜本的に進めるために、石炭火力発電所を速やかに廃止する期限を決めてください。
・原子力発電所を動かしたい方々は、そこから出る汚染廃棄物を誰がどう片づけられるんですか？自分で出したごみは自分で持ち帰ろう、あたり前のことも守れないで大人として恥かしくありませんか。原子力発電所はすみやかに廃炉してください。
・再エネをもっともっと増やしましょう。他国に巨費を払って化石燃料を輸入するより、国内で自給できるエネルギーを増やすことこそエネルギー安全保障に資するのではないでしょう か？
みなさんが作り出す政策は、いつも途方もない時代錯誤を覚えます。もっとあなた方の働くビルの外にいる、無数の人びとの声を聴いてください。政策に反映させてください。意見箱をつくってアリバイ作りにしないでくださいね。",2024-08-30,2024-07-31,2024-08-26
280,061,60代,今年の夏の暑さは異常です｡最近の台風もゲリラ豪雨も海水の気温上昇のせいですよね｡この気候は火力発電に頼るエネルギーが原因の一つだと思います。私たちの子供や孫たちに快適な未来を残せるように，再生可能エネルギーの導入を検討して下さい。国の主導で安心安価なエネルギーを導入して下さい。そういうところに税金を使って下さい。,2024-08-30,2024-07-31,2024-08-26
281,061,,"私どもは世界中の様々な宗教が一体となって気候正義にとりくんでいるニューヨークのNGOの日本支部です。
神仏によって人類に与えられ、管理を任された地球が温暖化の危機にあるとき、私ども世界の宗教者は、日本政府が他の西欧諸国に比べて化石燃料からの脱却のプロセスが遅いことを危惧しています。
世界一丸となって取り組む課題にたいして日本は自国のためにそれを遅らすことが、結局は将来的には産業界、日本が世界のビジネス界からも取り残されて、国の衰微へとつながるのではないかと危惧しています。世界の国々が進む線路から外れ、アウト・オブ・トラックとなった時には後悔しても始まりません。今を苦しんでも、未来の自分、未来の日本のために、産業界は構造転換をせまられていると思います。それは電気自動車で中国に大きな後れをとっている現状からも見えています。あらゆる産業が脱化石燃料へとシフトすることが、日本の未来の繁栄につながると主張いたします。",2024-08-30,2024-07-31,2024-08-26
282,061,,原発を即時ゼロへ！石炭火力2030年までにゼロへ！2030年温室効果ガス削減率を2013年比で 70％以上へ！,2024-08-30,2024-07-31,2024-08-26
283,061,,炭素税を2030年までに２万円／CO2トンに引き上げること。政府の裁量で増減が可能な賦課金ではなく、法的に義務付けられる税率を設定すべき。,2024-08-30,2024-07-31,2024-08-26
284,061,60代,"私は原子力発電の利用に反対です。国としても、原子力の利用は可能な限り低減すると決めたはずです。少子化対策を取っても日本の人口が減っていくのは明らかであり、省エネの技術も進んでいます。危険で災害リスクが高く、安全対策に多額の費用がかかる原子力発電をなぜ使い続け、新たに作るなどということになるのか、まったく理解できません。
日本の政策はアメリカの物言いに左右されますが、原発についてはそうとも言えない気がしています。やめると言った途端、施設のすべてが負債となることをおそれているのでしょうか？例え負債になるとしても日本はそれを受け入れてやっていかなければならないし、福島の事故を起こし、これからも地震、津波に襲われる可能性を考えれば、原子力発電はやめなければなりません。それを基本に、その他の電源構成、省エネ技術、送電網の工夫などを決めてゆくしかないと思います。",2024-08-30,2024-07-31,2024-08-26
285,061,20代,原子力はまだエネルギーとして扱いきれないと私は考えます。特に地震など自然災害の多い日本にあった発電方法ではないと考えます。脱炭素を目指す前に炭素を減らすことを考えるべきだと思います。例えばバイオマス発電では木材の廃材を活用することでゴミを活用することにとどまらず、林業の雇用拡大にもつながり、地方の過疎化にも貢献できると考えます。,2024-08-30,2024-07-31,2024-08-26
286,061,20代,"この暑さは今年だけじゃない。
来年以降も、暑さはもっと暑く、大雨はもっと強く多くなる。一方で、日本の異常気象対策はどうだろうか。
何事も起こってからの対処ではなく、あらかじめの備えが大切。
そんな中、日本の異常気象の根本的な原因、地球温暖化対策およびエネルギー政策はどうだろう。
世界共通の約束である1.5度目標に対する計画と進捗はどうだろう。
まだ遅くない、より効果的で中長期で持続可能なエネルギー構成と計画から考えて欲しいです。
昨今多発する地震から考えても、日本に原発はいらない。日本の土地にあった再エネを推奨しつつ、
公正な移行のために計画停電や省エネ実施などで段階的なシフトを図るなど、やれることはたくさんあるはずです。 3.11の後の取り組みのように事後に慌てて対処するのではなく、今後中長期的な日本の存続のために必要なエネルギー構成と計画そしてその実行をお願いしたいです。
国がなくては利益も元も子もないです。よろしくお願いします。",2024-08-30,2024-07-31,2024-08-26
287,061,50代,"日本機械学会動力エネルギーシステム部門は「カーボンニュートラルに向けたエネルギー貯蔵技術研究会」を発足し、約60名の専門家で議論し、2050年カーボンニュートラル達成に向けた最適なエネルギーストレージ技術について、提言をまとめました。
「第７次エネルギー基本計画」の議論に参考にしていただければ幸いです。 https://www.jsme.or.jp/about/about-jsme/proposal/teigen202404/
（１／２）
カーボンニュートラル達成に向けたエネルギーストレージベストミックスのための提言(2024年)
日本機械学会動力エネルギーシステム部門
2023年2月、日本政府は「GX（グリーントランスフォーメーション）実現に向けた基本方針～今後10年を見据えたロードマップ～」をとりまとめ、「気候変動問題への対応に加え、ロシア連邦によるウクライナ侵略を受け、国民生活及び経済活動の基盤となるエネルギー安定供給を確保するとともに、経済成長を同時に実現」するための取組を発表した。将来にわたり社会全体でGXを実現するためには、再生可能エネルギー（再エネ）と原子力発電といった脱炭素技術を最大限活用し、加えて、エンタルピー基準で日本のエネルギー消費の7割 (9.9 EJ、314 GW相当)を占める産業・民生・運輸といった非電力部門の電化を進め、エネルギー危機に耐え得る強靱なエネルギー需給構造に転換していく必要がある。また、非電力部門のエネルギー消費は熱エネルギーが大部分を占めており、社会全体でエネルギー利用効率を考える必要がある。グリーン社会へ転換するためには、脱炭素技術、熱エネルギーの有効活用、炭素循環、エネルギーストレージ（貯蔵）・輸送・変換が大きな役割を果たす。2023年6月、日本政府は「水素基本戦略」を改定し、水素社会の早期実現に向けた国家の意志を表すものとして取り組み方針を明示した。しかし、取組み量は数GW相当レベルであり、我が国の総需要13 EJ（約410 GW相当）に対して効果が限定的である。これに対して、例えば余剰の再エネを変換、貯蔵すると いった調整力の役割を果たすものは水素以外にもあり、再エネ導入拡大に貢献できる。また、排熱量の賦存量は多く、この活用は産業の省エネルギー、カーボンニュートラル化への量的な貢献が大きく、エネルギーストレージが重要である。
日本機械学会動力エネルギーシステム部門「カーボンニュートラルに向けたエネルギー貯蔵技術研究会」は、学術専門家集団として、関連技術の実現可能性、事業性等にかかる科学的見地に基づいた望ましい2050年カーボンニュートラル達成に向けた最適なエネルギーストレージ技術を検討し、以下の提言にまとめた。
【提言1】変動性再エネ主力電源化に対応したエネルギーストレージベストミックスの確立を図るべき
【提言2】ゼロカーボンエネルギーによるグリーン社会への転換を図るべき
【提言3】産業・民生部門における蓄熱技術の更なる有効活用を図るべき
【提言4】2050年以降のカーボン・ネガティブ・エミッションの実現を目指したエネルギーストレージ戦略を構築すべき
【提言1】では、電力部門において、カーボンニュートラルを達成するため、主力電源化される再エネの変動性に対応できるエネルギーストレージ技術を適切に組み合わせる必要性があることを述べる。【提言2】では、グリーンエネルギー社会へ転換するため、安定電源のゼロ・エミッション化が必要であることを述べる。【提言3】では、非電力部門において、熱エネルギーを有効活用するため、蓄熱技術を活用する必要性を述べる。【提言4】では、2050年以降にあるべき姿として、長期的なエネルギー確保を見据えながら、カーボン・ネガティブ・エ ミッションを実現する必要性を述べる。
本提言が「第７次エネルギー基本計画」へ反映されることを期待したい。また、エネルギー産業を支える人材育成が活発化されることを期待したい。
提言1：変動性再エネ主力電源化に対応したエネルギーストレージベストミックスの確立を図るべき
（提言1－1）再エネの最大限導入とそれを補完するエネルギーストレージによるエネルギー安定供給を図るべき
再エネの変動性に対応したエネルギーストレージの拡大：2050年カーボンニュートラルを達成するためには、変動性再エネは経済的合理性を確保しながら最大限導入されることが期待される。ただし、日中の変動性（昼間の余剰電力と夕方の不足電力等）に対応するため、需要に応じた出力調整が可能な安定電源の割合を確保するとともに、エネルギーストレージの拡大を図るべきである。現在、我が国の発電量の約8割をカバーする火力発電（約100 GW）の出力調整と、揚水発電（約22 GW）や大容量蓄電池（1 GW以下）が活用されているが、今後、ますます変動性再エネが導入され主力電源化されることを考えれば、安全性を向上させたCO2を排出しない原子力発電による出力調整可能な割合を増やすとともに、適地は限られるものの炭素回収貯留（CCS）を前提とした火力発電による出力調整が不可欠である。これとともに、希少資源が必要で高コストになる大容量蓄電池や、開発規模が限界に近づいている揚水発電だけでな く、大規模で低コストエネルギーストレージ技術が必要である。
余剰再エネの出力制御（出力抑制）の回避：近年では、再エネの導入が進んだことにより、需要が少ない時期などには、火力発電の出力の抑制や地域間連系線の活用等により需給バランスを調整した上で、それでもなお電気が余るおそれがある場合に再エネの出力制御を行ってい る。九州電力では、太陽光発電の出力制御は2021年に82日も実施しており、総発電量の4.2%
（5.1億kWh）、10円/kWh換算で約51億円の損失になっている。これは今後ますます増加傾向にあると考えられる。今後、太陽光発電が増加することを考えて、地域間連系線の増強が計画されているが、そのための費用や期間を考えると、タービンが担ってきた慣性力（発電を一定に維持する力）の不足に陥る可能性がある。蓄電池増量だけでなく、慣性力を有した低コストエネルギーストレージ技術が必要である。出力制御は2023年度に東京電力管内以外の全国で発生しており、早晩東京電力管内でも発生されると予測される。現在固定価格買取制度で4兆円/年が再エネ発電に使われており設備利用率の低下による経済的な損失も看過できない。よって、早急なエネルギーストレージ対策が必要である。
エネルギーストレージ技術の確立：変動性再エネを最大限導入するにあたっては、系統安定化や調整力の確保が課題となる。2050年も現在の電力需要並みと想定すれば、変動性再エネによる発電量で40%確保し、出力調整可能な安定電源で残りの60%の発電量を確保できる場合でも、朝夕の不足電力発生に伴って停電に至らないように、1年間に数十日程度は100GWh規模（1日当たりの最大の不足電力）の電力貯蔵量が必要となる。この貯蔵量として、CO2を排出しない形での蓄電（電気自動車等の利活用等）、蓄熱発電といったエネルギーストレージ技術の確立と低コスト化のための技術開発が急務である。
水素技術の課題：水素価格は現状80～100円/Nm3程度であるが、2050年時点で20円/Nm3、2000万トン/年程度の導入を目指している。しかしながら、水素価格20円/Nm3は、カロリーベースで1.6円/MJに相当する。これは、現状のアンモニアの2.4円/MJ、LNGの1.8円/MJより低い価格である。太陽光発電を用いた水電解で水素を生成した場合、電解効率を87%程度、生成水素の液化効率を80%程度、さらに水素を用いた発電効率を65%程度とすると、入力電気から出力電気へのトータル変換効率は40%超と見積もられる、しかしながら実際の液化効率を用いるとトータル変換効率はより低くなる。また、各工程で、イオン交換膜を用いた水電解、極低温技術
（もしくは、水素改質技術）、水素燃焼、水素貯蔵、防爆等の開発技術が引き続き必要であ る。それらがコストに相当に反映されることを考えると、将来における水素のコストを低減させるためには、革新的な技術の開発に加えて、技術の大規模な普及や政策・制度面での強力な後押しなどが必要となり、その実現には課題があることを認識すべきである。水素やそれを変換した他の物質は、長期のエネルギーストレージが可能になることから、季節間における需給調整への適用が考えられる。
エネルギーストレージベストミックス：大規模エネルギーストレージ技術には、揚水、蓄電 池、水素、蓄熱等が挙げられる。揚水は約22GWの容量を有し、現在の主力蓄電装置であるが、我が国の国土制約により適地が限られ、現状施設利用からの大幅な増加は期待できない。蓄電池は、蓄電効率の高さから今後期待される分野であるが、蓄エネルギー密度、火災リスクの特徴から小規模利用の方が適している。また、蓄電池は、レアメタルを海外依存しており、市場価格や国外情勢に影響を受けやすい。我が国は強靭なサプライチェーン構築を目指している が、過度な海外依存度は低減すべきである。水素は、外国で生産したものを輸送することが考えられているが、国内生産では、変動型再エネ発電による系統の余剰電力を水の電気分解により水素に転換して貯蔵し、それを系統が必要とする時にタービン/燃料電池などで発電して系統へ戻す水素電力貯蔵システムも期待されている。ただし、この方式には設備の費用や電力貯蔵の効率などを総合したコストに課題があり、コスト低減を図った水素製造技術が必要であ る。蓄熱は、現在は我が国で大規模な技術導入はされていないが、最近になって諸外国で蓄熱技術の導入が活発になっている。蓄熱は、入力電気から出力電気へのトータル変換効率で36%程度（蓄熱効率90%、発電効率40%とした場合）であり、水素と同程度またはより高い可能性がある。しかも、ほぼ既存技術で実現可能で、コスト・技術の両面で水素よりも優位である。さらに、発電の慣性力、安全性の観点で、大規模エネルギーストレージ技術に適している。これらのエネルギーストレージ技術をうまく組み合わせてエネルギー安定供給を図っていくことが必要であり、エネルギーストレージについて最適な技術ミックス、すなわち、エネルギーストレージベストミックスを目指すべきである。
（提言1－2）エネルギーストレージ技術の社会実装を図るべき
エネルギーストレージミックスの経済合理性：カーボンニュートラルを目指す代償として変動性再エネの大量導入に伴うエネルギーコストの上昇が挙げられる。それを抑えるためには、経済合理性を十分に考慮した上で、さまざまな技術オプションを適切に組み合わせたエネルギーシステムを構築することが必要である。この観点から、エネルギーストレージベストミックスを目指すことが望ましい。数時間～数日程度の比較的短期の自然変動に対しては、サイクル効率の高いリチウムイオン電池等の蓄電池によって対応することが適切である一方で、より長期間（数週間程度）の変動に対応するためには、サイクル効率では劣るものの貯蔵量当りのコストが安く安全性が高い蓄熱などの技術を用いることが経済合理的である。さらに、より長期
（数か月～数年）のストレージのためには、現在の国家石油ガス備蓄に加えて、自己損失率の低い水素やアンモニア、e-fuel（グリーン水素から合成されたメタン、メタノールなど）などのエネルギーキャリアに変換してのストレージ等の技術を用いることが望ましい。このよう に、経済合理性の観点から、時間スケールに応じて最適な技術が異なるため、変動性再エネ比率の高い将来のエネルギーシステムにおいては、多様な技術を組み合わせたストレージミックスの実現が望ましいものとなる。その上で、それぞれのストレージ技術のコスト、特にエネルギー貯蔵量当りの設備コストの低減に向けた技術開発を促進し、早期の社会実装を図ることが必要である。
国産技術開発とサプライチェーン構築：エネルギーイノベーションの結果、新たな産業・新たな技術が導入され得るものと考えられるが、これらを国産技術とし、国内産業のサプライ
チェーンが構築される必要がある。蓄電池の場合、原材料であるバッテリーメタル（リチウ ム、ニッケル、コバルト）の埋蔵量、生産量ともに特定国（豪州、南米、コンゴ民主共和国、インドネシア等）に偏在しており、中流の精錬工程は製造コストの安い中国に集中している。また、燃料電池で使われる白金やPEM(固体高分子膜)型水素製造装置で用いられるイリジウムなども偏在しており、今後、蓄電池や水素のエネルギー利用が広がると、資源の価格上昇や囲い込みなどを引き起こし、資源の安定供給ひいては我が国のエネルギーの安定供給が妨げられる恐れがある。これらに対応するため、鉱山権益への出資による上流資源の確保とともに、偏在する資源に頼らない多様なエネルギーストレージ技術の開発が重要である。そして、開発した技術を国産技術とするべく、特定国資源に頼らない国内産業のサプライチェーンを構築すべきである。また、低コスト化に向けた研究開発への積極的な支援が行われる必要がある。
投資環境の整備：エネルギーインフラ構築に産業界が参入しやすくするための投資環境を整備すべきである。日本はエネルギーストレージに関わる優れた要素技術を数多く有するものの、それらを統合して様々なニーズに応えるシステムとして実現すること、またその効果や運用性を検証するためのフィールドでの実証試験が諸外国に比べて少ない。実証試験によって要素技術及びシステム全体の課題を抽出し、それに対する改良といったフィードバックを重ねることで技術が完成し社会実装に繋がる。この過程を一企業のみで実施することは不可能なため、産官学の連携のみならず、これを遂行するための政府からの資金面での支援が求められる。ま た、産業界にとって市場性・事業性を見出し、エネルギーストレージに関する投資を促すために、カーボンニュートラルへの貢献に応じたインセンティブ付与など、一層の制度面の整備を期待する。
（提言1－3）エネルギーストレージ技術の開発を支援すべき
次世代技術開発支援：社会実装を進めることと並行して、次世代技術の開発を促進して、エネルギーストレージ技術で世界を先導していく必要がある。例えば、蓄熱技術については、従来の顕熱技術による低コスト化だけでなく、効率を向上させた潜熱蓄熱や化学蓄熱といった技術開発は日本が主導できる可能性を有している。
提言２：ゼロカーボンエネルギーによるグリーン社会への転換を図るべき
（提言２－1）調整力に富んだクリーンな安定電源を確立すべき
水力発電の出力調整機能：水力発電は安定電源としての役割だけでなく、揚水発電によって調整力としての役割を担ってきた。しかしながら、我が国の国土条件の制約により限界があり、 2030年までにほぼ限界に近い発電量になると予想されるが、できるだけ増やしていくことが重要である。
火力発電の出力調整機能：火力発電は慣性力を有しており、変動性再エネ大量導入により電力系統の同期化力の低下が懸念される中、クリーンな火力発電技術の確立は系統の安定性を維持する上でも重要である。再エネの変動性に対応した調整力として役割を果たしてきた火力発電は蓄熱技術を導入して調整力として柔軟性を持つようになってきている。蓄熱発電で火力発電の蒸気タービン発電機が活用できるため、蓄熱発電の低コスト化が期待される。また、火力発電の最大の課題はCO2排出量をゼロにすることであるが、高効率化による低排出化、水素、アンモニアやバイオマス等の低炭素燃料化を図り、炭素回収・再生循環利用・貯留（CCUS）と併せ運用することでこの課題に対処する。限られた我が国の国土でCCUS設備をより多く確保し、貯留負荷の削減を伴った経済的なカーボンニュートラルを実現していく必要がある。蓄熱利用は、そうした火力発電のカーボンニュートラル化のためのCCUS併設や、低炭素燃料転換（水 素・アンモニア）のコスト改善、また、CO2分離回収プロセスや燃料改質プロセスの省エネ・運用効率化に寄与する。
原子力発電の出力調整機能：我が国では既に水力発電、バイオマス発電、地熱発電等の出力調整可能な安定再エネが開発されているが、これらによる発電量は、総発電量の15%程度が限界と考えられている。このため、2050年までのカーボンニュートラルを実現するには、安定電源として必要な60％の残りの45%をゼロ・エミッション電源である原子力とCCS付き火力を活用していく必要がある。原子力発電は、新たな安全メカニズムを組み込んだ新設炉により安全性向上が図られている。また、火力同様慣性力を有し、出力調整能力（負荷追従運転）があり、仏国・カナダ等において既に実施されている。より経済的に変動性再エネを補完するために、負荷追従の際に原子炉出力を低下させずに、発電負荷のみを追従させた際に生ずる余剰の熱エネルギーを蓄熱や水素製造等に利用することが可能である。米国では、負荷追従ではなく、原子炉出力を低下させずに蓄熱するナトリウム冷却高速炉に溶融塩蓄熱を結合したシステムの開発が進められている。このシステムは売電価格の変動に対応して発電する柔軟性・経済合理性に優れ、仏国等の諸外国でも関心が高まっている。我が国においても、蓄電・蓄熱技術の開発と並行して、このような経済性を向上させた熱エネルギーストレージを併用する革新軽水炉や高速炉を開発し、安定電源を構築していくべきである。
（提言２－2）予見性のある適正な市場環境を確立すべき
安定なエネルギー市場の確立：新たな技術に事業者が参入する上で、事業者が適正な市場競争の下で取引ができる安定なエネルギー市場が存在することが必要不可欠となる。民間の投資判断に予見可能性を与えるためにも、国の意思と方針を明確に打ち出し、過渡期にある電力システム改革をしっかりと検証し、安定化させるための制度設計を行うとともに、エネルギーインフラ構築に産業界が参入しやすくするための投資環境を整備すべきである。このためには、発電コストのみならず送配電や系統安定化のコストを適切に分析し、電力システム全体としての収益性を評価する必要がある。競争市場の予見性が低下し、投資の回収性にかかる不確実性が増せば、新規の電源への投資がなされず、単に市場にその経済を委ねるだけでは安定供給が維持できず、ひいては再エネの導入も遅延させる事態に陥りかねないため、変動性再エネが大量に導入される将来のエネルギー市場において、慣性力を有する蓄熱発電などの調整力を担う電源の収益の安定化は重要な課題である。国が適切な将来のビジョンを示し、「GX経済移行債」等を活用した大胆な先行投資支援、カーボンプライシングによるGX投資先行インセンティブ、新たな金融手法の活用などを含む「成長志向型カーボンプライシング構想」により、そのビ ジョンに向けて強力な施策を推進することが必要である。",2024-08-30,2024-07-31,2024-08-26
288,061,50代,"日本機械学会動力エネルギーシステム部門は「カーボンニュートラルに向けたエネルギー貯蔵技術研究会」を発足し、約60名の専門家で議論し、2050年カーボンニュートラル達成に向けた最適なエネルギーストレージ技術について、提言をまとめました。
「第７次エネルギー基本計画」の議論に参考にしていただければ幸いです。 https://www.jsme.or.jp/about/about-jsme/proposal/teigen202404/
（２／２）
===================================-
提言３：産業・民生部門における蓄熱技術の更なる有効活用を図るべき
（提言３－1）蓄熱技術を用いた熱エネルギー利活用を図るべき
熱エネルギー利活用：我が国の最終エネルギー消費の熱エネルギー割合は電力3割程度、運 輸・産業といった非電力（熱）7割程度である。非電力分野での熱エネルギーの利活用は重要
である。2030年時点でCO2を2013年度比46%減にするためには非電力分野の低炭素化が急務である。再エネの変動出力を安価、かつ高効率にエネルギーストレージが可能な技術として、蓄熱を活用したP2H2P（Power-to-Heat-to-Power、電力蓄熱発電）が検討されている。産業界で
は、P2H2Pから電力のみならず直接熱供給が可能である。また、産業間の熱融通を行うセク
ターカップリングによりエンタルピーベースの熱効率はコジェネレーションと同程度とすれば 80％程度は期待でき、産業の低炭素化に貢献可能である。さらに、熱エネルギーの利用にあ たっては、蓄熱システムを熱需要の近くに設置し、地域での熱利用が重要である。従来から排熱の熱回収は検討されているが、その利用拡大には熱需給マッチングのため蓄熱システムの導入が必須である。以上から、蓄熱技術を用いた熱エネルギー利活用を図るべきである。
蓄熱技術のポテンシャル：蓄熱技術は、他のエネルギーストレージ技術と同じく不安定および安定的なエネルギー源からエネルギー供給を受け、需要に応じたエネルギーを供給することが可能である点であることを前提としたうえで、系統の慣性力維持や産業熱の脱炭素化といった機能を有することが特徴的である。高温かつ不安定な熱源としては、海外で既に実用化されている集光型太陽熱発電CSP（Concentrating Solar Power）に設置される溶融塩蓄熱を代表とする太陽熱、もしくはP2H2PやP2H(Power to Heat)に活用可能な、余剰な変動性再エネ（我が国では主に出力制御がかかっている電源）があげられる。これらの熱源は時間変動があるもの の、蓄熱技術を介すことにより売エネルギ―価格や需要に応じた熱出力を可能とするため、現在主に火力発電が担っている負荷追従運転の一部を担うことも可能となる。また、民生分野の小規模な利用に加えて、産業用の高温熱の間接的な電化の手段としても欧州を中心に検討が進んでいる。特に高温高圧蒸気が生成可能であることから、産業で消費される熱媒の形態を変更する必要がないため、蓄熱技術の導入による熱消費側での大きな設備変更なしで脱炭素化が可能なポテンシャルがある。
高効率ヒートポンプの拡大：アナログ的な冷凍空調技術が多いヒートポンプもデジタル技術によって、高度なエネルギーマネジメントによって多様な機器の統合や連携運用が進んでゆく。例えば、情報通信技術により構築されたシステムによって、センシング技術やヒートポンプと蓄熱を組み合わせた技術により、高度再エネ・蓄エネ利用技術が運用され、デマンド・レスポンス（再エネ余剰電力・逼迫対応）の要求に対してタイムリー且つスムースに対応できることなど、一連の統合・連携機能の拡充が重要となる。しかし、個別のデバイスでの性能向上が限界に近づき、そして、ヒートポンプの冷媒には環境規制により地球温暖化係数（GWP）の低い物質が求められる中で、用途に合わせて冷媒を開発・選定し性能向上を図ることも同時に考えておく必要がある。低GWP冷媒は従来冷媒よりも熱力学的性質が劣ることも想定される中で、いかにヒートポンプの性能向上を図るかがポイントとなる。また、低GWP冷媒の中には可燃性や毒性を有するものもあり、冷媒充填量を低減する必要がある。
（提言３－2）次世代エネルギー産業を支援すべき
蓄熱技術を導入した次世代産業：容量に制限がなく、可搬型のエネルギーストレージとして P2G (Power to Gas)/P2C(Power to Chemicals)があり、グリーン水素や合成燃料をはじめとするエネルギーキャリアへの転換は既にグリーンイノベーション基金等で研究開発と実装に向けた支援がなされている。一方、電力、エネルギーキャリア以外の第3の形態として安価な蓄熱技術に対する注目度は低いと言わざるを得ない。蓄熱技術自体は耐熱煉瓦などへの蓄熱による熱風炉など、1000℃超の高温の産業用火炉への用途をはじめ、600℃温度域の溶融塩によるCSPやセラミック系潜熱蓄熱材、400℃～200℃中低温域の化学蓄熱材など、産業における技術開発と利用は限定的である。原子力としては、高温ガス炉が有望な技術の一つであり、発電のみならず、熱の直接利用と水素製造にも寄与できる。余剰再エネ由来のグリーンサーマルエネル ギーの利用範囲を拡大するための蓄熱輸送技術も、次世代の産業と民生とのセクターカップリングにおいて時空を超えて熱を操るためには必要な技術であると言える。
提言４：2050年以降のカーボン・ネガティブ・エミッションの実現を目指したエネルギーストレージ戦略を構築すべき
（提言4－1）ネガティブ・エミッションを実現するバイオ炭素長期備蓄型循環型社会の構築 2050年以降のカーボン・ネガティブ・エミッション：2018年にIPCC（気候変動に関する政府間パネル）が公表した「1.5℃特別報告書」は、「2050年実質ゼロ」に加えて、それ以降はさらなる吸収（マイナス排出）の必要性を謳っている。2050年以降にカーボン・ネガティブ・エ ミッション社会を実現するためには、2050年以前からこれに備えた取組みを行う必要がある。
ネガティブ・エミッション技術：木質バイオマス等の導入が可能な地方においては、現在で も、地域でのバイオマス熱利用等の活用が冬場の電力ピークを緩和する再エネとして重要な位置づけを持つ。今後、バイオマスによる炭化土中貯留がネガティブ・エミッション技術として重要になる可能性がある。100～200年後に訪れる無化石資源時代を鑑み、高密度反応固形バイオ燃料による電力向け微粉炭燃料代替のための同等機能発現、鉄鋼産業向け石炭コークスからの脱却のためのバイオ固体燃料溶解炉を開発し、再生可能エネルギーによる持続可能な新しいバイオ炭素循環システムを構築する必要がある。
（提言4－2）持続可能な脱炭素化に向けた核燃料サイクルの早期実用化
高速炉と核燃料サイクルによる究極のエネルギーストレージ：世界の主要国は2050年の脱炭素化に向けて「再エネ＋原子力」を主流にした電源構成とする方針を打ち出している。このた め、21世紀後半には、世界的な軽水炉の利用拡大に伴うウラン価格の高騰が懸念される。ま た、軽水炉でのプルサーマル利用により、今後使用済混合酸化物（MOX）燃料が蓄積されていくことも考慮すれば、2050年以降の持続的な原子力利用のためには、使用済燃料をリサイクル利用し、天然ウラン資源に依存せず、放射性廃棄物の減容等を実現できる高速炉と燃料サイクルを早期に実用化すべきである。そのための技術開発を着実に進めていくとともに、核燃料サイクルについて多様な視点で議論を深めていく必要がある。なお、高速炉と燃料サイクルが実用化すれば、数千年のエネルギーを確保することができ、究極のエネルギーストレージ技術である。",2024-08-30,2024-07-31,2024-08-26
289,061,60代,"総発電量と電力消費量の抑制対策を早急に進めてください。
温室効果の原因として、人為起源の水蒸気の影響が著しく過小評価されています。対流圏内の伝熱は、放射より対流の方が圧倒的に効きます。
（例えば赤外線ヒーターを屋外の北風の中で使用しても暖房効果はほとんどありません）
人為起源の水蒸気の発生源は、灌漑や発電所での「冷却による水利用」だけではありません。発電した後の電力も、排熱が対流で運ばれ、最終的に水を気化させます。
「発電」自体が、大気加熱による水蒸気発生活動なのです。水は地球対流圏のバッファー（温度緩衝剤）です。
人間が人為的に対流圏内で熱を発生させると、大半の熱が水の気化に使われます。
（対流圏内で莫大な熱を発生しているのは、核エネルギーです）
温室効果対策として、脱炭素や電源構成に焦点化すると、結果的に温室効果を著しく加速することになります。
本質的に重要なのは、総発電量と総発熱量の抑制です。",2024-08-30,2024-07-31,2024-08-26
290,061,70代,"原発をやめて下さい。
バイオガスをエネルギーの柱にして下さい。",2024-08-30,2024-07-31,2024-08-26
291,061,30代,"皆さん、人類が「太陽系の50億年」で終わって欲しいですか？
僕はそう思いません、少なくとも天の川銀河の100億年以上を目指しましょう！そう50億年後の命のために今、脱原発依存しませんか？
以下参考までに2024年7月30日の意見を付します。
なお(5)は一回、世界の全ての核爆弾を国連に移管するとスムーズかもしれません。
＊＊＊＊＊＊＊＊＊＊＊＊＊＊＊＊＊＊＊＊＊＊＊＊＊＊＊ 2024年6月22日提出の意見に加えて、 (1)ウランに加えてトリウムやプルトニウムも有用な核燃料であることからこれらも保存する。
(2)既に存在する使用済み核燃料は全量再処理する。 (3)経済性が無いため、また事故の危険回避や核燃料保存のため、商業原発から撤退する。 (4)宇宙での使用の準備のため、研究炉は採算が取れなくても維持する。 (5)世界中の原子爆弾を解体し、深宇宙探査のための核燃料に作り替える。 (6)国連あるいは国連的な組織の下に国際協力を進める。 (7)少なくともあと1世紀ほどの時間軸でみたとき、恒星間ラムジェット等の実用化がなされない限り、核燃料の保存を維持する。 (8)2050年に向けた温暖化対策には、可能な限り、太陽や地熱由来のエネルギーに転換することで対応する。 (9)電力に社会インフラを頼りすぎると、フレアや磁気嵐に弱くなるので、藻類石油などの開発も進める。
以上、提言します。参考までに、以下2024年6月22日の意見を付します。
＊＊＊＊＊＊＊＊＊＊＊＊＊＊＊＊＊＊＊＊＊＊＊＊ 2024年6月16日の朝日新聞朝刊1面を読ませてもらいました。原発「増設」認める方針、に反対です。
ウランは原子1個あたり200[MeV]のエネルギーを取り出せる密度の高いエネルギー源です、これは化学エネルギーの約百万倍です。しかし現状ではウランが大量生産されるのは超新星爆発の時だけです、太陽エネルギーから核エネルギーに大量に変換して保存しておくのは現状技術では不可能です。
その貴重なウラン資源を今ここで消費すべきでしょうか？ウラン資源は地球上に500万トン程しか存在していません。
宇宙探査機ボイジャーに原子力電池が使われ、1977年の打ち上げから長期にわたって太陽光の微弱な深宇宙で観測を続けてたことを想起します。エネルギー密度の高いウランはこのような宇宙空間でこそ活躍すべき元素ではないでしょうか？
地上で原子力発電が許されるのは「宇宙での使用の準備のため、研究炉として」だけだと思います。
たとえば1基あたり100万キロワットにもなるような大型商業原発を増設しては、ウラン資源を早く枯渇させるだけだと思います。
将来の宇宙探査のため、または人類の深宇宙への旅立ちのため、今この地上でウラン資源を
「単なる発電のために」浪費するのは止めたほうがいいと思います。
太陽も核融合で光ってますが余命50億年と言われてます。将来世代のためにもウラン資源は保存しておきませんか？",2024-08-30,2024-07-31,2024-08-26
292,061,70代,"意見①：原子力発電は即やめるべきだ、と言いたい。
しかし、即は実際上無理だから、3～５年後を目標にしてに廃止計画を立てて廃止するべきだ。
理由：「発電時にCO２を出さないからきれいな電力だ」、というのは大きなまやかしである。ウランの採掘時に、輸送時に、施設の建設時に、大量のCO2が発生する。さらに、廃棄物の放射性の半減期はに10万年という。決してきれいな電力とは言えない。
意見②：原子力発電に関連する補助金・助成金をすべて廃止して、それを太陽光発電・小水力発電など再生可能エネルギーに振り向けるべきだ。シリコン太陽光発電のかなりの部分が、電力需給の問題から、接続中止にされて大きな無駄を生んでいるが、そうしなくていいように、蓄電池設置にその補助金を振り向けるべきだ。また、ペロブスカイト太陽光発電が急速に広範囲に普及するように補助金を付ける政策をぜひ実現させてほしい。",2024-08-30,2024-07-31,2024-08-26
293,061,70代,"１.「核燃料サイクルが破綻している原子力発電の推進」政策を直ちに止めて、総ての原発の廃炉行程を策定するとともに、一刻も早く再生可能エネルギーへの全面的採用に切り替えること
その理由を以下に述べる
政府の原発政策の根幹は「核燃料サイクル」であるが、これは誰が見ても既に破綻してい る。高速増殖炉もんじゅは廃炉が決まっているし、再処理工場も完成の見込みがない。原発を動かせば使用済み燃料が出るが、再処理ができないからどこも満杯でプールが溢れそうだ。東京電力が青森県むつ市の中間貯蔵場に柏崎刈羽の使用済み燃料を持ち込もうとしているため、最終貯蔵場になるのではないかと懸念する地元住民が反対運動をしている有様。
再処理の目的はプルトニウムの取り出しだが、実はその使い道がない。在庫のプルトニウムも減らさなくちゃならないのでMOX燃料に仕立てている。だが、技術的にも難しく危険で日本で製造できずにフランスに任せているが、これが高コストな上に扱いも難しく、おまけにその再処理すら出来ない状況だ。何のためにプルトニウムを取り出すのか全く理解できない。再処理をやめる、即ち「核燃料サイクル」を止めれば良いのだが、それが止められない。
原発は「トイレなきマンション」と言われるが、そのトイレを作る場所も決まっていない。原発を動かせば動かすほど便の量も増える。八方ふさがりの原発政策は国民負担を増やし、次世代の負担を増やすだけである。もうやめたらいかがであろうか。
更に、原発は不安定で故障も多い。一旦動かすと電力調整が難しいために、他の電力で増減を調整するが、それが再生可能エネルギー採用の妨げになっている。慥かに原発は発電時には二酸化炭素を出さないが、発電時以外、即ち燃料採掘時には労働者にウラン被ばくをさせ、運搬、原子炉の建設、取り壊して廃炉に至るまで地球温暖化ガスを大量に発生させる。しかも再生可能エネルギーよりもコストが高いことは経産省も認めている。
昨年のGX推進法などで原発の「寿命」を伸ばしたが、長期間の中性子照射によって脆化した 40年超の老朽原発に対する知見は、原子力規制委員会も含めて持っていない。配管設備等の取り換えも不可能な部品も数多い。老朽原発は再稼働させず、そのまま廃炉にすべきである。さらに、原発が一旦苛酷事故を発災した時には住民は逃げられない事態が出来する。 本年1月ⅰ日の能登半島地震は、住民の安全な避難策定など到底無理であることを改めて白日の下に曝した。住民の安全が保障できないということは、その原因である原発を廃棄するしかない。ま た、８月８日の日向灘地震では気象庁が初めて南海トラフ地震臨時情報（巨大地震注意）を発信した。だが、原子力規制庁は臨時情報による運転停止の想定をしていない。そこは全く盲点になっている。直ちに何らかの対策を講ずるべきである。",2024-08-30,2024-07-31,2024-08-26
294,061,70代,"２.「高速炉開発の着実な推進、小型モジュール炉技術の国際連携による実証、高温ガス炉における水素製造に係る要素技術確立等を進めるとともに、ITER計画等の国際連携を通 じ、核融合研究開発に取り組む」ことは止めること
その理由は以下の通りである
高速炉であろうが、小型モジュール炉であろうが、原発である限り上述（先に送信した1.
「核燃料サイクルが破綻している原子力発電の推進」政策を直ちに止めて、総ての原発の廃炉行程を策定するとともに、一刻も早く再生可能エネルギーへの全面的採用に切り替 えるこ と）した通り、「核燃料サイクル」に組み込まれるとしたら同様なデメリットが発生する。
「高温ガス炉における水素製造に係る要素技術確立等」については費用対効果として疑問であるし、技術的にも2030年までには到底間に合わず、2050年カーボンニュートラル実現を困難にすると思われる。
「ITER計画等の国際連携を通じ、核融合研究開発」については既に日本は挫折した経験を 持っている。また、核融合はトリチウムを大量に放出するため非常に危険である、と2003年に当時の小泉首相宛てにノーベル物理学賞を受賞した小柴昌俊氏が書簡を出している。技術的に難しく、ここに労力と金をつぎ込むことはカーボンニュートラルに寄与しない。",2024-08-30,2024-07-31,2024-08-26
295,061,,"３.「水素・アンモニア発電やCCUS/カーボンリサイクルによる炭素貯蔵・再利用を前提とした火力発電などのイノベーションを追求」することは止めること
その理由は以下の通りである
これらは、畢竟する所化石燃料利用を前提とするイノベーションである。慥かに、水素を燃やすと、酸素と結合して水になり、大きな熱を出し、しかも二酸化炭素が出ないからこれをエネルギーとして使うことは地球温暖化対策として有効だと言える。しかし、エネルギー源として自然界の水素を使うことはできず、一種の工業生産物としての水素ガスを使わなければならない。ところが、その水素ガスを作るために使うエネルギー消費や化石燃料などを使うための二酸化炭素排出を考慮すると、水素利用は却って二酸化炭素排出を増加させてしまう。カーボンニュートラルには使えない技術で、むしろ化石燃料発電延命策である。
CCUS/カーボンリサイクルについても気候変動対策としての有効性に疑問がある。実証実験では90％程度の回収が目安とされているが、実際は60～70％にとどまるだろう。しかも、回収されるのは二酸化炭素のみで、メタンその他の温室効果ガスは回収されない。さらに、それらを分離・回収するのためには莫大なエネルギーや水を必要とする。世界的にも実現例は少な く、実施されているのは回収した二酸化炭素を油田に注入して原油の採掘量を挙げるEOR（原油増進回収）タイプで、化石燃料発電増産に寄与する。
また、モニタリングについても非常な手間と時間・コストがかかり、結局現政府の原発政策同様、次世代へのあと送りという無責任政策でしかない。",2024-08-30,2024-07-31,2024-08-26
296,061,,"４.ALPS処理水という名の汚染水については海洋放出を中止することその理由は以下の通りである
ALPS処理水は、デブリに触れて汚染された水をALPSを潜らせてはいるが、トリチウムその他の核種に汚染されている「汚染水」である。放出する前に、汚染水の発生を止めるのが先決である。民間のシンクタンクなどから幾つもの提案があり、現汚染水の保存方法についても色々提案がされている。政府・東電はこれを真摯に検討すべきである。
上項２.（「高速炉開発の着実な推進、小型モジュール炉技術の国際連携による実証、高温ガス炉に おける水素製造に係る要素技術確立等を進めるとともに、ITER計画等の国際連携を通じ、核融合研究開発に取り組む」ことは止めること）で述べたようにトリチウムは生物に危険な核種である。特に内部被ばくがDNAの損傷、生理機能と発達の障害、生殖能力と寿命の低下、ガンなどの病気のリスク上昇といった、重大な影響をもたらす可能性がある。DNAの一本鎖および二本鎖切断、優性致死突然変異の増加、あらゆる種類の染色体異常、遺伝的組換えの誘発などの症例が科学論文として報告されている。
放出されているALPS処理汚染水は大量の水で希釈されているから「安全」だと言っているだけで、科学的な安全性が証明されたわけではない。IAEAが安全性を証明したというが、海洋放出以外の選択肢を検討していない。海の生態系への長期にわたる影響を評価したわけでもな い。IAEAの包括報告書は、あくまで日本政府の海洋放出決定を前提に、政府や東電が出した資料に基づき、海洋放出を追認しただけである。従って、IAEA包括報告書をもって、海洋放出そのものの正義（科学的に正しく安全なこと）が保証された訳ではない。
トリチウムは使用済み燃料の再処理工場から大量に発生する。現在、六ヶ所再処理工場は動いていないが、この工場が稼働した際にトリチウムの海洋放出を合理化するためには、その実績として、ALPS処理した汚染水を海洋放出しておくことが必要なのである。だが、再処理工場が稼働する見込みは今後もない。直ちに汚染水の海洋放出を止めるべきである。",2024-08-30,2024-07-31,2024-08-26
297,061,50代,"エネルギー再策を考えるに当たって、誰のためのエネルギー政策なのかをよく考えてください。私たち日本に住む人たちの為？もっと広く世界の人たちの為？
いや、そうではなく地球とその生態系のためのエネルギー政策の視点がない限り、その政策は持続可能ではない、今だけの政策になってしまいます。それは歴史が教えてきてくれたことです。",2024-08-30,2024-07-31,2024-08-26
298,061,,"原発は耐震性が低く設定されております。 (想定されている地震動の大きさを超える地震が頻発しております)
南海トラフ地震が起きる可能性も高まっている事も踏まえ、停止又は廃炉にすべきではないでしょうか。",2024-08-30,2024-07-31,2024-08-26
299,061,30代,"私は、近年の異常な暑さに伴い、気候変動の深刻さに対する危機感を強く抱いております。日本の温室効果ガス排出量の9割近くはエネルギー由来なので、エネルギー政策はとても重要です。
ただ、現在の日本の政策はとても整合性のあるものとは思えません。
まず、政策をつくる過程においてほとんど市民が参加する場がありません。民主的な意見を取り入れるためにも市民を話し合いの場取り入れてください。特に、次世代を生きるのは若者世代です。ぜひ若者の参加を取り入れてより良い政策につなげてください。
加えて、2030年の温室効果ガス削減目標を、1.5℃目標やCOP28合意に整合させ、先進国としての責任を果たせる水準に引き上げることが必要です。現状の2013年度比46%削減ではとても間に合いません。
原子力発電もいりません。新設やリプレイスなどやめてください。私たちの命や地球を危険にさらさないでください。
水素やアンモニアを使った無駄な取り組みもいりません。クリーンな技術といいますが、化石燃料を延命させたいだけの言葉にしか聞こえません。
真っ当なクリーンな雇用の確保や地域への支援、人々のくらしのサポート、格差や不平等の是正を是非ともよろしくお願いします。",2024-08-30,2024-07-31,2024-08-26
300,061,30代,"私たちの未来がどういう環境になるのかに関わる重要な事柄を属性や所属の偏った一部の人の話し合いで決めていることに強い怒りを感じます。 3.11のあと、国民のほとんどは原子力に恐怖と嫌悪感を感じていること
は明らかになっています。これを無視してまた原発中心のエネルギー政策に戻すというのならば、民主主義はどこにいってしまったのでしょうか。",2024-08-30,2024-07-31,2024-08-26
301,061,30代,"1.5度目標に整合する計画にしてください。
審議会に1番今回の結果に影響が出る若者も含んでください。原発は安全ではないです。
再エネを1番増やすように技術革新と省エネの計画を迅速に進めてください。",2024-08-30,2024-07-31,2024-08-26
302,061,10代以下,"気候危機。これはタイムリミットのある問題です。もうすでに、途上国の人々はじめとする甚大な被害が出ている中、このままでは私たちの生きる未来はさらに残酷なものになってしまうことは明らかです。私は10代として、とても恐ろしく思っています。私も所属している Fridays for Futureという団体では、それを訴えるために、毎月市民の方々と新宿駅前でスタンディングアクションをしています。私たちの声が意思決定者に届くことを願って。
今の日本には、今よりも2倍以上の再エネのポテンシャルがあると言われています。再エネは使えば使うほど、値段も安くなります。人々と環境へ悪影響な原子力を再稼働するのではなく、どうか再エネに力を入れてほしいです。少しでもましな未来にするために。
私たちは危機に瀕しています。もう残された時間はありません。今、行動してください。後回しにしないでください。どうか、私たちの希望と夢を取り戻してください。10代の悲痛な叫びを、受け取ってください。",2024-08-30,2024-07-31,2024-08-26
303,061,30代,"原発のせいで再エネ電力をすてていますこんな無駄なことはありません
核廃棄物はどうなりますか？核燃料サイクルは破綻しています
こどもに残したいのはなんですか？ゴミですか？
再エネに税金つかってください",2024-08-30,2024-07-31,2024-08-26
304,061,20代,"**炭素税の導入と再生エネルギー移行への支援を含む、日本のため、気候変動緩和のためのエネルギー政策を強く要請する！**
この度は意見を届ける機会をいただきありがとうございます。
日々記録的猛暑が続いており、熱中症で亡くなられた方の御冥福をお祈り申し上げます。
気候変動による異常な気温上昇は人災であり、将来の気候変動によるこれ以上の犠牲者を減らすために、温室効果ガスの削減を主眼としたエネルギー基本政策を作成いただくようお願いいたします。
気候変動問題は、市場の力に任せていては絶対に解決しません。現在のシステムでは、二酸化炭素を排出する企業や個人が環境への影響を社会全体に押し付けており、これが持続可能な未来への最大の障害となっています。
銀行やエネルギー会社のグリーンウオッシュ、地球温暖化への攻撃が横行する始末です。化石燃料にエネルギーを依存する政策では、真に国民を守ったことになりません!
これを是正するためには、
**炭素税の導入が必要不可欠**と考えています。排出者が真にそのコストを負担することで、初めて私たちは本当の解決策に向かって進むことができるのではないでしょうか。
さらに、**再生エネルギーへの移行が急務**であり、そのためには政府の積極的な介入と支援が求められます。化石燃料は有限であり、やがて枯渇します。今すぐにでも再生可能エネル ギーへ移行しなければ、未来はありません。
日本人は、「人に迷惑をかけないように」という教えられて育ちます。しかし、日本は現在、二酸化炭素を大量に排出し、その結果として、日本や世界の貧しくて気候変動から逃れられない人々に対して大きな迷惑をかけています。これは、日本が間違った方向に進んでいる証拠です。
お金がなくて冷房をつけられないおじいちゃんおばあちゃんがいます。
暑い中高い冷却器具を買って農作業に従事し、美味しいおコメを作ってくれる農家さんがいます。
異常気象の中で育つしかない子供がいます。
繰り返しますが気候変動は二酸化炭素排出による人災です。
私達がここにいることを思い出してエネルギー基本政策を作成してください。
**今こそ、日本が環境問題に対して真のリーダーシップを発揮する時です！** 具体的な削減計画を明示し、持続可能な未来のために、行動を起こすことを強く求めます。
何卒よろしくお願いいたします。",2024-08-30,2024-07-31,2024-08-26
305,061,40代,"1.担い手のいない原子力の議論はやるだけ無駄。原子力産業での若手採用目途が立つまで、原子力に関しての議論は凍結すべき。 (0)原子力がこれだけ必要と計算しているが、それを担う人材がどれだけ必要でいつから育成しなければいけないという
クリティカルパス的な思考が見られない（※）。少子化で働き手が不足する中で、1F廃炉などを監督する原子力規制庁などと人材奪い合いになる状況を分かっているのだろうか？
※海外旅行準備で例えるといつまでにホテル航空券予約して、海外旅行傷害保険は出発前日に加入してというスケジュール感
四則演算が覚束ない小学生（ゆたぼん）がハーバード大学行きたいと言っている方がまだ現実感あるが、ひょっとして人材確保諦めているのか？
若者から原子力が見放されている状況が分かっていないようなので、以下事例として挙げておく。 (1)原子力止めてという申し入れする若者いても、原子力是非続けてくれと請願する若者は皆無。 (2)毎年8/6に広島原爆ドームに集まる中核派学生団体（＊）ですら新入生が入ってきているのに、原子力ムラには入村者がおらず、審議会に原子力継続要望出した
前期後期高齢者しかいないブラック企業＆限界集落化している。東池袋暴走事故の飯塚幸三みたいのに原子炉運転任せるわけにはいくまい。
＊お断り：株主資本主義至上主義の自分は当該団体に賛同していない。原爆ドーム前騒ぎを見てどんな連中だろうと動画を見ると春先に「新入生にスピーチしてもらう」と
言っていたので、こいつらに勧誘される新入生いるんだと驚いた。そもそも原爆ドーム前でウクライナ戦争反対と騒ぐ意味が高尚過ぎて理解を越えている。 (3)就職控えた学生の父兄心情は、子孫残す遺伝子を傷付ける放射線だらけの原子力業界に我が子を就職させたくないが本音だろう。 (4)原子力学科廃止する大学はよく耳にするが(東海大学)、新設する大学は聞かない。審議員や事務局役人のご出身大学にも原子力学科は無いだろう。
原子力委員会委員長や原子力安全委員会委員長ご出身の東京大学ではとっくに廃止されたと聞く。
※都心や人口密集地にキャンパスある大学出身者が殆どだから原子炉実験所など設立不可と推測。 2.審議会と聞いて、福島原発事故国会事故調みたいなのを予想してたが、原稿棒読み会と名前変えたらどうか？",2024-08-30,2024-07-31,2024-08-26
306,061,70代,"政府として再生エネルギー最優先の政策を作成すべきです。原発は使用済み核燃料の処理さえ決まっていない中で廃炉に向かうべきです。
石炭火力発電は廃止時期を決め負ければなりません。遅くとも２０３０年までに日本の石炭火力は全てはいしすべきです。",2024-08-30,2024-07-31,2024-08-26
307,061,40代,"地球温暖化でこれからを生きる人や子どもたちの未来を心配しています。
化石燃料を使わないで欲しいと願っています。アンモニアを混ぜるにしても、輸入するので CO2削減は感じられません。
温暖化対策について世界から日本は遅れていると言われております、経済にも影響しておりますので、再生可能エネルギーにシフトチェンジしてください。
また、廃炉の方法も解決していないのに原発に頼るのはやめて欲しいです。被爆国であり、原発事故国でよね。
今だけの考えはやめて未来を見据えて国が行動してください。国民が胸を張って過ごせる国になる事を切に願っています。",2024-08-30,2024-07-31,2024-08-26
308,061,10代以下,"こんにちは。東京都の高校３年生の者です。
このメッセージをきちんと読んで下さるのか、読んでも政策に反映してくださるのかは定かではありませんが、せっかくこのように意見する場を設けてくださった機会を利用しようと思います。
どなたがこのメッセージを見られているのか分かりませんが、まず、この猛暑で体調は大丈夫でしょうか？通勤だけでもお疲れでしょう。。。きちんと休息を取ってください。
さて、私も元々体温調節が苦手な体でこの夏はもう大変苦労しています。
家から出れませんし、用事があってでても、すぐに免疫も弱り風邪をひき39度の熱です。
大袈裟に聞こえると思いますが、毎日、外に出れば本当に死んでしまうかもと思いながら部屋で過ごしています。
夜中にあの凄まじい雷が鳴るとこの世も終わりかと思います。
お願いです、エネルギー基本計画の会議に経済関連の50から70代の男性で会議をしないでください。環境活動団体、若者団体、女性団体も決定に参加させてください。
私は疑問で仕方がありません。あなた方はこの国の未来を良くするためにこうして働いているのではないのですか？だとしたら、どうしてこんなに現状維持、目先の利益に固執、企業との癒着ばかりしているの？もしかして、この国未来とかどうでもいいんだ。周りからすごいって言われる地位について、お金もらってればいいんだ。社会問題は解決しなきゃだけど黙ってたほうが、変えない方が、思考停止した方がラクだから、目を瞑ってるんだ。
っとここまで思っていませんが、あなた達にはこれからの社会を憂う若者の目が常に向けられていますよニコ少なくとも私は、これ以上あなたが目を瞑るなら黙ってはいません。",2024-08-30,2024-07-31,2024-08-26
309,061,20代,"思考停止の大人達で作るエネルギー基本計画はやめてください。
逆に質問ですが、このまま日本が火力７割でとんどん暑くなったり、雷、土砂災害が増える中、あなたもしくはあなたの大切な人を絶対に失わないと言えますか？",2024-08-30,2024-07-31,2024-08-26
310,061,50代,大きな地震がここのところ多く、その都度原発の心配をしなくてはなりません。未来の子供たちに住み良い日本を残したい。それには原発ではなく再生可能エネルギーの比率を知恵を絞りあげることだと思います。,2024-08-30,2024-07-31,2024-08-26
311,061,50代,"気候危機対策は資本主義と一見相容れないように思えますしお年寄りの方々は自分と関係ないとお考えなのかもしれませんが、薄々お気付きのように既に待った無しの状態です。
私ももっと先の話しかと思っていましたが、日本の一部が沈没したり海水の上昇や昆虫や微生物の絶滅により（既に4割が絶滅したという説もありますよね）病気が蔓延したりして人類の命の危機が迫っています。
今だけ金だけ自分だけと言っていられる時代はもう終わりました。
既に数十年前から対策を取り入れている北欧の真似をするだけでもかなり違うと思います。グリーンビジネスは新たな雇用と経済を生むでしょう。
使い捨てプラスチックの使用を禁止する。化石燃料を禁止する。
原発を廃炉にする。
ゴミを暖房や電力供給に利用する。下水を冷暖房に利用する。
生ゴミや家畜の排泄物からバイオガスを生産する。自転車通学通勤を推奨し、EV車の普及を促す。
全部罰則付きにすれば真面目な日本人はすぐにやりますよ。世界一の気候危機対策国家にだってなれるかもしれません。
とにかく本気で対策してください。これは人権と命の問題で、人類の存続の問題です。よろしくお願いします。",2024-08-30,2024-07-31,2024-08-26
312,061,40代,取り返しのつかない事になる寸前の今、現在ある省エネ再エネの技術を最大限活用し、一刻も早く脱炭素への政策に本気で取り組んでほしい。もちろん、原発の廃止、化石燃料関連の不確実な新技術に頼らないことを望む。,2024-08-30,2024-07-31,2024-08-26
313,061,50代,"廃炉にもお金がかかり災害時の危険も計り知れない原発は全廃の一択です。福島のような原発事故を2度とおこしてはならないと思います。
再エネ事業に大幅な予算拡充をしてください。",2024-08-30,2024-07-31,2024-08-26
314,061,,"脱原発
原発、完成しない核燃料サイクルで電気代コスト増反対",2024-08-30,2024-07-31,2024-08-26
315,061,60代,原発は、コストが安い、CO2排出量が減らせるという間違った考えをまず、改める必要があります。もっと科学的根拠と真実に基づいた議論を望みます。ドイツやデンマークなど再生可能エネルギーを進めている国々の計画的な政策に学ぶべきです。世界の流れは、再生可能エネルギーです。いつまでもエネルギーのベースロードを原発や化石燃料にしていては、もう待ったなしの地球温暖化、気象変動は止められません。輸入に頼らないエネルギーに舵を取るべきです。次世代のために脱原発をし、再生可能エネルーが変動的ならその対応を研究し、政策を推し進めるべきではないですか？！3・11の原発事故で何が失われたか、日本は地震大国であることを忘れてはいませんか？,2024-08-30,2024-07-31,2024-08-26
316,061,50代,"総括原価方式のような
原発の負の遺産も全て消費者と国民に背負わせるような規制資産ベース（RAB）モデルの導入に反対します。
自然エネルギーで地産地消、純国産の水力・地力・風力を中心に、企業・自治体・家庭の屋根に太陽光設置が、
災害にも経済にも、国際競争力にも強いエネルギーです。
そこを経済産業省は推進する基本計画の策定をしてください。",2024-08-30,2024-07-31,2024-08-26
317,061,30代,"太陽光発電の最大出力時にPCS（パワーコンディショニングシステム）がサイバー攻撃などで一斉にオフにされるとブラックアウトのリスクがあるにもかかわらず、日本はまともに対策が取られていないことが大変懸念されます。 DR（デマンドレスポンス）、VPP（バーチャルパワープラント）、蓄電池についてはサイバーセキュリティ対策が進んできている一方で、太陽光発電設備は中国からのサイバー攻撃などの脅威に対する盲点となっていますし
そもそもメガソーラーなどは中国に材料などが依存していますので利益も渡っています。これは、風力発電や蓄電池の材料関連も同様です。
中国で製造されたメガソーラー用のパネルや風力発電の内部に悪意のあるソフトウェアを組み込むことは可能ですしおそらく中国で製造したものは裏で仕込んでいていつでも中国側から操作できるようにしている可能性が
高いです。
この懸念は、世界の太陽光パネルや風力発電のタービンの多くが中国で生産されていることに起因しています。
これにより、サイバー攻撃に利用される可能性のあるソフトウェアが含まれるリスクがあります。
さらに、メーカーによるPCSファームウェアのアップデートなども課題です。太陽光発電や風力発電のこれらのリスクを
無視することは国益に対する大きな危険性を引き起こし最悪ブラックアウトさせる弱みを握られていることになります。
繰り返しますが、サイバー攻撃リスクが高いためこれらの対策が完全になるまで一旦エネル ギー基本計画を見直して再エネのサイバー攻撃リスクの議論をすべきですし事実太陽光発電にサイバー攻撃は仕掛けられ日本でも
太陽光発電施設の監視機器がサイバー攻撃を受けた事例があります。 2024年5月1日約800台の遠隔監視機器が攻撃され一部がネットバンキングの不正送金に悪用されていました。この攻撃には中国のハッカー集団が関与した可能性が指摘されています。この事件は、太陽光発電設備など再エネ関連のサイバーセキュリティの脆弱性を
浮き彫りにしています。
やはりこれらを考えても中国に材料関連や発電設備の製造が依存せざるを得ない風力や太陽光発電のような再エネの推進は全くもって賛同できません。
日本が推進すべきは、セキュリティリスクを考えても自国で対策が取れる原発と高効率火力の二つだと思います。
これらが安定供給ができかつCO2削減と
セキュリティ攻撃リスクを減らせる手段であることを国内外に訴えるべきです。 EUや国連も再エネ関連のサイバー攻撃リスクをさっぱり理解してないので国際会議で必ず再エネのサイバー攻撃リスクや材料関連の
中国依存、利益が渡っている構図の問題を取り上げるべきです。",2024-08-30,2024-07-31,2024-08-26
318,061,30代,"日本は、原子力を推進するならまずは
被曝教育や情報発信をしっかり行うべきです。
これを行わないために過度に被曝を恐れ原発が危ないものだと思い込んでる国民が多いです。例えば、福島の年間の被曝量はＣＴスキャンの瞬時被曝量よりも少ないのです。
このことはほとんどの国民や企業から知られていません。
さらに、環境省の三県調査でも全く離れた他県とのがんの発症率の有意差は確認されませんでした。
そもそも、100ミリシーベルト未満での確率的影響、確定的影響ともに確認されてませんので年間数ミリシーベルトの福島の被曝で
がんが増えたと思い込んでる時点で科学リテラシーに問題のあるメディアや国民が多すぎることを物語ってます。
スクリーニング検査を桁違いに増やしたので
甲状腺がんなどが見つかる数が増えるのは医学的に当たり前でありがんの発症率自体はあの過酷な事故を起こした福島でさえ他県と有意差はないのです。
本来こういうことを丁寧に説明して国民理解を得ないと特に科学リテラシーの低い左派
メディアや国民の原発反対運動は収まりませし原発の新設、リプレイスは進まない原因はここにあると思います。
やはり、著名人などと連携し処理水の時と同様国がSNSやYouTubeなどを積極活用し被曝について専門家を招いて情報発信すべきです。
とにかく広報が足りてません。
さらに、高齢者はあまりsnsを見ないのでやはり原発のある地元でも粘り強く被曝についてのリテラシー教育のイベントや広報をすべきです。
学生向けにも本来は被曝リテラシーは学校の教員が指導すべきですが、左翼教員や教授は自身の反原発のイデオロギーを剥き出しにして誤った教育を行ってますしそこにメスを入れようとしても日教組などが妨害するのでやはりSNSやYouTubeを高い著名人と連携し発信するなど外部ツールを使うしかないと思います。
そもそも、世界のどこにいても宇宙線からの影響で毎年数ミリシーベルト必ず自然被曝をしてることすら知らない国民が大半だと思います。
中間貯蔵施設や最終処分場が決まらないのも
自治体のトップすら被曝リテラシーが低く国民に説明ができないためだと思います。
北海道の鈴木知事はその典型例でまともな被曝リテラシーがあったら文献調査の先に進ませないとは発言しないはずです。
北海道の鈴木知事など科学リテラシーの低い自治体のトップたちにもしっかりと被曝教育を行ってください。
そもそも、なぜ中間貯蔵施設や最終処分場が必要なのかというと原子力を安定稼働することで CO2を減らしながら停電リスクを減らさるということです。
再エネがあれば原発も火力もいらないと主張する左翼たちは再エネの設備利用率の低さや
蓄電池での調整コストの高さすら何一つ理解してないのでそろそろ再エネは原発より安いという蓄電池のコストなどを無視した訳のわからない主張にある程度の蓄電池の導入の仮定をしてでもいいので何かしら反論すべきです。
そもそも、原発より再エネが安いという誤った主張が広がった原因は以前ワーキンググループが統合コストを抜いて再エネのコストを
菅政権下で算出したためです。
これ以降、左派メディアや反原発、反火力の
人間が騒ぎ初めましたが設備利用率20%未満の太陽光発電や設備利用率30%程度の風力発電を蓄電池などに頼らず安定供給できる原子力などと並べて経産省ワーキンググループが以前試算していたのが原因と考えています。
このようなミスリードな再エネコストの試算は直ちに見直すべきです。
最後になりますが、AIやデータセンターに安定供給するには再エネや蓄電池では不可能です。蓄電池の残量や経年劣化具合に左右されいつ停電するか分からなくなります。
原子力と高効率火力の２つに投資しないと安定供給は物理的に不可能です。
いい加減脱炭素という言葉の響きで政策立案するのはやめるべきです。そもそも世界の3%しかCO2を出してない
日本がわずかながら発電分野から減らしたとて温暖化にはほとんど関係ないです。
化石賞というなら日本の10倍CO2を出してる中国に言うべきだとなぜ国連やEU、NGO団体に反論すらできないのでしょうか？
外務省や環境省が勉強不足だから言われっぱなしになってるのが日本人としてとても情けないです。
そもそも、トータルライフサイクルでパネルやレアメタル、レアアースの加工のプロセスの環境負荷、バッテリー製造過程のCO2排出などを全く考慮せずに再エネ、EV、蓄電池を
環境に優しいと思い込んでる企業や関係者はあまりにも不勉強ではないでしょうか？結局再エネやら蓄電池を増やせば電気代と
停電リスクが跳ね上がるだけなのに自分で
自分の国を苦しめているようにしか思えません。いい加減日本は国連やEUの言いなりになって
再エネやらEV、蓄電池を増やし続け国民の
電気代や停電リスクを引き上げるのは見直すべきです。
日本は国債送電網も繋がってないのでヨーロッパの論理を押し付けてくるな、これは完全なる内政干渉だとなぜ彼らに言い返さないのですか？
日本はいつからここまで物が言えない国になったのでしょうか？
頼みますから国連やEU、国内外に再エネや蓄電池を増やす問題点を説明してください。そして、福島の過酷事故でさえ現在の年間の被曝量はCTスキャンよりも少ないことを 国内外に説明すべきです。
ちなみに、日常的な喫煙のリスクは1000から2000ミリシーベルトと同レベルと言われてますので反原発活動をやりながら日常的に喫煙してる人間は明らかに矛盾してることも説明すべきでしょう。",2024-08-30,2024-07-31,2024-08-26
319,061,30代,"過去のCOPやG7で化石燃料からの脱却から再エネへの大きな転換が国際的に合意されたはずです。また原発への回帰は、核ごみの問題や東日本大震災の事故を鑑みれば、あり得ないはずです。
これまで先進国として経済成長のもと、温室効果ガスを大量に排出してきた事を考えれば、これからは諸外国よりも先進的で野心的な温室効果ガス削減への対策を進めていく「責任」があると思います。 2013年比で2030年の温室効果ガス削減目標値は最低でも62%、さらに高い目標値を設定し政策を決め、進めていくよう期待しています。",2024-08-30,2024-07-31,2024-08-26
320,061,20代,"将来への強い危機感と不安を抱く若者として、エネルギー基本計画が未来を守る政策になることを強く求めます。
毎年のように異常気象や自然災害が人々の命を奪う中で、私は私たちの未来が、これからの地球が、どうなるのかという不安を抱き続けています。
地球の気温上昇が1.5℃に達するまで、私たちに残された時間はごくわずかです。この短い期間の中で、迅速に気候変動対策を進めなければなりません。
未来を守るためには、今すぐに具体的で大胆な気候変動対策を講じることが不可欠です。私は 2035年までに、日本の電源構成を原子力に依存せず、完全に脱炭素化することを強く求めま す。現在のエネルギー政策では、化石燃料や原子力への依存が続いていますが、これでは持続可能な未来を築くことはできません。化石燃料への依存は、気候変動の進行を加速させるだけです。水素、アンモニア、CCSといった新技術に頼り、化石燃料を延命することも将来にとって良い選択肢だとは思えません。決定的に重要なこの10年で実用化が間に合わない可能性が非常に高いためです。
化石燃料自体から脱却し、再生可能エネルギーの導入を急速に進めていただきたいです。
さらに、2030年の温室効果ガス削減目標を、1.5℃目標やCOP28合意に整合させ、先進国としての責任を果たせる水準に引き上げていただきたいです。
自然災害やエネルギー問題がこれ以上深刻化する前に、日本が積極的なリーダーシップを発揮し、持続可能なエネルギーへの移行を推進することを切に願っています。
この意見書を通じて、私の声が届き、行動のきっかけになりますように。どうぞよろしくお願いいたします。",2024-08-30,2024-07-31,2024-08-26
321,061,,"私たちパルシステム生活協同組合連合会は「心豊かなくらしと共生の社会を創ります」を基本理念として1都12県で活動している生活協同組合のグループです。東京電力福島第一原子力発電所の事故を受け、2012年に「エネルギー政策」を制定、2023年3月には「環境・エネル
ギー政策」を策定し、2030年までの温室効果ガス削減の具体的な目標値を掲げ、持続可能な社会の実現を目指して活動しています。これまでも事業活動や組合員家庭における省エネルギーの推進、脱原子力発電運動、地域と協同した再生可能エネルギー普及活動に取り組んでまいりました。再生可能エネルギーを中心とする電力供給事業においては2021年から2022年にかけて電力市場価格の急激な値上がりにより経営難に陥り、また、多くの新電力事業者も倒産や事業停止に追い込まれました。そのような中でも、多くの組合員の協力を得ながら、「FIT電気
（再生可能エネルギー）+再生可能エネルギー」比率を2023年度実績で70.5％とし、再生可能エネルギーの推進を続けています。
第7次エネルギー基本計画が、原子力にも化石燃料にも依存しない、脱炭素社会のあるべき姿を描いたものとなるよう、以下意見を申し述べます。
１．次世代、一次産業従事者を含む多様な立場の国民が論議に参加できる仕組みを要望しま す。また、消費行動やライフスタイルの選択を通じ脱炭素社会の実現に主体的に参画できるような情報提供を求めます。
気候変動問題は、国民の命やくらしに関わる重要な課題です。エネルギー基本計画の見直しにあたり、プロセスやスケジュールを広く周知し、多様な立場の国民が参加できる機会を設 け、その声を計画に反映してください。とりわけ、総合資源エネルギー調査会などのエネル ギー政策の決定プロセスに、気候危機の悪影響を大きく受ける第一次産業の関係者、気候災害や原発事故の当事者、将来世代などの参加を強く求めます。また、環境省の「デコ活」（脱炭素につながる新しい豊かな暮らしを創る国民運動）などの発信力強化、国民一人ひとりが自身の消費やライフスタイルを持続可能なものにするために、各省庁と連携した啓発強化を求めます。
２．エネルギー需要量の大幅縮小を可能とする社会の構築を目指し、省エネルギー施策を強化してください。
脱炭素社会の実現のためには、エネルギー需要量を縮小させることが重要です。2023年に開催された「第28回気候変動枠組条約締約国会議（COP28）」で採択された決定文書では、省エネ改善率を2030年までに世界全体で2倍にするという目標が掲げられました。生活・産業全般におけるエネルギー需要量を最小限に抑え得る社会の構築を促し、さらに省エネルギー施策を尽くしてください。その上で、必要量をいかにまかなうかを検討してください。技術革新による省エネルギー施策に大いに期待します。
３．原子力発電ゼロへの早期移行と工程の具体化を求めます。
東京電力福島第一原子力発電所の事故から 13 年が経過してもなお、多くの方々が避難を余儀なくされ、損害賠償、除染・中間貯蔵施設事業、廃炉・処理水対策、膨らみ続けるこれらに要する費用、風評被害対策など、課題は依然として山積したままです。第６次エネルギー基本計画においては「可能な限り原発依存度を低減する」と位置付けられているなか、2023年にＧ Ｘ推進法のもと原発の最大限活用への方針大転換が行われました。そして2024年４月、世界最大の原子力発電所である東京電力柏崎刈羽原発において地元住民の同意がないまま燃料装填が開始されました。いまだ使用済み核燃料の最終処分問題が未解決であり、さらに能登半島地震により国民全体の不安が増大していることを踏まえれば、柏崎刈羽の再稼働を前提とした推進計画をすすめるべきではありません。また、原子力発電所の新規増設費用を国民に負担させることはあってはならないことです。
４．2050 年再生可能エネルギー100％に向け、2030 年の導入目標を国際的水準である 50％以上としてください。
日本のエネルギー選択において踏まえるべき「安全性」「環境（脱炭素化）」「安定供給
（自給率）」を同時に満たす電源は再生可能エネルギーです。近年の化石燃料の価格高騰は、エネルギーを輸入に頼ることの危うさを明らかにしました。わが国の再生可能エネルギーの割合は21.7％と諸外国と比較しても低い水準で、地熱・水力などの資源が豊富に潜在するなか十分に活用が進んでいません。エネルギー供給の内製化を推進し、自立・分散型エネルギーシステムを構築することで、非常時の電源確保、エネルギーの効率的な活用、地域経済の活性化・雇用の創出につながります。環境や社会の長期的な持続可能性を考慮すれば、2050 年には 100％を目指すべきです。「第28回気候変動枠組条約締約国会議（COP28）」で採択された決定文書では、再生可能エネルギーを2030年までに発電容量を世界全体で3倍にするという目標が掲げられました。IPCC1.5℃特別報告書の想定水準である、2030 年時点で50％以上の再生可能エネルギー導入を目指し、蓄電池の早期開発をはじめあらゆる政策を総動員し強力に進めることを要望します。
５．石炭火力は 2030 年までの段階的廃止を求めます。
石炭火力発電における温室効果ガス排出量は非常に高く、電源構成比も30％を超える水準で気候変動問題に大きく影響します。2024年４月の先進7カ国（G7）気候・エネルギー・環境相会合では「2035年までに石炭火力発電の段階的廃止」が合意されました。日本は水素・アンモニア混焼やCCS（炭素回収貯留）の技術が排出削減対策に該当するとしていますが、有効性、経済性、環境影響などに懸念のある不確実な技術であり、石炭火力の温存に繋がる懸念があります。石炭をはじめとした化石燃料からのダイベストメント（投資撤退）も含め、脱石炭火力への世界の潮流の中で、限られた政策資源を終息に向かう技術分野に投入することはやめるべきです。
以上",2024-08-30,2024-07-31,2024-08-26
322,061,40代,"日本のエネルギーを持続可能な自然エネルギーへ切り替えてください。原発はゼロに向けて縮小してください。
原発は運転時に二酸化炭素を出さないけれど、核物質の処理に問題があります。将来を生きる人たちのことも考慮した、正しい判断をお願いいたします。
私たちの血税を今を含めて未来に向けて無駄なく活用してください。",2024-08-30,2024-07-31,2024-08-26
323,061,,決定に若い方の意見が必要だと思います。,2024-08-30,2024-07-31,2024-08-26
324,061,40代,"残暑が厳しい日々が続いておりますが、皆さまにおかれましてはお健やかにお過ごしのことと存じます。甲子園では若き球児たちがこの猛暑の中、全力でプレーし、そのひたむきさが日本中に感動を与えています。その一方で、真夏にプレーする方も観戦する方も、もはや命がけの大会となっています。
さて、エネルギー基本計画の改定にあたって、皆さまが長年培われた知恵と経験で、日本のエネルギー政策の舵取りをされていることに、心から敬意を表します。石炭火力や原発を守り抜くその姿勢には、まるで甲子園球児たちの粘り強く鍛え抜かれた守備を見ているかのようで、思わず拍手を送りたくなります。
しかし、甲子園の選手たちも攻守のバランスが取れてこそ勝利を手にします。今、この気候変動という強敵に対しても、少し攻めの姿勢が必要かもしれません。再生可能エネルギーは、未来を切り拓くためのバットのようなものかもしれませんね。
未来の日本が、甲子園のように熱く燃える一方で、涼しく快適に過ごせる夏となるよう、皆さまの豪快な一振りで再生可能エネルギーへの転換という逆転満塁ホームランをお願いいたします。",2024-08-30,2024-07-31,2024-08-26
325,061,40代,"１、３．１１の教訓を元に、国内の原発をすべて廃止して下さい。福島の原発近くにお住まいだった方々の甲状腺がん検査は今も続いているのでしょうか？
２、ドイツでは2030年までに再生可能エネルギーを80%まで増やし、石炭火力発電を0%にする計画を立てています。ドイツは３．１１をきっかけに原発ゼロを閣議決定し、2030年に向けて邁進しています。当該国である日本が原発、石炭火力発電を50％近く維持することは不条理であり、国民の命より経済を重視している決定です。
日本も再生エネルギー１００％を目指す内容を入れて下さい。
３、今年の審議会の日程は、前回のように前日告知ではなく早急に国民にお知らせ下さい。国民にも参加し知る権利が有ります。
４、委員会の半数以上を女性、そして将来世代の年齢層で構成して下さい。男性よりも女性の方が気候危機に関する不安が高いという調査結果があります。そして気候危機の一番の被害者であるのは若い世代です。
国民の声はどの程度届いているのでしょうか？",2024-08-30,2024-07-31,2024-08-26
326,061,30代,"一刻でも早く脱炭素の実現を。国や企業の取り組みは勿論ですが、もっと国民の脱炭素への意識を高める。生活様式の変化を促す必要もあると思います。
特に高齢者や所得の低い人たちは新しいスタイルへの切り替えが難しいと思います。
気候変動問題への理解を深め、脱化石燃料の必要性を伝えると共に、太陽光パネルの設置や電気自動車への切り替えなどが経済的にも負担が少なく、メリットのある形で進む策を検討ください。
気候変動が怖すぎます。
手遅れだったという結果にならない、みんなが幸せに暮らせる未来の為の政策をお願いします。",2024-08-30,2024-07-31,2024-08-26
327,061,,"下記のリンク先に掲載されている日本のエネルギー基本計画に関するAIGCCの立場表明書を、ここに提出いたします。本書は当団体を代表して提出するものでございます。可能であれば、第7次エネルギー基本計画の議論に関与する総合資源エネルギー調査会の基本政策分科会に、この立場表明書を提出し、プレゼンテーションを行いたいと考えております。ご対応いただける場合はお知らせください。
We would like to humbly submit the AIGCC Position Paper on Japan's Strategic Energy Plan, which can be found on the link below. This is submitted on behalf of our organization. If possible, we would like to present this position paper to the Basic Policy Subcommittee of the Research Council for Natural Resources and Energy, which is involved in discussing the 7th Strategic Energy Plan. Please do let us know if this would be possible.
The link to the position paper is here: https://investorgrouponcc-my.sharepoint.com/:b:/g/personal/nigel_decoopman_aigcc_net/EQAjIivjxlZElsy6KhwOLjYBI lCbXE8DAqfGpPfrHeW7bA?e=7cs4t6
The access code is: AIGCC7SEP",2024-08-30,2024-07-31,2024-08-26
328,061,30代,"１．プロセスの問題
エネルギー基本計画策定プロセスには、市民が参加する場がほとんどありません。
審議会における検討に若い世代を含む多様な立場の専門家や環境団体、市民の参加を確保するとともに、民主的で透明なプロセスによる「国民的議論」を行うことを、市民団体などは求めています。
２．野心的な気候変動目標が必要
エネルギー基本計画の見直しとあわせ、2030年の温室効果ガス削減目標を、1.5℃目標やCOP28合意に整合させ、先進国としての責任を果たせる水準に引き上げることが必要です。現状の 2013年度比46%削減（50%の高みをめざす）では、不十分です。
加えて、2035年に向けた新たな野心的な削減目標（*）を設定し、遅くとも2025年2月までに国連に提出することが必要です。
*「世界全体で2035年までに60%以上削減（2019年比）」を大きく上回る目標
３．2035年までに、原子力を使わずに電源の脱炭素化を G7サミットで合意されている「2035年までに電源のほぼすべてを脱炭素化する」目標は、原子力に頼らず省エネと再エネで実現する必要があります。 COP28で合意された「化石燃料からの脱却」と「2030年までの再エネ設備容量3倍及びエネル ギー効率改善率2倍」というグローバル目標に、先進国である日本として大きく貢献する必要があります。
４．原子力は新増設・リプレースや新型炉の開発をやめ、期限を定めて廃止を
原子力について、再稼働、運転延長、新増設・リプレースや新型炉の開発をやめること。原子力規制や避難計画なども見直す必要があります。
既存の原発も期限を定めて廃止が必要です。
現在、産業界や電力業界は、原発の新増設・リプレースを明確に書き込み、これまでの大方針である「原発依存度の低減」の削除を求めています。
５．化石燃料を延命する新技術には頼らないこと
決定的に重要なこの10年に実用化が間に合わず、実現可能性が不確実かつ高コストで、環境・社会への悪影響が懸念される化石燃料関連の新技術（水素・アンモニア、CCS等）には頼らずに、化石燃料自体からの脱却が必要です。
６．クリーンな雇用の確保や地域への支援、人々のくらしのサポート、格差や不平等の是正を原子力と化石燃料から、省エネ・再エネを中心とした産業・社会構造への公正な移行が円滑に進むよう、クリーンな雇用の確保や地域への支援、人々のくらしのサポート、格差や不平等の是正に取り組む方針が必要です。",2024-08-30,2024-07-31,2024-08-26
329,061,40代,"東京新聞で原発１基を建設する費用が出ています。
私達の税金を無駄にしないためにも、気候変動を止めるためにも、再エネ100%を目指してください。
https://www.tokyo-np.co.jp/article/348660?fbclid=IwY2xjawEzQlpleHRuA2FlbQIxMQABHej4s3L7GjPKApcOA8AmUIG vc-_kF_gG4qWwXjHdAD7mV78cZvDPf886yg_aem_2Utt49b4lJf6-ADU0Rr48A",2024-08-30,2024-07-31,2024-08-26
330,061,50代,"パリ協定を守るために具体策を法案化してください。天気予報で気候変動についてふれていくことも意識を高めるため有用だと考えます。行動で示して欲しいです。
よろしくお願い申し上げます。",2024-08-30,2024-07-31,2024-08-26
331,061,,"COP28では再生可能エネルギーを、2030年までに３倍にする方向が確認されました。現在の第六次エネルギー基本計画では1.7倍にしかなりません。
再エネ３倍へ向けたエネルギー計画をすすめるべきです。",2024-08-30,2024-07-31,2024-08-26
332,061,,"脱成長でCO2削減を！
資源エネルギー庁もCO2削減には「省エネ」「再エネ」「GDPの抑制」の３つの方法があると指摘しています。しかし、GDPは拡大することを想定しています。
これでは1.5℃目標に整合するCO2削減を実現できる見通しは皆無です。1.5℃目標を67％以上の確実性で実現するための炭素予算(残されたCO2排出許容量)は、世界規模で５年分しか残されていないからです。
「GDP」の抑制を組み込んだ気候対策を打ち出すべきです。このままでは、2030年46％さえ実現できません。
少なくとも今すぐ、ゼロ成長を前提としたエネルギー基本計画を打ち出すべきです。",2024-08-30,2024-07-31,2024-08-26
333,061,70代,岸田内閣になって原発推進方針が打ち出されました。私は原発再稼働には賛成ですが、次世代原発新設には反対です。その理由としては次世代原発建設は発電コストが高いからです。資源エネ庁でさえも次世代原発は高いことを認めています。電力としては、再稼働原発と再エネ発電、LNG火力発電と電力融通網充実で十分です。もうすでに西日本では原発は10基稼働して再エネも拡大して電力供給は十分です。関東・東日本では1基も再稼働しておらず電力不足が心配されていますが、せめて日本原電東海第2原発くらいは再稼働させてほしい。革新軽水炉をどうしてもやるつもりならば、税金を突っ込まない原発発電コストを示してもらいたい。また太陽光は用地不足で拡充余地がないという人がいますが、日本には耕作放棄地が29万ヘクタールもあり、農地のままで太陽光発電できるようにすれば今の太陽光依存度の11％を50％近くまで増やすことができます。これにプロブスカイトなどでビル壁面を活用すれば拡大余地は十分です。発電コストが高く、建設期間が長い革新軽水炉に頼るのは日本にとって危険です。,2024-08-30,2024-07-31,2024-08-26
334,061,30代,"持続可能な再エネ100％と公正な社会を実現する、新しいエネルギー基本計画を求めます。
原子力発電は放射性廃棄物を発生させる発電方法であり、決して持続可能ではありません。気候・エネルギー問題を解決するには、エネルギー消費や経済・産業のあり方を見直した上で、化石燃料や原子力から脱却し、持続可能な再生可能エネルギー100%の公正な社会にシフトすることが不可欠です。
わたしたちや、これから生まれる子どもたちのために、安心して生きていける地球を残してください。",2024-08-30,2024-07-31,2024-08-26
335,061,60代,"地球温暖化どこか地球沸騰化といわれる現状を鑑み、エネルギーの脱炭素化は待ったなしです。
それではどうすれば良いか？
原発は論外です。発電時には、CO2を出さないと言っても、燃料の精製過程などではCO2を排出する原発は、脱炭素化の決め手にはなりません。そして何より危険すぎます。地下では4枚のプレートがひしめき合い、地上には1億人以上が住んでいる日本には、原発は不向きです。東日本大震災クラスでなくても、能登半島地震クラスでも一部の外部電源が失われたと言われています。
では、核融合などの画期的新エネルギーがどうかと言うと、とても実用化まで待っていられません。核融合については、実用化まで30年はかかると言われています。
やはり徹底した省エネルギーを行った上で、再生可能エネルギーを用いるのが現実的です。再生可能エネルギー100％を実現するには、再生可能エネルギー発電所を増やすだけでなく、電力会社間で融通するための送電網の拡充・電力貯蔵装置の拡充も必要です。
「それが難しいから再生可能エネルギーは増やせない」との意見もありますが、電力融通技術はすでにあります(日立のTVコマーシャルで、ヨーロッパの国と国とをつなぐ電力融通ネットワークを日立が作ったことが紹介されています)。電力貯蔵もバッテリーだけでなく、電気分解で水素を作り、吸蔵合金に貯蔵して、電力が必要なときは燃料電池で発電する方法が実用化しています。しかもその合金は鉄を主成分として安価だそうです(郡山の農協の倉庫で使われていることを、ＮＨＫの科学番組で見ました)。
火力発電はそれまでのつなぎとして、5年間は現状通りに、10年後には半減、15年後には全廃というのが現実的でしょう。
原発は、巨大地震がいつ来るかもわからなので、1～2年中にも全て停止して、その後可能な限り速やかに解体・撤去すべきです。",2024-08-30,2024-07-31,2024-08-26
336,061,60代,基本政策分科会第60回感想 K委員は、個人的には味方だと思っているが、ゲストの経済同友会に、「原発推進と言っているが、バックエンドをどうするのか」とか「何故、洋上風力を選択肢に加えないのか」と言う質問は、今更、遅いし質問する相手が違う。バックエンドは原子力専門の委員と、もっと以前に議論していなければいけないし、洋上風力の質問に答えられる専門家が委員の中にいないのも大きな問題。加えて、何故、経済団体がエネルギー・ミックスの構成に口を出すのかも全く意味不明。そもそも委員間の議論なんて見た事ないし、会議で何らかの意思決定がなされた事も見たことがない。だらだらと時間を潰しているだけ。専門家をなぜ入れないのか？テレビのコメンテーター扱いみたいな人だけではなく。これは、K委員が悪いのではなく、会議の主催者と座長の責任。第60回では、政府側は「国民との対話」を「若者の意見を聞く」とすり替えているし。政府案を追認するだけの会議は不要。専門家による、データとエビデンスに基づいた、国民交えた意思決定、これに尽きる。,2024-08-30,2024-07-31,2024-08-26
337,061,10代以下,"・60歳を過ぎた高齢男性をエネ基の会議に少なくして、若者、環境団体、再エネの業界の人などを会議に入れてください。
世代交代。世代交代ですよ。。。。。。。。。
これからを生きる若者に会議の席を設けてください。切実な願いです。お願いします。
・何度も言いますが、再エネ推進しましょーーー！
・海底の新たな資源採掘ではなく、再エネの課題点（安定供給の難しさ、新たな環境破壊、廃棄物処理の問題）の解決に向けた研究に予算をお願いします。→エネ基では決められないですかね？
・エネ基策定の過程の透明感をもっと出して下さい！何やってるか全然わからない。。。。
・意見を反映しない意味のない意見箱、パブコメはお互い早く家帰りたくないですか？意味ある仕事にしていきましょうよ、、、建前主義求めてないですぅぅぅ
全く関係ないけど、 webページ見にくいし、情報もっとわかりやすくできません？外部の企業の人にやってもらうとか？
軍備増強しているな場合はありませんよ！！
色々言いましたが、普段からこの国のために忙しく働いてくださってありがとうございます。。。綺麗事になってしまうけど、若者が希望を持てる未来を作っていきましょうね",2024-08-30,2024-07-31,2024-08-26
338,061,70代,"この地震が多数発生する日本で、原子力発電を使用し続けるの事には反対します。
福島の原発事故も全然収拾の目処が立っていないのに、原子力を使い続けるのは無責任過ぎるのではないか",2024-08-30,2024-07-31,2024-08-26
339,061,60代,石炭火力発電は早期に廃止すべき原発推進政策も改めるべき,2024-08-30,2024-07-31,2024-08-26
340,061,40代,原発ありきのエネルギー政策に反対します。,2024-08-30,2024-07-31,2024-08-26
341,061,,"すべての原発を稼働させない洋上風力、再エネ拡大
アンモニア混焼やCCSは、諦めるべき",2024-08-30,2024-07-31,2024-08-26
342,061,60代,原発に依存するエネルギー計画には絶対反対です。チェルノブイリ原発事故も東京電力福島原発事故もまだその被害は続いていて、終息の見通しも立っていません。,2024-08-30,2024-07-31,2024-08-26
343,061,70代,"原発の再推進には断固反対です。理由
日本は災害大国であり特に地震が多く、南海トラフの危険もある。 40年以上の原発は即廃炉にし、
核燃料サイクルは中止する。",2024-08-30,2024-07-31,2024-08-26
344,061,50代,能登半島地震では、原発設置が中止になっていなければ福島での事故の再来だったと思います。原発の利用は絶対反対です。,2024-08-30,2024-07-31,2024-08-26
345,062,60代,"＊一たび重大事故が起きれば、その周囲には住めなくなる原発はなくすべきだと思います。福島原発の【NHKスペシャル 「原発メルトダウン 危機の88時間」】を見れば、今東京に住めるのは奇跡だったことが分かります。委員の先生方も見ていただきたいと思います。もしかしたら今東京で会議は出来なかったかもしれないのです。
＊再エネを増やすことで、CO2削減、化石燃料の輸入費用（国富流出）を削減できます。再エネ増設の費用と火力を継続する費用（混焼、CCSなどを含めて）を比較したデータを国民に示したうえで、再エネ比率の議論をしてください。",2024-09-12,2024-08-27,2024-09-09
346,062,40代,"8月20日の原子力小委員会では、事務局から半導体工場とデータセンターの電力需要増加を理由として脱炭素電源投資の重要性が強調され、原発活用国の原発維持策が説明されました。
北海道に住むものとして、脱炭素が理由だとしても原子力に頼ることを理解できません。食料自給率の高さや、安心安全の北海道ブランドを大切にしたいからです。
また、原子力発電の維持の為のお金を税金や電気料金から出させようとしていることが透けて見えました。
このままでは原子力を含むあらゆる発電システムに関する「事業者の都合」が、すべて電気料金に課金され、わたしたちが払う電気料はますます高騰してしまいます。
半導体工場やデータセンタなどを稼働させたいがために、家庭でほそぼそと電気を使っている私たちがこれ以上の負担をすることはできません。電気料金に加算するのであれば、大規模消費者に求めてください。",2024-09-12,2024-08-27,2024-09-09
347,062,60代,"今回の検討に際して、以下の項目について、しっかりと議論して頂くことを期待します。
エネルギーに占める電力と熱（冷却も含む）の需要の量と割合
それぞれの省エネの余地の深掘り‥部門別、用途別、自家発電の位置付け
内需だけではなく、輸出扱いになっている国際便及び外航船への内地積み燃料も検討対処とする。
必要とされる非鉄金属（電線や電池関連の素材）及び水の確保（*）
* 米国のデータセンターでは冷却に大量の水を消費するため大手は消費量を公表中
5 エネルギー需給構造の変化に伴う貿易収支への影響",2024-09-12,2024-08-27,2024-09-09
348,062,70代,"第55回基本政策分科会（2024年5月15日）の資料１ エネルギーを巡る状況についての１７
ページ 日本の排出削減の進捗のグラフ中の赤線は2013年の排出量と2022年の排出・吸収量を結んでおり日本の進捗を正しく示していないだけでなく議論に参加されている皆さんをミス リードする可能性があります。グラフを修正いただき分科会でも修正、追加説明をお願いしたい。
出典は環境省資料ですが、環境省資料では2022年の進捗には直接触れられていませんが、こちらも2013年は排出量のみ、2050年は排出吸収量になっておりやはり赤線の引き方に正確さが欠けると思います。 2013年でも日本国に森林などはあり吸収量の算定はされていたと思います。
よろしくお願いいたします。",2024-09-12,2024-08-27,2024-09-09
349,062,70代,"昨年、今年と世界中でとんでもない高温が続いており、地球温暖化ではなく地球沸騰化となっている。パリ協定の１.５℃目標も達成不可能な状況になりつつあり、孫の時代には人間がまともな生活ができないような地球環境が予想され、地球は危機的な状況にある。
日本は世界のリーダーとしての自覚を持ち、パリ協定の１.５℃目標に整合した脱炭素化政策を早急に進めて欲しい。特にCOP28で日本政府が賛同した2030年までの日本における再エネ３倍化、省エネ２倍化を是非達成して欲しい。これにより2030年までに石炭火力発電を全廃が可能となり、COPやG7での日本の約束を果たすべきである。
現在、政府ではデータセンターやAIの急速な発展により電力が不足するとの議論が盛んであ る。しかしながら、電力増加については色々な議論があり増加は不明確である。また、何よりも再エネ比率が低い日本にはRE100を謳う世界企業は日本にデータセンターを設置しないことを心配すべきである。また、原発の拡大を目論んでいるが、2030年には間に合わない。CCSや水素についても2030年には間に合わないし、まだ経済的に成り立たない技術であり、原発を含めて2050年を目指した技術として扱うべきである。
現在のエネルギー政策ではRE100を目指す企業は日本にいられないこととなるし、日本の企業は海外に輸出もできない状況となり、日本経済は破綻する。従って、できるだけ早期に再エネの拡大を図るエネルギー政策に転換すべきである。",2024-09-12,2024-08-27,2024-09-09
350,062,30代,"明らかに異常気象や環境汚染が起きており、私たちの生活に悪い影響を、社会の不利益や生きづらさを与えているうえ、世界規模でも飢餓や食糧不足が迫ってきているにもかかわらず
メディアではただ熱い、ただ台風がとしか報道されず国民から危機感をそらし、
経済や政策も目の前の豊かさや利益優先で自然を破壊し、綺麗な言葉でそれらしく飾りなが ら、その場しのぎでどんどん迫るタイムリミットは見て見ぬふり..そんな世の中に危機感を感じます！
今子供がいますが、彼らが大人になった時、こんなに暮らしづらい、こんなに不条理な地球にしたのは上の世代のツケが回ってきたせいだ！と思われてしまうだろうと、今から罪悪感を感じています。
無力で、あなたの暮らす地球を汚染する一要因として加担してしまっていて申し訳ないと。 極力、環境負荷の少ない選択、買い物、暮らし方を意識していても、正直死にたくなります。地球にとってゴミでしかない自分なんてと。
でもこうも思うのです。もう気がつく人ができる限りがんばる、ではもうどうにもならないところまで危機は近づいている。
国の規模で方向転換しないと、もうこの悪循環を緩めることはできないと。
家の家事と同じです。気がついた人がやる、では、明らかに気がつく方の人にばかり負担がかかり、気が付かない人は気がついた人がやってくれている事にも気が付かず、のうのうと暮らしやすい環境で探し続けるだけです。それが犠牲の上で成り立っている、限界が近づいているとしても。
自分をかいかぶるつもりはありません。本当なら、もっともっと負荷をかけずに暮らすこともできるのです。地球のために死ぬ選択だってできます。でも私は生きたいです。子供と、家族と、幸せな人生を送りたいです。
そのためにも、どうか政府から動いて頂きたいです。自然エネルギーの推進。地熱など、日本にはまだまだやりようがあるはずです。
そのためなら、喜んで税金だって払います。
このまま火力や原子力を推し進めては、きっとこの地球はどんどん暮らしにくく、汚染され、取り返しのつかないことになってしまいます！",2024-09-12,2024-08-27,2024-09-09
351,062,40代,"私には子どもがいます。
子どもたちの未来を考えると未だ廃炉が進んでいない原発ではなく、CO2を出してしまう化石燃料ではなく、再生可能エネルギーを日本のエネルギー基本計画を一番にに掲げてください。原発は、事故もおこっておりますし地震の多い日本ではリスクが大きいです。
化石燃料は、輸入に頼っていますし、DXをやったとしても、アンモニアは輸入しています。化石燃料は限りがあります。
日本の豊かな自然を活用していきませんか。よろしくお願いします。",2024-09-12,2024-08-27,2024-09-09
352,062,40代,"原料を輸入しなきゃいけない火力発電や原子力発電、水素発電はコストがどんどん上がってしまうのではないかと心配します。
また、原子力発電所は地震大国の日本ではやはり危ないものだと思います。
能登半島地震の時も、原子力発電所の電源は確保しているという情報を流していましたがそれは福島の原発事故の原因であって、地震による施設の維持とは違う話だと思いました。
有事の際には国民が避難できないというのは違うと思います。自然エネルギーへのシフトを強く希望します。
だからと言って、企業がソーラーパネルを山に作るとか畑を壊して作るとかは違うと思うのでそこは明確な法律なり条例なりをつくっていただいて国民が苦しまないようにしてもらいたいです。",2024-09-12,2024-08-27,2024-09-09
353,062,50代,水素をエネルギー源としたシステムの活用例が始まっていますが、安全性に不安があり危惧しています。太陽光発電を活用したソーラーシェアリングをもっと推進していただきたいです。,2024-09-12,2024-08-27,2024-09-09
354,062,30代,"脱炭素という言い方はそろそろやめるべきです。
この脱炭素という言い方のせいで調整力として有用な高効率火力すら大手電力やjera、電源開発が投資できなくなり調整力の火力が老朽化し各地でトラブルが頻発しています。
脱炭素という言い方はやめて電力の安定供給と発電コストの抑制の両立のためには引き続き高効率火力が必要であり老朽化したものを
新設、リプレイスを加速し安定供給につながると明記すべきです。
この意見箱でも不勉強な国民が再エネをゴリ押しするよう求めてますがこういう連中の的外れな意見を聞き入れるせいで日本の電力はおぼつかなくなっています。
再エネを増やせという連中には、太陽光発電は天候不順や夕方以降発電しない上蓄電池のコストを入れると高効率火力よりもはるかに高くなるがそれでも再エネを増やせというのか？となぜ反論できないのですか？
ドイツやデンマークのような再エネ比率の高い国の家庭用電気代を説明すれば再エネは決して安くないというのは明確ですし原発よりも安いと言ってる連中は調整力のコストや送電網増強費用を抜いて議論してますのでそろそろ反論すべきです。
そもそも脱炭素電源と再エネを礼賛する割に
設備利用率が20%未満の太陽光発電、30%程度の風力発電を広げてなぜCO2削減になると思い込んでいるのですか？
ドイツのデータは調べたことありますか？ kwhあたり420g以上CO2が出ており、
原子力中心のフランスはわすか28gです。
このことをなぜ国内外に説明しないのですか？
反原発、反火力の連中は実データにも基づかず再エネ推進がCO2削減につながる思い込んでいますが調整力の火力から出るCO2を無視してますし火力を使わない場合は蓄電池で貯めるなら何日の天候不順に備えて貯めるかという前提によりコストは大きく変動するのにそのことすら議論もされてませんし蓄電池の製造プロセスの環境負荷、レアメタルの大量消費、CO2排出などトータルライフサイクルでの議論もまともに各国できてませんので
これも議論すべきです。
少なくとも蓄電池で再エネ由来の電気を貯める場合EV容量16億台くらい必要になり数百兆円規模の投資が必要となりよほど原発の建設費よりも高いため全く現実性はありません。
そろそろ国内外や不勉強な反原発、反火力の連中に上記なような反論しないと好き勝手に言われて再エネをゴリ押しさせられ天候不順や夕方以降の停電リスクが増してしまいます。
地に足をつけたエネルギー政策に立て直すなら原発と高効率火力の新設、リプレイスに
早く着手すること、不安定な再エネやコスト増やレアメタルな資源枯渇となるEVや蓄電池のゴリ押しをし多額の予算をつけるのはいい加減見直すべきです。
あと、国連やEUなど不勉強なのに内政干渉してくる連中にも環境省のレベルでは反論できないため経産省が主体となり再エネや蓄電池の問題点、原子力と高効率火力は送電網が繋がってない日本では重要であり世界のCO2の3%しか排出しておらず国連やEUのやってることは明らかな内政干渉でありこれ以上内政干渉するならば国連の分担金の支払いの
減額、最悪ケースは国連の分担金の打ち切りまで示唆して彼らを牽制すべきです。
国際送電網が繋がってない日本がドイツなどの論理を押し付けられることが間違ってますし中国は日本の10倍CO2を出してるのに
なぜ日本がNGO団体から化石賞と揶揄されるのかも理解不能なのでここも実データを出して猛反論しないとやり込められてしまいます。
国連の内政干渉は悲惨なレベルなのに外務省や環境省がろくに反論できていないのもエネルギー政策論を理解してないのが原因です。
ここは経産省が主体的に反論すべきです。",2024-09-12,2024-08-27,2024-09-09
355,062,30代,"過疎化が進む内陸部では財政的な理由から新たな高温ガス炉のような海水を必要としない原発を将来受け入れる可能性もあります。
高温ガス炉はヘリウム冷却を使用するため、海沿いでなくても設置可能です。
自治体にとっては、原発の設置による財政収入や雇用創出が魅力となることが考えられます。ただし、原発の新設には地域住民の理解と協力が必要であり国のGX債を活用した建設費
などの初期コストの支援も不可欠ですし高温ガス炉の技術支援を加速して将来の停電リスクに今から備え早く新設、リプレイスにつなげるべきです。
また、高温ガス炉は高速炉が行き詰まった時の核燃料サイクルの新たな選択肢になりうる可能性があります。
理由は、プルトニウムを消費し燃料にできる上mox燃料を使用し地層処分期間を800年まで低減できるそうです。
これは高速炉には及ばないものの十分な放射線量低減技術と言えるでしょうから核燃料サイクルの新たな選択肢に加えるべきです。
高温ガス炉再エネとは異なり水素製造装置は不要で電力を使わずにISプロセスで水素を
安価に効率的に作れるので水素社会の実現のためにも有効ですのでGX債で開発費の支援のみならず新設の支援をするのは何ら矛盾しません。
それをトヨタ様が開発する水素エンジン車や
三菱重工様が開発する水素エンジン発電などの調整力に供給できればCO2を減らしながら安定供給と自給率の向上に寄与できます。
再エネや蓄電池では結局材料関連は中国依存
ですしペロブスカイトでも夕方以降は発電しないため原子力の安定性には全く及びません。ペロブスカイト太陽光に過度な期待をして
予算を注ぎ込むのは夕方以降の安定供給に何ら貢献できませんしそもそもピーク時なら今の太陽光発電で得られており予算の無駄なのでこれ以上莫大な予算を取るのは国益にもならずやめるべきでしょう。
それならば、GX債は高温ガス炉、核融合、調整力の高効率火力、水素エンジン発電などの次世代技術かつ天候に左右されず安定的な供給ができる電源への開発にもっと予算を取りさらには原子力と高効率火力、水素エンジン発電などに将来新設、リプレイスの建設費、
導入支援にも充て事業者が事業リスクを低減しながら原子力や高効率火力の新設に踏み切れるような支援をすべきです。
しかし、絶対に電気代に原子力賦課金とか火力賦課金と記載してはなりません。
ただでさえ左派メディアや環境活動家は 原子力や火力に難癖をつけたがる性質が あるのに電気代に表示させるやり方だけは絶対に避けないと原子力や火力の新設、
リプレイスはもはや今後不可能になります。絶対に電気代に表示はさせずにGX債で
建設費を補填するやり方で投資を募って国家を停電させないメリットを訴求し 債権で賄うべきです。
結局債権であれば安定供給やコスト抑制ができ国が成長すれば建設費の補填分は
元が取れますのでGX債で建設費の補填を するから早く建設に踏み切らせるよう国や
経産省も電力会社の背中を押さないといつまでも安定供給できる電源の新設、リプレイスが進みません。
これは国家を停電させないという国益において極めて重要なため国の責任でGX債などを 活用し安定財源として建設費やCCUSなどのコスト増加を抑制するために支援すべきです。
調整力として高効率火力の新設、リプレイスも重要なのに政府や環境省の脱炭素という言い方のせいでこれが進まなくなってるので
ここもkwhあたりのトータルのCO2を抑制することを主眼に置くこと、再エネや蓄電池、EVを安直にCO2削減できると持ち上げる前にレアメタルなどの環境負荷、トータルライフサイクルでの議論をし総合的な視点での議論に切り替えるべきです。
国内外であまりにも短絡的な議論で再エネや
蓄電池、EVが礼賛されてますがかなり多くの問題が見落とされてますので冷静に見直して国内外への反論や発信方法も考え直してください。",2024-09-12,2024-08-27,2024-09-09
356,062,20代,"まず、私は、原子力の最大限の活用、再エネの主力電源化に賛成です。
エネルギー自給率が低い日本にとっては、純国産エネルギーであり、発電を天候にも左右されず、発電時にCO2を排出しない原子力発電を活用するしかないと思います。 もちろん今後の技術が発展し、再エネの主力電源化のみで電力（エネルギー）が賄える状況になった場合は、長期的な目線で原子力発電を廃止していくことも大事かもしれません（福島の方達のことを思うと。。。）
現在、この意見箱を見ると多数の方から「原発廃止しろ」「再エネ100%にしろ」と意見があがっています。
需要と供給を一致させる必要がある電力を、発電を天候に左右される、再エネのみで供給することは、現在の技術では不可能です。 その中で、再エネを最大限活用できるように、各所
（電力会社、DRによる上げ下げ）が最大限の努力をしている状況だと考えます。
建設的ではなく、批判ばかりしている人たちは、原子力発電の恩恵（安定供給）を受け、不自由なく電気を使っているくせに、文句だけ言っており卑怯です。
そんな人たちは、自らが率先して電気を使わない生活をしていただきたいです。
また、再エネ１００％にできるのであれば、世界中がやっています。できないから知恵を出しているのではないでしょうか。
しかし、国としても、現時点では再エネだけによる電力の安定供給は不可能である事実を広く国民に発信していないことも問題だと思います。",2024-09-12,2024-08-27,2024-09-09
357,062,,"原子力発電をベースロード電源からも、再生可能エネルギーカテゴリーからも脱炭素電源カテゴリーからも削除すべきである。廃炉費用や最終処分費用を入れずに安い安いと謳われた原発は、今やそれらを経常しなくとも発電コストの高い電気になった。核燃料サイクル計画も破 綻、MOX燃料も製造できない、あまりに基本的な見通しも行き詰まったままだ。住民を分断しなければ建設も稼働もできない、高い、危険、事故があっても逃げられない避難計画しか持たない等々、原発に良いところは一つも無い。国の支援なしには存続できない不良債権に他ならない。我が国の経済を後退させる原発推進を温存してはならない。つまりRABモデル導入の意味がどこからも引き出せない。電気を使うなら原発推進に賛成しろと言わんばかりの幼稚な回路だ。
エネルギー政策においてただちに取り組むべきは、自然エネルギー（当たり前だが原発は入らない）の更なる開発と省エネルギー技術の向上および導入の拡大だ。東京電力福島第一原発事故は収束していない。原発をやめる理由はそれひとつで十分だ。我が国が今後も西側諸国の一員として立つのであれば、直ちに原発をやめなければならない。",2024-09-12,2024-08-27,2024-09-09
358,062,60代,"今回のエネルギー政策の見直しについて
原発の危険性、建設にも運転にも多大なコストが掛かることを忘れていることを指摘する。
再生可能エネルギーの利用促進を図るべきところで、原発や火力発電などに回帰していることに対して、私は一国民として反対の意思表示をしておく。脱炭素でも温暖化防止でもない原発回帰は、税金が社会全般の生活向上に投入されるのではなく、大手電力会社へ湯水の如く投下されることになり、将来世代にも禍根をのこす。絶対反対である。
さらにRAB構想は、国民のみならず日本の市民社会への新たな課税であり、容認できない。
「託送料金」にみるように姑息な手段で税を利用者から搾り取ろうとするのは、市民を「よらしむべし、知らしむべからず」とみる封建社会のままだ。もっとオープンにして社会各層の意見を取り入れるべきだ。
原発を大手電力会社の「打ち出の小槌」にしてはならない。",2024-09-12,2024-08-27,2024-09-09
359,062,40代,山を削らず崩さず、日本の美しい地形を残したまま、水車を活用するなどして水力発電に力を入れて欲しいです。,2024-09-12,2024-08-27,2024-09-09
360,062,70代,"「用地十二分な中山間地農村の経済合理的な太陽光発電大量導入で、豊かな地方創生」
１．自己紹介
私は、ＲＰＳ時代から、再エネに事業的関心を持ち続ける元原子力技術者です。現在近隣４県個人で最大規模太陽光の高圧・低圧計2010kWdcを容易に自作・運転し、自分の事業（儲け る）として、農業基本法の「効率的かつ安定的な農業経営」の異形な手本を示し、近隣に「儲かるので真似せー」と主張し、中山間地小集落再生に零細農民がする太陽光団地で、児童が見学・運動に回遊する武者小路実篤「新しき村」気取りで、憧れの豊かな田園生活に孫達が戻る夢を見る農業者です。
日本の全ＧＸを賄える、中山間地の過剰な太陽光発電適地の存在と、最重要で現実的な太陽光発電と蓄電設備の大量導入による安定的な需給スマート化の経済合理性（儲かる）につい て、前回エネ基意見と同様に基礎数値を示し投稿する。
２．エネ基、経産省、農林省の志は、国民の豊かな産業経済生活の形成にある。
石油と穀物のカロリー単価は同じである。日本の礎たる経産省のエネルギー資源生産部門に、農林省が食糧生産を見限る中山間地の条件劣悪で零細分散な国土資源部門を吸収Ｍ＆Ａ し、高い電力生産性による地方創生・変革を図るべきだ。
基本計画では、現実的・王道的な再エネ太陽光・蓄電池の大量導入と需給のスマート化に集中し、経済性・産業性が無理なニッチ・夢・小人浅慮は添え物とすべきだ。
低コスト太陽光発電の変動性を吸収する劇的安価で現実的な蓄電池大量導入は、既存電力網のままで送電網強化・統合化コストは不要で、高コスト原発ベースロード価格に「デマンドロード利便価値」を付加でき、再エネ事業者にも大きな儲けをもたらす。
エネ基の有識机上の考察案に、我ら生産現地観察の考察案を加えるべきだ。
３．経産省は、農林省が見放した中山間地をＧＸ産業再生せよ
中山間地域農村は、日本の全農業生産たった年9兆円・全農地450万haの ４割も占め、周辺には農地法外の広い里山、用地がある。一方、日本の全電力量年１兆kWhを太陽光で発電しても、パネル被覆率50%で土地面積60万haである。中山間地には経済合理的な太陽光の適地は十二分に存在し、衰退末期の中山間地農村再生に好適であり、経済産業省の太陽光事業推進に適当である。
農林省本体は農耕生産条件が良い平地農業・農村に特化し、地域自活ＲＭＯとして見限った中山間地を、日本の産業再生・ＧＸ請負人たる経産省が吸収Ｍ＆Ａし、太陽光発電の高い生産性を複合させ、現在の圃場整備費百万円／千平米で、農業基盤整備費の2/3の年4000億円15年計画で、60万haの太陽光兼用地の再生ができる。この20万戸での最終各戸3ha・4千kW の年速250kWdcの自己建設は、零細高齢農家集団には容易である。非コンクリート圃場整備は「半額でやれる」という業者がいる。
(3) 私は、農林省地方農政局に、中山間地の田んぼダム型の太陽光発電兼用の圃場整備・再開墾の農村ソーラーを提案し、１戸３ha程度の零細農家ソーラー(1戸4千kW)団地として、有効だと考える。この蓄電池付きデマンド電力の付加価値を有する４０年生涯所得は、勤勉高給な三菱商事サラリーマンを大きく上回る。
４．百年先のエネルギー生産・食糧生産の夢
２１世紀の当面は、エネルギーは化石燃料から自然エネへ、食糧は農地単収向上へと、分散型生産が進むだろう。しかし２２世紀のエネルギー生産では、軽水炉に勝る燃料資源持続性の発電方式（私は大型溶融塩トリウム増殖炉）へ、農業生産では、低コスト電力による世界食糧の化学合成代替を期待する。２１世紀の田園回帰なエネルギー・食糧分散型生産様式から、２
２世紀の便利な都市化・大量化の経済効率的で資源量不安がない集中型生産は、人為的エネルギー・農業生産による環境破壊を激減させる。
５．自己充実型農耕を伴なう高生涯所得な太陽光発電農業の私の実績
私共夫婦の昨年度の農業確定申告
収入が計5930万円（農作物130、太陽光5800）、経費が計5820万円（減価償却費3280、租税 240、雇人・労務1480、その他810）、所得が110万
収入・費用の考察
収入では、出力制御で前年比450万円減、簡易消費税で実質収入400万円加増がある。費用では、老若男女雇用のため通例より1000万円多い。
減価償却が多大な設備産業の利益構造の考察
減価償却費がなければ、利益は3390万円であり売上高利益利率は57％もある。
６．実績から予測する近将来の蓄電池付き太陽光発電コスト
分散希薄エネルギーで静的機器の太陽光発電は、容易に経済的に自己設置できる。
千kW級設備は、パネル・パワコン製造と送受変電工事を除き、伐採・下地造成から架台組立・配線まで容易に自己工事でき、初期費の削減と、愛着からメンテも円滑になる。
太陽光の生涯発電コストで重要な耐用年数で、パネル経年劣化やパワコン短寿命が言われるが、実績では、前者は検知不能であり、後者は寿命的取替へはない。
太陽光は、在来集中型エネルギーに比べ１ha当り1万kWと希薄で、安く広い面積を使う１世代40年以上の長期稼動の社会基盤であるため、高地価な都市近隣や、社会的寿命が見通せない屋上等での立地は不適当である。水道用ダムの法的耐用年数は80年である。
生涯発電コスト(割引率0%で、１世代40年と法的17年)は、1kWdc当りの初期費13万円(蓄電 6万込、土地費0)、維持費年0.2万、他経費年0.2万(17年間)、売電量年1220kWh(送電端稼働率
14%)で、40年生涯で5.1円/kWh、法的寿命17年で9.7円/kWhである。設備産業の生産コストは、減価償却が終わると、維持費等だけになり大幅低減する。
kWh売電価格の期待値は、ベースロード原発コスト13円＋デマンドロード利便価値4円の計 17円で、前(4)項との差額は儲かり過ぎで、逆説的に高コスト原発残すべし。
蓄電池国際展示会で、先進二国の企業が、あちらの設備千kWhが2千万円なら、わが社は負けない言。蓄電池は、材料・方式の改善で、kWh１万円は近い。
1kWdcの太陽光の１日最大発電量は、初夏６kWh、晩秋４kWhである。その中で、蓄電池60億kWh付き12億kWdc太陽光で、日本の全電力年1兆kWhを通年安定供給し、日照最少の晩秋期の異常日照不足による需要抑制を十年に1度の許容範囲頻度にできる。この設備は年1.4兆kWhを発電し、年需要量を超える0.4兆kWhは、別に活用できよう。
７．営農型太陽光発電ガイドライン（農林省農村振興局長通知；農地一時転用ガイド）
農業基本法改正等の現状
儲かる「効率的かつ安定的な農業経営」で、優良農地・大規模化食糧生産を推進するが、農地の現実は、平地優良農地すら飼料用米に使うほど過剰である。
中山間地域太陽光発電の膨大な可能性と現状
国は2050年で農地20万haに1億kWを見込んでいるが、実感では高齢農民を少しその気にさせれば50万haでの5億kWはできる。一方、農林省の営農型太陽光実績は、R3年累積で許可数4000件、面積1000ha、出力0.03GW（0.3の誤り？）である。
営農型太陽光発電での農地法の農地一時転用（農転）制度
国土利用の一環で、優良農地保全・農転原則不許可を定める農地法で、第４条農転は農家住宅等で法的権利移動がない在地農民向け規定、第５条は分譲用地等への権利移動ある非在地投資者向け規定である。最近の営農型違反20社342件報道や上場企業決算資料から、前項の許可数の多くは、広く安い農地に目をつけ太陽光を設置する投資家向け第5条農転だろう。
私の734kW営農型の経緯
営農型局長通知を知悉した上で、農村慣例的には農転の届出すらしない掘立杭ビニールハウスとは逆に、在地農民による耕作併存両立の農的副業（商品作物）の太陽光設置を、農業委員会に慣例外の届出をした。その1年半後の建設開始中に多分チクリがあって、営農型局長通知に沿う高い支柱だが経済的な野立方式で許可を取得した。現在は、期間十年資格者としての更新許可で、原許可初年の合理的原因がある営農状況不調を理由にした期間1年４ケ年の許可は営農継続上懲罰的だとして、裁判中である。一方、下部農地での雇用仲間との自己充実型営農耕作状況は順調であるが、昨週の獣害30万円がむごい。
８．局長通知を、農民・農村福利向上の営農型太陽光化に向け、どんどん改善
農村振興局長の農転基準であるから、対象者である第４条の農民と第５条の投資家で、前者に優しく、後者に厳格な、差異ある基準化が公正公平である。
支柱が高いため農耕作業性は低下しないとの意見はあるが、「効率的かつ安定的農業経 営」に必須な農業機械の作業性は半減する。国際穀物の百倍もの太陽光の面積生産性が原理の営農型は、低収入農業と高収入太陽光との総合的営農利益を最大化する事業モデルだから、殊に第４条は「下部農地は、普通に耕作していれば有難い」が妥当である。
米等単作想定の収量重量８割基準に加え、多様な農作物栽培に適する営農型に合わせ、収量金額十割等の並用が適切である。
下部農地での均等日照のため、ソーラーシェアリング方式の小型パネル千鳥設置な架台・電気工事等の高コスト（一説kWdc当り７万円増）は、経済性を大きく悪化させる。高い支柱で下部農地遮光率が同じで大型パネルの低コスト野立て方式にすべきである。
中山間地農民の太陽光団地の夢
中山間地農村小集団の農家太陽光団地････心身も家並景観も豊かな田園社会の創生儲かる太陽光で農生産性高度化、防災化（田んぼダム）の圃場整備",2024-09-12,2024-08-27,2024-09-09
361,062,,再生可能エネルギーを一刻も早く推進してください！！,2024-09-12,2024-08-27,2024-09-09
362,062,30代,原発は反対です。火力発電を減らして、クリーンなエネルギーが増えることを期待してます。,2024-09-12,2024-08-27,2024-09-09
363,062,,炭素税を他の先進国並みの1トンあたり2万円に引き上げをすべきです。,2024-09-12,2024-08-27,2024-09-09
364,062,50代,"再エネと断熱政策を国と地方をあげて進めるべき。
まずは自分から、公共建設の際などにおいて最先端の技術やノウハウをもった事業をおこなうべき。
次に地域（自治体）、国全体を民間・家庭も含めてあらゆる分野で再エネ・省エネをすすめるべき。
また、エネルギー貧困問題を解決するために公共住宅の断熱化・再生可能エネルギー機器設置の義務化を法定化すべき。",2024-09-12,2024-08-27,2024-09-09
365,062,60代,企業・事業所に、再生エネルギー設備義務化！,2024-09-12,2024-08-27,2024-09-09
366,062,70代,"電気も商品です。商品は消費者に選ぶ権利があります。
原発の電気を使いたくない消費者から福島第一原発事故の処理費や福島第一原発事故の被害種の補償費を集めることは不当です。
そのうえ、原発一般の建設費や安全対策費まで新電力の消費者から徴収することは絶対に反対です。
原発を特別扱いして政府が保護することは止めてください。",2024-09-12,2024-08-27,2024-09-09
367,062,60代,"交通においてEV化の推進よりも、旅客輸送においては公共交通へのシフトを、貨物輸送においては貨物自動車から鉄道または海運にシフトするモーダルシフトを軸とする。
その具体策として
①人の集まる施設の案内については、具体的な公共交通での来訪方法の記載を義務付ける。
② 工業団地、物流団地にＪＲ貨物のオフレールステーションを設置する。立地によってはこのオフレールステーションも港湾・フェリーターミナルと連携する。
理由
自家用車をＥＶ化しても人一人の移動に１両の車両を動かすことに変わりはなく、大きなエネルギ消費減少にはつながらない。公共交通にシフトすれば、乗用車の消費エネルギーがそのままほぼ０になる。
貨物特に自家用トラックの輸送を鉄道・海運に切り替えれば確実に輸送の消費エネルギーが減る。",2024-09-12,2024-08-27,2024-09-09
368,062,60代,"経産省には原発の新設に全ての電気事業者の電気料金に負担金を入れる計画があると言う記事を読みました。
原発のコストは、安いと資源エネルギー庁のHPには書いてあります。コストが安いのに他の電気事業者に負担を求めるのは矛盾です。どこかに嘘があります。
こんなことしてたら、不当に高い電気料金で、日本の企業は、競争力を失います。原発残って、国滅ぶです。",2024-09-12,2024-08-27,2024-09-09
369,062,70代,"高齢者なので、考えることは次の世のこと。
原発のことを深く考えること無く使用し、次の世代どころか100万年とも言われる後世の全ての生物に猛毒を残してきた後悔が、残る。
再エネ・省エネ・生活様式の見直しに取り組んできたが、一人での力は小さい。日本政府の力で、これ以上の原発・放射能・核のゴミを少なくする政策を計画実施して欲しい。",2024-09-12,2024-08-27,2024-09-09
370,062,70代,エネルギー政策の抜本的な転換を要求します。来るべき大地震の事故の予防のためにも、原発は廃炉にしてください。原発新設のための電気料金値上げなど、もってのほかです。,2024-09-12,2024-08-27,2024-09-09
371,062,70代,"第7次エネルギー基本計画に対する意見 地球救出アクション97 代表 稲岡美奈子
私たちは、大阪で7月27日にこの問題に関する小さい学習会を持ちました。第1回のこの学習会では、5月15日基本問題小委員会に提出された「エネルギーを巡る状況について（経産
省）」を検討し、意見をまとめました。全体を見ることが今回の目的でした。
第6次エネ基では、パリ協定の要請に応えて、「再エネ最優先」、「CO2排出を（2013年度に比べて）2030年度に46％削減、さらに高みを目指す」と、初めに書かれたが、この目標を達成できているかどうか検証、評価されていない。第7次エネ基作成に当たっては、日本政府も同意しているIPCC報告、COP28決定との整合性を明確にしなければならない。
CO2削減では、2050年度カーボンニュートラルまで、直線で結び、日本はその線上にあるかのように書いてあるが、スタート年度が比較の諸国と異なっていて、恣意的である。IPCC報告が初めにCO2排出をぐっと下げなければ気温上昇1.5℃未満は達成できないとしていることを無視している。
情勢の変化として、ロシアのウクライナ侵攻を上げているが、LNG価格の高騰はすでに収 まっている。LNGに関してはドイツの方が遙かに深刻な影響を受けたが、ドイツは一気に再エネ大幅増へ向かうことにした。ドイツとの違いの理由をはっきり示すべきである。一方、原発の燃料はどの段階かでロシアが関わっている。ロシアへの制裁を行うなら原発の方が、再エ ネ・ソーラーパネルの中国依存問題よりも重大と考えられる。
いずれにせよ、世界平和と自由な貿易を日本は追及すべきである。
電力需要が大幅に伸びる想定は、だれの計算か。この想定がエネルギー問題の全体を狂わせている。
日本は人口減少が進み、家庭でも鉱工業でも電力需要は伸びない。さらに、省エネに取り組めば「いずれにせよ損をしない」ことから、世界中で計算センター等でも省エネが進むと考えるのが合理的であろう。GAFA等は再エネ100を掲げており、原発や火力発電の多い日本に計算センターを置かないであろう。他の企業も見習うと考えられる。再エネ発電所のそばで電気を使うのが合理的。また、日本のように電力料金の高い国での設備の立地を、全ての産業が避けることになるのではないか。
原発について、GX関連3法により決定済みの扱いであるが、再度、検討するべきと考える。
福島事故を起こした我が国、最近の能登半島地震でも地震の危険性が示されたユーラシア大陸辺縁の国、火山と地震の被害にさらされている国で、原発は選択肢から外すしか無い。また、老朽原発の運転は原発重大事故の危険を一段と大きくする。もし、戦争という事態になれば、原発は極めてやっかいなものになる。原発の運転自体が被曝労働者を多数生み出すことも重大である。
原発は高くつく。100万kWhの1基建設に2兆円以上かかることは世界的にも明らかで、我が国では地震・火山対策でもっと高価になると考えるべきであろう。電力会社も躊躇するような高価な設備は経済合理性からも選択すべきでない。再び事故を起こせば、人・環境の被害は計り知れず、日本経済にも深刻な打撃となる。
運転停止後の放射性廃棄物にかかる巨額の処分費用は何万年もの未来世代の負担になるが、計算に入っていない。予測できない放射性物質拡散の恐れもある。
原発新設は2030年、2035年までの温暖化対策に間に合わない。長期脱炭素電源オーク
ションの説明でも、入札から運転まで10～15年としており、過去の経験からもっと長くなることが予想され、最も重要な早期の対策に原発新設は全く役立たない。2050年頃には再エネだけで世界の全てのエネルギーの需要が満たされている可能性もある。
6 火力発電を極力減らすべきである。
先進諸国は2035年ころまでの電源の脱炭素化を目指している。再エネ中心のシステムが出来れば一気に脱炭素化が進むと予想される。温暖化対策は急がなければならない。これは産業政策でもあるので、脱炭素化が進まなければ日本はUE市場から閉め出される恐れもある。この事実を国民・市民に知らせるべきである。
石炭火力の大部分を残し、水素・アンモニア混焼、CCSでごまかすのは、このような時代に良策とは考えられない。政策の失敗を認め、まだ使えても石炭火力を廃止していくのが政府の決断であろう。そこには補償金を支払っても良い。産業転換の支援も政府が行うべきである。今が、決断の時である。
LNG火力の建設についても、再度検討し、再エネと省エネでのりきる道を探るべきである。
原発、水素・アンモニア混焼、CCS等に舵を切れば、電気代の高騰が予想される。世界では再エネはどんどん安くなっている。この事実を国民・市民、産業界にも知らせるべきである。
再エネと省エネに全ての資金を投入すべきである。
今が、勝負の時である。「多様かつ現実的なアプローチ」とごまかして原発や火力に無駄な資金投入を行うべきではない。我が国は再エネ・IT化への産業の転換に完全に出遅れているのである。教育・福祉に力を入れ、産業転換に全ての資金を投入して新しい社会へと踏み出すべきである。",2024-09-12,2024-08-27,2024-09-09
372,062,40代,"火力発電を段階的に引き下げる数値目標を、具体的にして施策を進めることを求めます。
何年までに廃止、何年までに何％まで削減など。火力発電が近年新設され、それが我が地元であります。空気は汚れ、温室効果ガスは排出され、輸入したものを燃やす。これだけ日本でも豪雨災害など多発している状況で化石燃料から脱しない方法は無いと思います。ただ、太陽光パネルを湿地や豊かな自然環境を壊して設置することは規制してほしいです。",2024-09-12,2024-08-27,2024-09-09
373,062,50代,"エネルギー基本計画見直しに対する意見
生活協同組合パルシステム千葉は「心豊かなくらしと共生の社会を創ります」を基本理念として千葉県で活動している生活協同組合です。東京電力福島第一原子力発電所の事故を受け、 2012年に「エネルギー政策」を制定、2023年3月には「環境・エネルギー政策」を策定し、
2030年までの温室効果ガス削減の具体的な目標値を掲げ、持続可能な社会の実現を目指して活動しています。これまでも事業活動や組合員家庭における省エネルギーの推進、脱原子力発電運動、地域と協同した再生可能エネルギー普及活動に取り組んでまいりました。再生可能エネルギーを中心とする電力供給事業においては2021年から2022年にかけて電力市場価格の急激な値上がりにより経営難に陥り、また、多くの新電力事業者も倒産や事業停止に追い込まれました。そのような中でも、多くの組合員の協力を得ながら、「FIT電気（再生可能エネルギー）+再生可能エネルギー」比率を2023年度実績で70.5％とし、再生可能エネルギーの推進を続けています。
第7次エネルギー基本計画が、原子力にも化石燃料にも依存しない、脱炭素社会のあるべき姿を描いたものとなるよう、以下意見を申し述べます。
１．次世代、一次産業従事者を含む多様な立場の国民が論議に参加できる仕組みを要望しま す。また、消費行動やライフスタイルの選択を通じ脱炭素社会の実現に主体的に参画できるような情報提供を求めます。
気候変動問題は、国民の命やくらしに関わる重要な課題です。エネルギー基本計画の見直しにあたり、プロセスやスケジュールを広く周知し、多様な立場の国民が参加できる機会を設け、その声を計画に反映してください。とりわけ、総合資源エネルギー調査会などのエネルギー政策の決定プロセスに、気候危機の悪影響を大きく受ける第一次産業の関係者、気候災害や原発事故の当事者、将来世代などの参加を強く求めます。また、環境省の「デコ活」（脱炭素につながる新しい豊かな暮らしを創る国民運動）などの発信力強化、国民一人ひとりが自身の消費やライフスタイルを持続可能なものにするために、各省庁と連携した啓発強化を求めます。
２．エネルギー需要量の大幅縮小を可能とする社会の構築を目指し、省エネルギー施策を強化してください。
脱炭素社会の実現のためには、エネルギー需要量を縮小させることが重要です。2023年に開催された「第28回気候変動枠組条約締約国会議（COP28）」で採択された決定文書では、省エネ改善率を2030年までに世界全体で2倍にするという目標が掲げられました。生活・産業全般におけるエネルギー需要量を最小限に抑え得る社会の構築を促し、さらに省エネルギー施策を尽くしてください。その上で、必要量をいかにまかなうかを検討してください。 技術革新による省エネルギー施策に大いに期待します。
３．原子力発電ゼロへの早期移行と工程の具体化を求めます。
東京電力福島第一原子力発電所の事故から 13 年が経過してもなお、多くの方々が避難を余儀なくされ、損害賠償、除染・中間貯蔵施設事業、廃炉・処理水対策、膨らみ続けるこれらに要する費用、風評被害対策など、課題は依然として山積したままです。第６次エネルギー基本計画においては「可能な限り原発依存度を低減する」と位置付けられているなか、2023年にＧＸ推進法のもと原発の最大限活用への方針大転換が行われました。そして2024年４月、世界最大の原子力発電所である東京電力柏崎刈羽原発において地元住民の同意がないまま燃料装填が開始されました。いまだ使用済み核燃料の最終処分問題が未解決であり、さらに能登半島地震により国民全体の不安が増大していることを踏まえれば、柏崎刈羽の再稼働を前提とした推進計画をすすめるべきではありません。また、原子力発電所の新規増設費用を国民に負担させることはあってはならないことです。
４．2050 年再生可能エネルギー100％に向け、2030 年の導入目標を国際的水準である 50％以上としてください。
日本のエネルギー選択において踏まえるべき「安全性」「環境（脱炭素化）」「安定供給（自給率）」を同時に満たす電源は再生可能エネルギーです。近年の化石燃料の価格高騰は、エネルギーを輸入に頼ることの危うさを明らかにしました。わが国の再生可能エネルギーの割合は 21.7％と諸外国と比較しても低い水準で、地熱・水力などの資源が豊富に潜在するなか十分に活用が進んでいません。エネルギー供給の内製化を推進し、自立・分散型エネルギーシステムを構築することで、非常時の電源確保、エネルギーの効率的な活用、地域経済の活性化・雇用の創出につながります。環境や社会の長期的な持続可能性を考慮すれば、2050 年には 100％を目指すべきです。「第28回気候変動枠組条約締約国会議（COP28）」で採択された決定文書では、再生可能エネルギーを2030年までに発電容量を世界全体で3倍にするという目標が掲げられました。IPCC 1.5℃特別報告書の想定水準である、2030 年時点で 50％以上の再生可能エネルギー導入を目指し、蓄電池の早期開発をはじめあらゆる政策を総動員し強力に進めることを要望します。
５．石炭火力は 2030 年までの段階的廃止を求めます。
石炭火力発電における温室効果ガス排出量は非常に高く、電源構成比も30％を超える水準で気候変動問題に大きく影響します。2024年４月の先進7カ国（G7）気候・エネルギー・環境相会合では「2035年までに石炭火力発電の段階的廃止」が合意されました。日本は水素・アンモニア混焼やCCS（炭素回収貯留）の技術が排出削減対策に該当するとしていますが、有効性、経済性、環境影響などに懸念のある不確実な技術であり、石炭火力の温存に繋がる懸念があります。石炭をはじめとした化石燃料からのダイベストメント（投資撤退）も含め、脱石炭火力への世界の潮流の中で、限られた政策資源を終息に向かう技術分野に投入することはやめるべきです。
以上",2024-09-12,2024-08-27,2024-09-09
374,062,,"事業活動で消費するエネルギーを100％再生可能エネルギーで調達することを目標とする国際的イニシアチブRE100には、日本でも6月25日時点で88社が加入していて、加入者数は増加を続けています。そのRE100に加入している世界の企業が運営しているデータセンターでは、電力会社の系統から電気を調達しているのは24％にすぎません。31％は再生可能エネルギーの発電所からの直接調達、41％は環境価値証書を使っての調達です。（2022年度の値、経産省調べ）
事業活動で消費するエネルギーを100％再生可能エネルギーで調達することを目標とする国際的イニシアチブRE100には、日本でも6月25日時点で88社が加入していて、加入者数は増加を続けています。そのRE100に加入している世界の企業が運営しているデータセンターでは、電力会社の系統から電気を調達しているのは24％にすぎません。31％は再生可能エネルギーの発電所からの直接調達、41％は環境価値証書を使っての調達です。（2022年度の値、経産省調べ）
とのことですので、大手電力会社の原発などは廃炉にして、再生可能エネルギーで、日本の経済力を復興させましょう。",2024-09-12,2024-08-27,2024-09-09
375,062,60代,"なぜ？どうして？と言う疑問でいっぱいです。原発の新増設費用を賄うために、建設費を電気料金に上乗せするのでしょうか？
それも、原発を作っていない新電力にまで建設費を負担させ、消費者の電気料金を上げよう等もってのほかで絶対に反対です。原発の恐ろしさは１３年前に思い知ったではありませんか。それなのに、原発を使わない電力を使っている私達にまで、原発の増設費を取ろうというの は、納得いきません。全国民に納得いくように説明するべきです。
国民の声を聞き、国民の側に立った仕事をしてほしいと思います。",2024-09-12,2024-08-27,2024-09-09
376,062,60代,原発を再稼動・新設は絶対反対です。危険だし、コストが高いし、再エネの拡大の邪魔になるからです。,2024-09-12,2024-08-27,2024-09-09
377,062,60代,再生可能エネルギーを大幅に増やすためとはいえ、自然を壊すメガソーラーはダメです。そうではなく、建物・駐車場のすべて屋根で太陽光発電をするくらいに普及させるべきです。,2024-09-12,2024-08-27,2024-09-09
378,062,30代,"エネルギー政策に関する「意見箱」へのご意見 令和 6 年 8 月 30 日公表分（令和 6 年 7
月 31 日～8 月 26 日に頂いたご意見）の項番291に続いて意見させて下さい。
国内にある全ての原子力施設を国有化することを提言します。
理由としては、2011年3月の東京電力福島第一原子力発電所の事故のように過酷事故の賠償は有限責任である株式会社には不可能でしょうし、各原発の規制庁に出した審査でも数万炉年に 1度の確率で過酷事故は起こるとしているのではないでしょうか？地層処分についてもコストの上振れリスクに株式会社は対応しかねると思います。
核燃料の価値も採掘や精錬だけでは計れないものです。数億年後にとてつもない希少性をもつ可能性が高いです。人類として核燃料は保存しておくべきです。
その上で、もし「原発事故よりも気候温暖化が危機である」と仰るなら、既存原発の再稼働も (核燃料資源を枯渇させない範囲で)やむをえないのかもしれません。しかしその場合、原発立地地域では、地域振興ではなく「人口低減政策と重要なインフラを置かない政策」を進めるべきです。
僕の直観ですが、原子力はお金で考えると失敗します。参考にしてみて下さい。",2024-09-12,2024-08-27,2024-09-09
379,062,30代,"意見箱のコメントで見ても反原発、反火力の
人間があまりにも多いですが彼らの主張を見てもほとんどが感情論ばかり、数的根拠もない、各国のCO2係数や電気代の比較データすら理解してないなどもはや呆れるレベル
でしたので、国の側には安定供給とコスト抑制に主眼を置いて再エネや蓄電池ありきではなく理想的な電源構成を取るよう今一度考え直してほしいです。
意見箱の中にひどいものだと個人名を勝手に出してプライバシーの侵害をする、役人や原子力、火力産業関係者への暴言なども散見されさすがに国民側から見てもこれらは目に余ります。
国民の言論の自由は基本的には認めるべきですが、このような個人名まで持ち出して個人的な恨みや誹謗中傷をしている連中の意見が意見箱に載っているのは他の国民から見ても大変不愉快で真っ当なエネルギー政策議論を妨げるためさすがにあまりにもエネルギー政策の意見から逸れているものは意見箱に載せるべきではないと思われますし場合によっては個人情報保護法を侵害してるのであれば、法的な措置も検討すべきレベルではないでしょうか？
個人名を無断で意見箱宛に提言することは、個人情報保護法に違反する可能性があり、法的に問題があります。
経済産業省が個人情報を黒塗りにするのは、個人情報保護の観点から適切な措置だと思います。
個人のプライバシーを守るため、誹謗中傷や個人情報を含むコメントは掲載すべきではありません。
こうしたコメントは、エネルギー政策の建設的な議論を妨げるため、除外されるべきです。こんな当たり前なことが分からない国民が
いるのが個人的にには失望しました。
エネルギー政策論についてではなく思想の違いから自身の反原発、反火力思想を剥き出しにして関係者の個人名を載せてまで恨みで
暴言を吐いたりしているようなコメントは
エネルギー政策の議論を妨害しており意見箱からさすがに省いて欲しいです。
このようなコメントを見るだけで国民としては不愉快ですしこのような反原発、反火力の思想な連中のせいでベースロードとミドルロード電源が軽視され国家の電力需給危機が
増していると思うと腹立たしい限りです。
あと、日本はいい加減脱炭素、再エネ推進、原発依存の低減などと主張するのはやめて安定供給とコスト抑制、CO2は再エネ関連は製造過程やバッテリー製造過程、森林伐採による光合成吸収が失われる分などトータルライフサイクルに主眼をおいて議論すべきではないでしょう か？
国際送電網が繋がってない日本は同じ電源構成を取ると極めて停電リスクが上がります。
参考までにドイツは自然変動性電源を増やした影響で調整力の国外依存度40%超えてますしさらに自然変動性再エネ比率の高いデンマークは80%が国外依存です。
日本が同じような電源構成を取り調整力の火力を減らせば間違いなく停電します。蓄電池で貯めるにも限界があり数日天候不順になるだけで一気に停電します。
AIやデータセンター、サイバーセキュリティには24時間安定供給できる電源が必要であり再エネありきでデマンドレスポンスで対応するだの空想を言うのはもうやめるべきです。国家にとって必要なのは、ベースロードの
原子力、そして稼働を増やして次の高効率火力への投資をし調整力を充実させること。 これが天候や時間帯に左右されないAIやデータセンター、サイバーセキュリティなどへの安定供給に繋がります。
24時間天候に左右されない電力供給ができないと日本は間違いなくサイバー攻撃リスクが増して国民の知的財産すら守れなくなります。
耳障りの良い欧州や国連、環境左派の言い分を聞き入れたら国家の電力は停電リスクが増します。
原発比率の高い九州電力ですらこの前は火力発電の故障で停電しそうになり融通を受けていたのはかなり深刻です。
これから日本は火力が老朽化し類似事例が多発するため老朽火力のリプレイス、新設を進まないと危ういですよ。
原発も天候に左右されず安定供給できCO2を抑えられるので新設、リプレイスは明記すべきでしょう。
再エネは設備利用率が低すぎるのでこれ以上入れると本当に電力基盤が不安定化し脆弱になりますのでまずは踏みとどまってください。
ペロブスカイト太陽光なども材料の中国依存は下げられるかもしれませんが、結局性質上も設備利用率はほとんど改善しないのと
夕方以降発電はできず投資しても今の停電危機は解消しませんので過度な予算を注ぎ込むのも国益にならないです。
再エネや蓄電池関連の材料面の地政学的リスク解消、送電網の増強費用のコストインパクト、火力を使わずに蓄電池で調整する場合のコストなど様々な点が議論されてませんので
踏みとどまるべきです。",2024-09-12,2024-08-27,2024-09-09
380,062,30代,"温暖化の影響と思われる、異常な高温や災害の激甚化を日々目の当たりにし、４歳と０歳の子どもを持つ親として、一刻も早いカーボンニュートラルの達成を求めます。また日本は累積排出量に対して責任を持つ立場であり、その点からも2050年のカーボンニュートラルを大幅に前倒す必要があることは明らかです。
その前提で以下のことを要望します。
■石炭火力からの脱却
石炭火力発電からの早急な脱却を計画し明記してください。世界的には、石炭火力からの脱却の方向性は最優先で必要とされているものであり、まがいなりにも先進国である日本でいまだに石炭火力に依存し、それを是としている状況は政策的にも倫理的にも理解できません。また多額の費用を燃料の調達に支払い続けていることも納税者としても許しがたいと感じます。
■ゼロエミッション火力の計画中止
そしてゼロエミッション火力というウソみたいな名前の不誠実な政策は特に許せないと感じます。当然認識されていると思いますが、アンモニア・水素混焼はそもそもCO2排出削減効果が低く、また完全なグリーン水素・グリーンアンモニアは現在すぐ十分量を入手できるわけでもなく今必要な脱炭素のスケジュールに対し全く貢献するものではありません。さらにコストの優位性もなく、国策としてこれに取り組むことに全く合理性がありません。特定の企業のためなのでしょうか。理解に苦しみます。
■再生可能エネルギーの普及の加速
こんな非合理的な、日本と世界を滅ぼすような政策を掲げて恥ずかしくないのでしょうか。再生可能エネルギーのコストは急激に下がっており、市場有意性もある段階になってきまています。生態系に配慮しないメガソーラーなどの課題はありますが、屋根上の義務化や営農型の事例も出てきており、課題を乗り越えるための技術的な準備は整ってきています。全国的に導入ペースが上がるような政策を強力に推進するべきです。
■柔軟なエネルギー管理体制の構築
エネルギーの議論をするときに発電割合の話ばかり耳にします。需要側の省エネや蓄電設備の整備、送電インフラの構築も含め、再生エネルギーに適した、柔軟な調整力を整備すべきであり、ベースロード電源という考え方自体から脱却する必要があると思います。
以上です。 1.5度目標に科学的に整合していることを明確に示すことのできる、世界と将来世代に恥じることのないエネルギー政策を求めます。",2024-09-12,2024-08-27,2024-09-09
381,062,40代,"原発は、地震多発国であることと、使用済み核燃料の処理問題が解決しないので、もう使うべきではない、使ってほしくないと切に思う。
現状のスピード感の経済発展に応じてエネルギーを賄う前提で2050年までの話が進んでいるように思えるが、経済発展の方向は一つではないはず。目標達成できるような実用可能なエネルギー源が現時点でないなら、ないとはっきり示すことも大事だと思う。
もう猶予がないので、新しい技術に期待を起きすぎず、現状の技術(原発以外)で目標達成する方法も議論していかないと、若者世代の不安感は拭えないのではないか。
気候市民会議を開き、若い世代の声も積極的に取り上げて議論してほしい。",2024-09-12,2024-08-27,2024-09-09
382,062,,"①補助金等を利用して、段階的にでいいので、太陽光パネルの設置義務化（住宅、公共施設、店舗、企業など、日本国内のすべての建築物に）を進めるべきです。
水力発電も可能ですが、今のところ、主に太陽光発電以外に完全にco2排出をゼロにすることはできません。ccu技術は、再利用する際にco2を排出する可能性が高いです。
例1）「メタンガスの都市ガス利用」→都市ガスは一般家庭で燃焼されるときにco2を排出します。
例2）「ドライアイス利用」→ドライアイスは使用後、空気中で気化され、結果として二酸化炭素排出になります。
②過疎化した地方のシャッター街の土地などを利用して、植林を進める（移植ではなく、新しく木を植える）べきです。
この先何十年もかけてゼロエミッションを仮に実現できたとしても、その頃には今よりももっと気温が上がっていると思われます。ゼロではなくマイナスにする対策の一環として、人が使わなくなった土地は森林へと移行するべきです。木が育つのにも時間がかかるので、早急にとりかかるべきです。",2024-09-12,2024-08-27,2024-09-09
383,062,60代,東京電力福島第一原子力発電所の過酷事故に関して、１３年経った今も、原子力緊急事態宣言発令中です。緊急事態が未だに続いているにも関わらず、原発及び核燃料サイクルをエネル ギー政策の中心に位置づけることは狂気の沙汰としか思えません。いまだに避難生活を余儀なくされている人々、事故によって生活を破壊され、日々放射能の影響に怯えながら暮らしている人々の事を考えれば、原発推進政策などあり得ません。１３年間も時間の猶予がありなが ら、再生可能エルギーの研究開発費への支出を怠ってきた国の姿勢こそが問われています。国際的にも原子力は斜陽産業である事は火を見るよりも明らかです。今からでも、即刻原子力発電と、核燃料サイクルから撤退を表明し、稼働してい原発を順次廃炉にすべきです。,2024-09-12,2024-08-27,2024-09-09
384,062,80代以上,"今更、原発じゃないだろう。日本の原子力ムラばかり見ていちゃダメだ。世界を見るべし。これからは再エネの時代。原料が無料で無尽蔵。
日本を間違った方向に導いてはいけない。責任は取れるのか？委員を辞めるくらいじゃ責任を取ったことにならないんだぞ。",2024-09-12,2024-08-27,2024-09-09
385,062,,"公益社団法人 日本冷凍空調学会では「冷凍空調技術ロードマップ2050」をとりまとめております。エネルギーの最終需要の多くは冷凍、冷蔵、冷房、暖房、給湯、産業用加熱等の「熱分野」であり、ヒートポンプ技術の高度化・普及拡大は脱炭素社会実現に不可欠だと考えま す。また、近年はエネルギー供給側の変動再エネ比率上昇により、需要側のディマンドリスポンス・バーチャルパワープラントの調整力拡大が必要とされていますが、蓄電池だけでなく、デジタル技術で高度化した冷凍空調機器も需要側調整力として大きく期待できます。本ロードマップでは以下の詳細技術分野に関して、2050年までのロードマップ、根本課題、解決策案、実現のための促進策提言を取りまとめております。「第７次エネルギー基本計画」の議論の参考にして頂けたら幸いです。
１．食品技術
・コールドチェーンによる食品ロス削減
・食品製造量の最適化
・衛生規格・基準の整備によるエネルギー使用量の削減
２．冷媒技術
・冷媒の低GWP化、自然冷媒の利用
・冷媒回収及び再利用の促進
・ヒートポンプの用途拡大に向けた新冷媒の開発
３．圧縮技術
・圧縮機効率の向上
・新冷媒に対応した圧縮機
・圧縮機自体や被圧縮ガス（低GWPや自然冷媒）対応による環境負荷低減
４．熱交換技術及び耐着霜・除霜技術
・熱交換性能の向上による高効率化、および耐着霜・除霜による熱ロス削減による寒冷地への普及
５．次世代冷凍システム技術及びデシカント・吸着・吸収・化学系技術
・再生可能エネルギーを積極的に活用した次世代冷凍空調技術（吸収・吸着・蓄熱技術等）により環境負荷低減
・高温熱生成を可能とするヒートポンプシステム(家庭用、産業用)の普及
出典：冷凍空調技術ロードマップ2050 https://www.jsrae.or.jp/jsraeRM/RMdigest.pdf",2024-09-12,2024-08-27,2024-09-09
386,062,30代,"エネルギー政策において再エネ推進が打ち出されてますが、自衛隊の基地にまで将来再エネ100%と河野太郎大臣は以前発言してましたがこれはとんでもない話です。
こんなことをすれば太陽光パネルなどにサイバー攻撃をしかけていくらでも他国から自衛隊の電力供給が脅かされることになります。
これは、防衛省だけでなく経産省からも反対の申し入れをしないと大変なことになります。 日本の防衛がおぼつかなくなりいつ他国からのサイバー攻撃でダウンさせられるか分からないのが太陽光発電や風力発電由来の電気です。
絶対に国家として河野太郎大臣の案を聞き入れてはならないし阻止してください。
小泉進次郎氏もエネルギー面では河野氏と同様の思想を持ってますがこの案は経産省としても再エネよサイバー攻撃リスクや天候不順時の停電リスク指摘し何としても自衛隊基地を再エネ導入するのだけは阻止してください。
火力や原子力由来の安定供給できる電源をサイバー対策や自衛隊に供給しないといつ
自衛隊の基地をダウンさせられるか分からないです。
さらに、天候不順の時に蓄電池の残量がそこを尽きたら確実に自衛隊基地は機能不全になります。
これは風力発電も同様で洋上風力をやると
レーダーにも悪影響ですしそもそも洋上風力発電が漁業に与える影響については、いくつかの指摘があります。洋上風車の設置により、魚群の行動が変化し、漁獲量が減少する可能性があるとされています。特に、定置網漁業においては、魚道が変化することで魚が減る可能性が指摘されているためこれらの
リスクをしっかり説明せずに推進しているのは大変な問題です。
一見、再エネと自衛隊や漁業の話は関係なさそうですが密接に関わる重大問題ですので絶対にエネルギー政策の議論をしてる時に
再エネ推進のリスクを必ず説明してください。
これらのリスクを考えても再エネにはあまりにも弊害が大きくこれ以上の導入には反対します。
原子力と高効率火力の方が安定供給もできるし自衛隊基地に安定供給することは国家として必須ですし漁業への影響も洋上風力などの方がむしろ原子力や火力より深刻です。
これ以上の再エネ推進は踏みとどまるべきです。
上記内容は防衛省、政府、自民党内にも提言してください。",2024-09-12,2024-08-27,2024-09-09
387,062,70代,西日本ではリスクを冒して原発を10基も再稼働しています。それに引き換え、関東・東日本ではまだ1基さえも再稼働もしていません。今の首都圏の電源は、完全に再エネ発電と火力発電に依存しています。 経産省では次世代原発などと絵空事を言う前に、まずは関東・東日本の原発再稼働をしっかりやってください。 次世代原発は関東地区に作るのなら賛成ですが、西日本にはもう要りません。 むしろ日本全体に耕作放棄地は30万ヘクタールもあるのでこれを活用する規制緩和をやってもらえれば、再エネ発電とLNG火力発電で日本の電力需要を十分に満たすことができます。,2024-09-12,2024-08-27,2024-09-09
388,062,60代,原発は10万年もの間、放射性物質を出す。原発からの即時撤退は必須。,2024-09-12,2024-08-27,2024-09-09
389,062,40代,"太陽光わ恩恵と違います
日本わ太陽光未納中のため外出禁止令発令中です妥協案わなんですか？
早急に会うについて自分わカ─ドおだしています",2024-09-12,2024-08-27,2024-09-09
390,062,30代,気候がおかしくなっていることを実感していない人はもはや日本にいないのではないでしょうか。頻度と甚大さが高まる災害、暑くて外を歩くのも困難な夏、取れる魚や栽培可能な作物の変化など、あらゆる人がすでに何かしらの影響を受けており、脱炭素の対策は喫緊の問題で す。にも関わらず、日本の政策は建設に時間のかかる原発の新規建設や、不十分な水素混焼、技術開発がまだ先なメタンガスなど、見当違いな方向を向いているように感じます。まずは節電と再エネの推進を最優先すべきじゃないでしょうか。,2024-09-12,2024-08-27,2024-09-09
391,062,70代,"2011年福島原発事故から11年が経過したが、未だ事故終息の見通しが不明、３万人の避難者が故郷への帰還が出来ていない。汚染水の海上放出も漁業者との約束が破られ強行され、ました。
能登地震による志賀原発の状況から、あらためて地震・津波・火山の日本列島に原発は不要なことが明らかです。また複合災害によって、避難も屋内退避も不可能な日本の国です。
原発は新増設・リプレースや新型炉の開発をやめ、期限を定めて廃止をするべきです。
産業界や電力業界は、原発の新増設・リプレース、新型炉の開発を主張しており、これまでの大方針である「原発依存度の低減」の削除を求めていますが、原子力について、再稼働、運転延長、新増設・リプレースや新型炉の開発をやめることを求めます。",2024-09-12,2024-08-27,2024-09-09
392,062,40代,エネルギー基本計画見直しの論議に参加されている方に偏りがあると思いました。一次産業従事者や若者世代、女性も含めてバランスよく議論の場に参加し、多様な意見を聞き入れてすすめるべきと考えます。また、第６次計画の「可能な限りの原発依存度の低減」からＧＸ2040ビジョンでは「原発の最大限活用」が掲げられ計画が大転換されました。福島の事故を踏まえ て、再度、原発依存は低減するよう対応いただきたいです。,2024-09-12,2024-08-27,2024-09-09
393,062,40代,プラスチック製品やペットボトル飲料水を製造する企業に、年間の下限ｋｇを設定して、自社並びに他社の使用ずみプラスチックを資源として買い取り再利用することを法律で義務付けてください。,2024-09-12,2024-08-27,2024-09-09
394,062,,"2024年9月2日経済産業大臣齋藤 健 殿
生活協同組合パルシステム山梨 長野代表理事 理事長 古家滋子
エネルギー基本計画見直しに対する意見
私たち生活協同組合パルシステム山梨長野は、登録50,000 名を超える組合員により、事
業・運動を展開する生活協同組合です。東京電力福島第一原子力発電所の事故を受け、パルシステムグループとして、2012年に「エネルギー政策」を制定、2023年3月には「環境・エネルギー政策」を策定し、2030年までの温室効果ガス削減の具体的な目標値を掲げ、持続可能な社会の実現を目指して活動しています。これまでも事業活動や組合員家庭における省エネルギーの推進、脱原子力発電運動、地域と協同した再生可能エネルギー普及活動に取り組んでまいりました。再生可能エネルギーを中心とする電力供給事業においては2021年から2022年にかけて電力市場価格の急激な値上がりにより経営難に陥り、また、多くの新電力事業者も倒産や事業停止に追い込まれました。そのような中でも、多くの組合員の協力を得ながら、「FIT電気
（再生可能エネルギー）+再生可能エネルギー」比率を2023年度実績で70.5％とし、再生可能エネルギーの推進を続けています。
第7次エネルギー基本計画が、原子力にも化石燃料にも依存しない、脱炭素社会のあるべき姿を描いたものとなるよう、以下意見を申し述べます。
１．次世代、一次産業従事者を含む多様な立場の国民が論議に参加できる仕組みを要望しま す。また、消費行動やライフスタイルの選択を通じ脱炭素社会の実現に主体的に参画できるような情報提供を求めます。
気候変動問題は、国民の命やくらしに関わる重要な課題です。エネルギー基本計画の見直しにあたり、プロセスやスケジュールを広く周知し、多様な立場の国民が参加できる機会を設け、その声を計画に反映してください。とりわけ、総合資源エネルギー調査会などのエネルギー政策の決定プロセスに、気候危機の悪影響を大きく受ける第一次産業の関係者、気候災害や原発事故の当事者、将来世代などの参加を強く求めます。また、環境省の「デコ活」（脱炭素につながる新しい豊かな暮らしを創る国民運動）などの発信力強化、国民一人ひとりが自身の消費やライフスタイルを持続可能なものにするために、各省庁と連携した啓発強化を求めます。
２．エネルギー需要量の大幅縮小を可能とする社会の構築を目指し、省エネルギー施策を強化してください。
脱炭素社会の実現のためには、エネルギー需要量を縮小させることが重要です。2023年に開催された「第28回気候変動枠組条約締約国会議（COP28）」で採択された決定文書では、省エネ改善率を2030年までに世界全体で2倍にするという目標が掲げられました。生活・産業全般におけるエネルギー需要量を最小限に抑え得る社会の構築を促し、さらに省エネルギー施策を尽くしてください。その上で、必要量をいかにまかなうかを検討してください。技術革新による省エネルギー施策に大いに期待します。
３．原子力発電ゼロへの早期移行と工程の具体化を求めます。
東京電力福島第一原子力発電所の事故から 13 年が経過してもなお、多くの方々が避難を余儀なくされ、損害賠償、除染・中間貯蔵施設事業、廃炉・処理水対策、膨らみ続けるこれらに要する費用、風評被害対策など、課題は依然として山積したままです。第６次エネルギー基本計画においては「可能な限り原発依存度を低減する」と位置付けられているなか、2023年にＧＸ推進法のもと原発の最大限活用への方針大転換が行われました。そして2024年4月、世界最大の原子力発電所である東京電力柏崎刈羽原発において地元住民の同意がないまま燃料装填が開始されました。いまだ使用済み核燃料の最終処分問題が未解決であり、さらに能登半島地震により国民全体の不安が増大していることを踏まえれば、柏崎刈羽の再稼働を前提とした推進計画をすすめるべきではありません。また、原子力発電所の新規増設費用を国民に負担させることはあってはならないことです。
４．2050 年再生可能エネルギー100％に向け、2030 年の導入目標を国際的水準である 50％以上としてください。
日本のエネルギー選択において踏まえるべき「安全性」「環境（脱炭素化）」「安定供給（自給率）」を同時に満たす電源は再生可能エネルギーです。近年の化石燃料の価格高騰は、エネルギーを輸入に頼ることの危うさを明らかにしました。わが国の再生可能エネルギーの割合は 21.7％と諸外国と比較しても低い水準で、地熱・水力などの資源が豊富に潜在するなか十分に活用が進んでいません。エネルギー供給の内製化を推進し、自立・分散型エネルギーシステムを構築することで、非常時の電源確保、エネルギーの効率的な活用、地域経済の活性化・雇用の創出につながります。環境や社会の長期的な持続可能性を考慮すれば、2050 年には 100％を目指すべきです。「第28回気候変動枠組条約締約国会議（COP28）」で採択された決定文書では、再生可能エネルギーを2030年までに発電容量を世界全体で3倍にするという目標が掲げられました。IPCC1.5℃特別報告書の想定水準である、2030 年時点で50％以上の再生可能エネルギー導入を目指し、蓄電池の早期開発をはじめあらゆる政策を総動員し強力に進めることを要望します。
５．石炭火力は 2030 年までの段階的廃止を求めます。
石炭火力発電における温室効果ガス排出量は非常に高く、電源構成比も30％を超える水準で気候変動問題に大きく影響します。2024年４月の先進7カ国（G7）気候・エネルギー・環境相会合では「2035年までに石炭火力発電の段階的廃止」が合意されました。日本は水素・アンモニア混焼やCCS（炭素回収貯留）の技術が排出削減対策に該当するとしていますが、有効性、経済性、環境影響などに懸念のある不確実な技術であり、石炭火力の温存に繋がる懸念があります。石炭をはじめとした化石燃料からのダイベストメント（投資撤退）も含め、脱石炭火力への世界の潮流の中で、限られた政策資源を終息に向かう技術分野に投入することはやめるべきです。
以上",2024-09-12,2024-08-27,2024-09-09
395,062,30代,"・太陽光パネル設置のための課税
金額が問題ですが、国民が自らのお金で環境を守るための意識改革が必要だと思います。
・洋上風力発電には反対
これ以上、他の生物の環境に悪影響を与える可能性があることをするべきではありません。また、地震や津波などが起こった場合の被害も大きくなるように思われます（浮体式は特に、 ケーブル破損による漏電や、転倒など）。日本で起こる自然災害の予測ができない現状では特に、リスクが大きすぎると思います。",2024-09-12,2024-08-27,2024-09-09
396,062,30代,"現在の再生可能エネルギーの買取価格には、統合コストが考慮されていないことが多いです。統合コストとは、再生可能エネルギーを電力システムに統合するために必要な追加の費用を指し、電力の安定供給を維持するための調整費用や系統安定化のための費用が含まれます。
そもそも再エネを火力で出力調整して再エネが脱炭素電源と主張してるのもおかしいです。 蓄電池の場合は統合コストは莫大に増えますのでこれもコストを算出すれば国家として推進すべきではないのは簡単にわかります。
そもそも蓄電池はkwhあたり数百キログラムもCO2が出ますしこれは石炭火力のkwhあたりのCO2よりも桁違いに悪い数値なのも理解されてません。
再エネ賦課金は、再生可能エネルギーの買取に充てられ、国民がこれまで多大なる負担し家計を苦しめています。
これらの統合コストや送電網増強費用のコストを抜いて再エネを安いと主張している環境省やメディア、政治家もおかしいです。
統合コストや送電網増強費用のコストを再エネ業者の買取価格から見直して引き下げることができれば国民の負担を軽減できる可能性があります。
これは、再生可能エネルギーが電力システムに与える影響をより正確に反映し、コスト効率を向上させるための一つの方法です。
統合コストを業者に払わせるということではなく再エネにかかる送電網増強費用や統合コストは再エネ由来の電力が与える電力における損失なわけでこれは差し引いた買取価格に見直すべきです。
再エネ業者を優遇して国民負担を増やしてるのは容認できません。
すぐに再エネ賦課金を廃止できないにしてもこれらで適正な買取価格に見直してください。",2024-09-12,2024-08-27,2024-09-09
397,062,60代,"現在、検討が進められている第７次エネルギー基本計画において、原子力発電所の再稼働や新増設の方針を盛り込むことに反対します。
理由は、原子力発電所が立地している場所で、その耐震基準を超える大きな地震が起きる可能性を否定できないからです。
例えば、周期性があり近い将来必ず起きると言われている南海トラフ巨大地震の想定震源域の直上に立地している静岡県の浜岡原発や愛媛県の伊方原発などは、想定されている基準値振動を超える大地震が発生する可能性を、科学的にも否定できません。
そうした大地震が原子力発電所の直下又は近隣で発生した場合、冷却水配管が破断する等で発電所にメルトダウンが起きれば、広範囲にわたり放射能汚染が生じ、我が国の国民の健康や産業の維持等に甚大な被害を及ぼします。
そうした可能性を否定できない以上、原発の再稼働や新増設を行うことは、国民の生命の安全を脅かす所業と言わざるを得ません。",2024-09-12,2024-08-27,2024-09-09
398,062,60代,"意見
自家用航空機に高額の「自家用航空機税」（仮称）を課税して、自家用航空機の数を抑制して、航空機使用によるエネルギー消費、汚染物質排出、事故の危険性を抑える。
理由
航空機はエネルギー効率が悪く、かつ有害物質を大量に排出する。また航空機の事故は、第三者にも大きな被害をもたらす。それらを
抑制するために、特に個人や企業が私有する自家用航空機の数を抑制することが望ましい。日本は国土が狭いにもかかわらず、高速鉄道網が発達しており、自家用航空機の必要性は低いものと思われる。
現在、自家用航空機には固定資産税しか課税されていないが、さらに高額の税を課して、自家用航空機の保有を税制面からも抑えてゆくべきと考える。",2024-09-12,2024-08-27,2024-09-09
399,062,60代,"意見
利用の少ない地方空港は廃港にすべき。
オホーツク紋別空港、大館能代空港、コウノトリ但馬空港、佐賀空港など。
理由
現在、日本では、需要を無視して過剰に空港が建設されている。空港があることでやむなく利用の少ない航空便が設定され、
需要を作り出すために、多額の補助金が支出されている。
航空機はエネルギー多消費の交通機関であり、なるべく抑制することが望ましい。また、空港の維持と補助金は自治体の財政を圧迫する。近年は高速道路の整備が進んだので、近隣の空港を利用しても
不便はなくむしろ便数が多い近隣の空港利用の方が利便性が高い場合もある。空港を廃止し て、市街地と近隣の空港とを結ぶバスの事業者に若干の補助を出してアクセスを確保するほうが、エネルギー効率も良く財政支出も少ないと思われる。",2024-09-12,2024-08-27,2024-09-09
400,062,60代,"色々な本やサイトで日本の再エネへの取り組み、海外の取り組みを勉強中です。
知れば知るほど、原発、化石燃料に頼る事なく電力を維持できる可能性が高いと感じています。
未来の世代にツケを残す事なく持続可能な仕組みを残すためにも、大手電力会社の都合に合わせたシステムではなく，柔軟な思考を持ってエネルギー制作の舵取りを希望します。
似たような社会規模のドイツでできる事がなぜ日本でできないのか。
フランスから電力を買っているから、という間違った情報を野放しにして、やらない事を良しとしないでいただきたいです。
過去に戻すのではなく、前に進むための再エネを考えていかないと間に合わなくなります。",2024-09-12,2024-08-27,2024-09-09
401,062,30代,"なぜ太陽光発電や風力発電のような自然変動性電源の統合コストに蓄電池を考慮しないのですか？
ずっと新エネルギー課やワーキンググループの資料を見ても統合コストを脱炭素と言いながらなぜか火力で調整したコストで試算しており国民としても意味が分からないです。
再エネを脱炭素電源と主張するなら蓄電池をなぜ導入した前提でコスト試算しないのか理解不能です。
例えば昨年の梅雨の時期のデータとか実データを使えばいくらでも太陽光発電にどれだけ蓄電池が上乗せでかかるかなどは分かるはずです。
このことから経産省のワーキンググループも再エネを意図的に安く見せている印象を持ちます。
再エネに蓄電池のコストを加えたら絶対に火力より安くなることはあり得ないし蓄電池による統合コスト増加もあまりにも軽視してます。
さらに送電網増強費用も含めておらず試算が甘すぎます。
コスト試算は早急に見直し国内外にも蓄電池のコスト増加、レアメタルの精錬、加工時の水質汚濁の環境負荷、蓄電池製造時のCO2
排出など問題点を指摘すべきです。
そもそも、再エネや蓄電池、EVを推進すると
レアメタルやレアアースなどで覇権を握る中国に利益が渡る構図をそろそろ日本も世界に説明ください。
ペロブスカイト太陽光をやってもそもそも設備利用率低すぎるし夕方以降発電しないので停電リスクを減らすことにもならないです。
これ以上、再エネや蓄電池、EVに闇雲に予算をつけるべきではないです。
やはり、天候不順時にサイバーセキュリティやAI、データセンターに安定供給できるのは原子力と高効率火力です。
その先高温ガス炉由来の水素を水素エンジン発電に供給しそれで発電の調整すれば良いです。 CCUSやアンモニア混焼をやるならトータルのコストと製造時の地政学的リスクを見ながらやる必要がありますしさらにこれは環境対策なので国のGX債で支援すべき内容であり全て事業者に払わせるとコスト増加を招き電気代も上がってしまいます。
原発の新設、リプレイスも同様にGX債で補填すべきです。
とにかく、老朽火力が増えてますのでいつ停電するかわからなくなってますから原発や高効率火力の新設、リプレイスを加速すべきです。",2024-09-12,2024-08-27,2024-09-09
402,062,30代,"以下に、日本が核燃料サイクルを強化するための提言をまとめます。
これは原子力の安定稼働とエネルギー自給率向上に寄与するだけでなく再生可能エネルギーのように材料関連で中国依存の電源とは
異なり中国依存度をむしろ下げられかつCO2削減と安定供給を両立できる点も国民に説明すべきです。
提言
**国内濃縮能力の拡充**
国内のウラン濃縮施設を拡充し、安定した供給体制を確立する。
海外依存を減らし、エネルギー安全保障を強化する。
**人材育成の強化**
原子力技術の高度化や安全性向上のための専門人材を育成する。
教育・訓練プログラムを充実させ、次世代の技術者を育てる。とにかく人材確保が急務です。
これは高効率火力産業も同様です。
有用性を説明し原子力と高効率火力が必要であるということを説明しないと人材がいなくなります。
シニアで引退済みの元技術者の再雇用や教育分野での講師として呼び戻すのも考えてください。
年俸制にして現役世代と遜色ない給与を出さないと働いてくれませんのでここも国が予算をつけてください。
日本のカギはまた技術者の高齢者を呼び戻して次の世代の原子力関連の教育とかに講師として招いたり民間で再雇用したりすることです。
シニア枠の給与ではなくあくまで能力で評価し現役世代と遜色ない給与を産学官で連携して出し上の世代で原子力産業に携わった方の知見を活かすべきです。
国として原子力産業に誇りが持てるような有用性を理解してもらえる広報活動もすべきです。
**国際協力の深化**
政治的に安定した国々との長期契約を維持し、供給の多様化を図る。
戦略的パートナーシップを強化し技術交流を促進する。
**技術革新と安全性の向上**
新技術の導入や既存技術の改善を通じて、安全性を高める。
核燃料サイクル全体の最適化を図る。
**多様な炉の導入**
核燃料サイクルの選択肢として高速炉に
加え、水素製造ができかつ使用済み核燃料の放射線量を低減できる高温ガス炉など多様な技術を導入しエネルギーの多様化を促進する。
資源の有効利用と安全性の向上を実現する。これらを実行することで日本は持続可能で
効率的な核燃料サイクルを構築しエネルギー安全保障を強化することができるでしょう。",2024-09-12,2024-08-27,2024-09-09
403,062,80代以上,"コスト検証についての欺瞞
前回も事業用太陽光のコスト検証を250kwでやっていたが誰もその異常さを指摘するものはいなかったのか。
コストを高く出したいからといって
今回もしれっと250kwで計算しようとしているが
中央値を根拠にして採用しようとしているが都合よく平均値を使ったり中央値を使ったりなど認められない。 2500kw,25MWでもやってみる必要がある。そして公表すべき。驚くほど変わる、当たり前だが。
規模の経済というものがあるのだが経産省では難しい概念なので知られていないのだろう。
250kwなど今なら500坪で作れる程度の田舎なら裏庭に置きました程度の規模。
発電期間についてもツールを公開するならそこでいじれるようにするべき。パネル0.5%の劣化率を採用しながら25年、30年後には突然全て使用不能に なるのか？原発は60年使えるというのに矛盾している。",2024-09-12,2024-08-27,2024-09-09
404,062,,"・GHGを大量排出し続けている先進国として、世界と未来への責任を果たすために、大幅削減
（少なくとも2035年までに2013年度比で80％削減）が実現できるエネルギー基本計画を
・電源構成では、最も安い電源である再生可能エネルギーを2040年に100％に
・リスクもコストも高く、廃棄物処理もできない原発の最大限活用、新増設・リニューアルはありえない。速やかな廃炉を
・「化石燃料からの脱却」に向けて、火力発電（特に石炭火力）は期限を決めて廃止へ",2024-09-12,2024-08-27,2024-09-09
405,062,70代,"日本の電源構成において、再生可能エネルギーの割合はヨーロッパの国々に比べて少ないのですが、日本はヨーロッパの諸国に比べて緯度が低く太陽光の利用において有利であり、周囲を海に囲まれて海風や潮流を利用する面においても有利です。さらには、世界で第3位の地熱大国であり、地熱を利用しての発電などのエネルギー利用の開発には、原子力発電に比較しても安全上のリスクが少なく、また十分に利用可能な未利用の熱資源があり、ここに最大限の投資を行い急速に進めることが肝要でしょう。
特に、海洋風力発電や地熱発電は、太陽光発電のように1日の間で変動することが少なく、また、日本の各地に立地の適地があり、その多くで事業化すれば、平均してかつ安定した電力源として期待できます。
原子力発電においては、使用済み核燃料のリサイクルや保管に関して、多くの未決の課題が存在し、その解決策やコストを未だ明らかにすることが出来ない状況です。そして、核燃料リサイクルが期待通りに実行できなければ、ウラン鉱石の新たな採掘という課題が突き付けられ て、これを日本単独で解決できないという現実的課題が大きな壁となって、原子力発電の将来に立ちはだかることは確実だと言えます。
日本の将来に責任を持って考えるのであれば、日本特有の自然条件を生かした再生可能エネルギーによる発電事業に十分な投資を行って、電源構成の上においても大きな割合を占めていくべきだと考えます。",2024-09-12,2024-08-27,2024-09-09
406,062,40代,"2023年、2024年と、世界の平均気温は「過去最高」を記録しています。
基本政策分科会では、「原発の新増設に踏み込むことが必要」とい議論が目立ちますが、今進めるべきは省エネ・再エネです。
エネルギー安全保障、地域経済循環のためにも、原子力や火力発電の脱炭素化への投資をやめ、省エネ・再エネに集中させてください。",2024-09-12,2024-08-27,2024-09-09
407,062,70代,"今年初の能登地震に続き、宮崎でも大きな地震が起こった。地震国日本に原発を導入したことはそもそも間違いであった。エネ基には、これをできるだけ低減とうたっている。さらに原発ゼロをめざすとするべきである。
激甚台風の到来も、気候変動の結果であるといわれている。カーボンニュートラルを一日も早く実現するため、原発ゼロ、再エネ00をめざすべきであり、エネ基にもしっかりと書き込んでほしい。",2024-09-12,2024-08-27,2024-09-09
408,062,70代,"私の意見は「再エネ最優先の政策をつくれ！ 脱原発・脱石炭火力で再エネ100を」というものです。
理由は、
・世界で最も地震が多く、火山の多い日本には原発は危険すぎ
・もし、戦争となれば、一番にミサイルの標的になる
・被ばく労働者をたくさん作る
・原発は何万年以上、強い放射線を出し続ける廃棄物を作る
・世界中どこでも廃棄物処分は出来てない。困っている。見えるところにおいて長く見張っておくしかないのが人類の現状
・そこまで考えると、原発の電気は非常に高いよって、原子力発電に反対です。",2024-09-12,2024-08-27,2024-09-09
409,062,30代,"原発は電気料金が高い
ということを宣伝してください
再エネで再び先進国になってください頼みます",2024-09-12,2024-08-27,2024-09-09
410,062,40代,"0.何度も書いているが審議員やヒアリング対象者が年配（特に限界集落化した原子力ムラの前期高齢者）と男性（気候変動や放射能は男女関係無く降り注ぐのに）に偏り過ぎ (1)ヒアリング対象者に原子力進めてくれと言う前期高齢者
がいるなら、 2030～2050年代に社会を担う若者世代が原発止めてくれ＝後始末だけ押し付けるなという意見を取り上げて然るべきでは？ (2)バブル期不良債権失敗のツケとして迎えた就職氷河期世代の人間として諫言する
事務局エネ庁職員（年代は分からないけれど）は、上の世代の失敗の後始末やツケを担わされる辛さは感じていないのだろうか？
今現在決めた政策の誤りが大惨事を引き起こした時、自らが担う後始末の負担量は、政府交渉や質問主意書対応とは比較にならないと思ってほしい
（今度原発過酷事故起こしたら311後保安院と同様、エネ庁解体だろう） (3)個人投資家に好意的に受け入れられたNISA制度導入に当たっての金融庁が行った広く開かれた議論（個人投資家インフルエンサーからもヒアリング）と比べたエネ庁審議会全般の閉鎖性を認識すべし。
この辺の唯我独尊振りとそれに気づいていない無自覚無神経さが、世間から貴省庁が与える印象及び評価の原因と思われたい。 1.2024/8/30電事連ヒアリング資料と会議模様を拝聴した。 (1)原子力を担う人材確保がボトルネックと認識していない議論は時間の無駄。
電事連からの出席者出身会社に、人財戦略を高らかに謳っている反面（しかも原発で活躍などの文言皆無）、ヒアリング資料や討議内容に
人材育成と出てくるのは一度のみ（しかも具体策は’日本原燃社員の育成’だけ、、、）。 (2)電事連会長はファイナンスや権益確保について、’出来ることはマルチにやる’と仰ったが
原発向け人材確保や育成には言及が無い。これは出来ることは何も無いと言っているに等しい。違うなら審議会で具体策の一つも出したらどうか？
P18の将来的な原子力設備容量を見通しているが人材確保の目途がまるで立たない証拠だろう。
本当に人材確保に本気なら最低限、同業のお役所である文部科学省が提示した「AI戦略等を踏まえたAI人材の育成について」(※)程度の資料は出してくるだろうからだ。 https://www5.cao.go.jp/keizai-shimon/kaigi/special/reform/wg7/20191101/shiryou2_1.pdf 2.座礁資産という言葉を原子力に対して使うのに審議会では躊躇いがあるのだろうか？ (1)電事連資料P20の自己資本比率を見ると原子力という衰退産業がおぶさる原発という座礁資産抱えていたらそりゃそうなるでしょ以外言いようが無い。
投資CF（座礁資産である原発の安全対策費用）に営業CF（電気代収入）が食われて自己資本比率下げた経営判断を悔やんでも悔やみきれまい。 (2)現状原子力に頼るのは、石炭⇒石油にエネルギー転換した後も’俺は資産がある’と大言壮語した石炭王と同じ（別の変なビジネスに手出して破滅するのが多かったらしい）。 (3)原発向けファイナンスが苦しいと泣き言仰っているが、金融機関幹部は、刑事告発＆株主代表訴訟食らう可能性座礁資産向け融資を行うだろうか？
委員に銀行関係者もいるからお聞きになると良いだろう。バブル後不良債権処理を前述したが変な融資先を焦げ付かせて刑事告発食らった銀行経営陣はゴロゴロいたことをお忘れなく。 (4)雑誌’選択9月号’日本原電「東西再分割抗争」が再燃’準拠すると、原発はファイナンスが不明確とか悠長な状態はとうに通り過ぎている状態と認識されているか。
同記事では、みずほ銀行が日本原電（原発しか設備が無い）にもう資金提供できないと原電出資の電力会社に告げている模様（東北電力に又貸しを依頼して拒否されたそう）。
3.原子力損害賠償制度の適切化発言について (1)それを言う前に原発事業者が賠償保険に加入可能か明らかにするべき。今時、ママチャリ
（話題になったママチャリ逆走おばさんですら）でも損害賠償責任保険入るのが当然だが
比べ物にならないリスクを抱えた原発が加入できる民間損害保険があるなら率先して加入すべきだろう。
だって’世界最高水準の安全規制’クリアした原発稼働させると豪語されているんだから、何か不備ありますか？と自信満々に民間損保に申し込んで然るべきでは？ (2)原子力損害賠償制度しか頭にないようだが、2022/7/13東電旧経営陣に下された13兆3210億円の株主代表訴訟賠償命令とは別物とご理解されているのか？
賠償費用以外の廃炉費用／除染費用も会社≒株主への賠償命令されたと事実を鑑みれば、 11/27に同控訴審最終弁論控えた東電旧経営陣の気持ちがお分かりになるのではないだろうか。
5.エネ基審議模様や審議資料を通して
原子力の弱い環で最弱の部分＝銀の弾丸が全く期待できない順位が分かった。最弱なのが人材確保＆育成、次がファイナンス部分だろう。
イスラエルのモサドですら諜報員に育てた孤児が民間の給与等処遇が魅力的な企業へ就職するのを、愛国心を盾に止められなかったとなれば
衰退産業の座礁資産尚且つ確実に遺伝子が傷付く代物に若者を呼び込むのは無理ゲー。
同様に個人投資家は儲けたい思いでお金を動かすのであり、儲からない分野にお金は投じない
（東証の銘柄コード224A見れば明らか(出来高少ないくせに9/4は大暴落)）。
愚鈍で無知蒙昧な自分でもこの点に気付けたのだから、誰でも分かる筈。つまり今年中の総選挙や来年の参議院で十分に争点になり
議員立候補者には具体的な論点として質問と回答模様を判断できると言うこと。選挙のたびに書きぶりが左右されるエネ基、さてどうなりますかね？",2024-09-12,2024-08-27,2024-09-09
411,062,30代,"原発依存ではなく、
再生可能エネルギー普及に向けた施策展開を自治体でできるように、各自治体から実情を聞いていただき、国からバックアップしてください。",2024-09-12,2024-08-27,2024-09-09
412,062,70代,"電源構成では極力原発依存を低減させる、を入れて下さい。
福島原発事故で発令された「緊急事態宣言」が解除されていないにもかかわらず原発が再稼動される状態に強い違和感を覚えています。
原発事故から得た教訓は「原発依存を低減させる」でした。原発ゼロが理想だけれど、それが直ちに無理ならばゼロ化する間はやむを得ず稼働させる、というスタンスです。
ところがが岸田政権により原発回帰、積極活用へと転換しました。その理由は明確ではありません。
原発依存の低減は、「事故リスク」を限りなく低める、が目的だった筈です。「事故リスク」は十分低減できたのでしょうか？できていません。逆に老朽化した原発を次々と再稼動させようとしています。事故直後とは真逆の政治を進めています。これは「のど元過ぎれば熱さを忘れる」たぐいの愚行です。事故から何も学んでいないと言えます。
その原因は、私見ですが、事故責任を政府が免れているからです。最高裁の決定（22年）を言い逃れの蓑にし、責任逃れしている政府・経産省の姿は醜いです。東電の元役員もそうですが刑事責任を問われていたら、岸田政権の「原発回帰政策」は起こりません。
次の原発事故が起き、甚大な被害、死者が発生しても岸田首相はじめ誰を責任を追及される心配がないのでこのような無謀な原発政策を続けられるのだと思います。止めるべきです。
政府のエネルギー政策が原発依存から離れることが重要ですが、前回エネルギー基本計画の見直しから、「地球温暖化対策」を悪用して火力発電に石炭火力を温存しようとしているのも問題です。ドイツを見習うべきです。ドイツに出来ることは日本でも出来るでしょう。ドイツの再エネ発電は風力の方が太陽光より多いのを見ると日本の風力発電はもっともっと期待できるのではないでしょうか。政府が再エネ拡大を本腰入れてやればドイツ並みの電源構成を達成できる筈です。できないのは「やる気がない」からだと思います。
それは「原子力ムラ」の利権構造、「石炭火力ムラ」の利権構造が原因だと思います。
最後に、私たちの電気料金についてです。
私は原発事故後に東電から東京ガスに電気の購入先を変えました。東電の無責任さ、原発の電気を使いたくない、が理由です。
ところが、その後いろいろと勉強すると、東京ガスから購入する電気と言えど原発と無関係ではない事、あるいは電気料金に原発関連費が加わっていることが分かりました。複雑な料金徴収システム、
分かりにくい原発援助システムで政府が悪知恵を働かし消費者から幅広く原発関連の費用を徴収しているのですね。
そして、今回の見直し論議の過程で「新規原発建設への援助費用」についてイギリスのRAB制度を真似て新たな「徴収システム」を導入しようとしていることをFoeJapan主催の勉強会で知りました。
とんでもないことだ！と思います。
原発の新規建設は経済的には成立できないことだと理解しています。建設費が高すぎるからです。かって安倍首相が推進しようとして頓挫した原発輸出の「失敗」が如実にそのことを示しています。
「近所のコンビニに行くのに新品の外車でないと行かない」とだだをこねている放蕩息子のようです。たかだか電気を作るのに「新品外車」でないと作れない、どうしても新品外車が必要だ、と言っているようなものです。燃料代金は勿論ですが原発建設費が今や一兆円を超す時代に、燃料費はゼロ（太陽から、風から自然から請求書は来ません）の再エネを発電の主力として最大限にする、誰でも理解できる政策です。しかも原発の使用ずみ核燃料の保管を考えたら将来的に莫大な費用が発生するのは必至です。
原発をやめて再エネ中心のエネルギー政策にする「エネ基本計画」の策定をお願いします。以上です。",2024-09-12,2024-08-27,2024-09-09
413,062,30代,原発を延命し続けることは危険だと思います。また、新しい原発もその後が見えないので再生可能エネルギーに注力して頂きたいです。,2024-09-12,2024-08-27,2024-09-09
414,062,30代,"自分たちで出来ることは何かと考えるが、生活等から反映させるのは結構難しい。
（車→交通機関利用、節水節電など）
戸建てに住んでいますが、政府が太陽光発電システム設置の費用を負担してもらえるのであれば是非したい。費用対効果が分かりにくいため、なかなか導入に踏み込めない。",2024-09-12,2024-08-27,2024-09-09
415,062,40代,"電力自由化の拡大の促進のために、各電力会社に対して平等なサポートをお願いしたいです。
（東電が利益を独占しすぎではないでしょうか？）",2024-09-12,2024-08-27,2024-09-09
416,062,20代,"南海トラフなど大地震の予測がされるなか原子力を推進し新増設するのはとてもリスクが大きいと思います。
福島で起きたことを繰り返さないようにするべきです。",2024-09-12,2024-08-27,2024-09-09
417,062,20代,"化石燃料依存からの脱却、原子力発電の廃止を進め、COP28合意や1.5度目標に整合したフェーズを一刻も早く迎えて欲しいと感じます。
原子力にて生み出される多大なエネルギーについて目を離すことは難しいですが、人命や土地に住まう生命の安全が原子力発電利用と共に担保されることはこれまでも、これからもありません。福島に住んでいた私の祖父母とその家族は、あの日から全く異なる生活を歩まなければなりませんでした。
意見箱を設け、集まった回答を定期的にPDFファイルにまとめて提示するのは、気候危機に対する抜本的かつ具体的な行動を取ることとは全く異なる行為です。",2024-09-12,2024-08-27,2024-09-09
418,062,20代,気候変動へのアクションでサステナブルでよりみずみずしいなミライへ！,2024-09-12,2024-08-27,2024-09-09
419,062,20代,原子力を使用しての政策は改めるべきだと思います。,2024-09-12,2024-08-27,2024-09-09
420,062,30代,"原発を利用したエネルギー政策に反対いたします。
もっと成功例などを鑑みて環境に寄り添った政策を施行していきませんか。",2024-09-12,2024-08-27,2024-09-09
421,062,50代,"脱原発＆脱化石燃料を目指して欲しい。
特に原発は地震大国の日本で脅威でしかない。",2024-09-12,2024-08-27,2024-09-09
422,062,40代,原発の事故を経験しているのにも関わらず、再稼働やリプレイスを選択するなんて信じられません。絶対に反対です。人の命や健康はなによりも優先すべきです。,2024-09-12,2024-08-27,2024-09-09
423,062,30代,"原発は早く活動を停止してほしい。
もし大きな地震や災害で福島県の原発事故が再び起こった場合、私たちはともかく、事故を知らない次世代の子供たちに負の遺産は残したくない。
海外の再エネの取り組みにもっと目を向けてほしい。",2024-09-12,2024-08-27,2024-09-09
424,062,50代,再稼働できない原発のために、巨額の資金を投じて無駄にするよりも、その分を再生可能エネルギーの電源開発に充てられるようしてほしいと思います。原発の維持・開発は環境・コストともに将来世代につけを回すことになるので、今すぐやめてください。,2024-09-12,2024-08-27,2024-09-09
425,062,,"国としての目標が不明瞭なので何をすればいいのかわからない、ゴール設定をしっかりと国民に示してほしい、また効果測定を行い脱プラに向けて行われているレジ袋の有料化や紙スト ローへの変更で出た結果や課題について公表していって欲しい。
脱プラを課題としているのに国会中継でペットボトルの飲み物が当たり前のように使用されているのはどうなのかと思う。 EV車の普及を推進しているのに、充電ステーションが充実していないし、価格が高すぎて購入出来ない、ハイブリッド車でも充電が少なすぎて遠出が出来そうにない、普及率を上げるためにも開発に力を入れてほしい。
世界から遅れをとっている、他国の成功例を取り入れたり、地域で声を上げている団体ともっと関わって問題の把握と解決に努めて欲しい。",2024-09-12,2024-08-27,2024-09-09
426,062,70代,日本原燃、日本原電、東電など国が実質運営する原発サイクル企業のプロジェクトは核ゴミ対処などでうまくいっていません。このような状況で次世代原発リプレースなどと号令をかけるのはいかがかと思います。エネルギー緊急避難対策として原発再稼働するのはやむを得ませんが、関東東日本では1基も原発が再稼働していませんのでこちらが先ですよね。次世代原発については、その得失を十分に見極めた上でどうするか考えてほしいです。私としては、再生エネ発電を第一優先で拡大してほしい。国が規制緩和して耕作放棄地での太陽光発電を行えば、それだけですぐに電力の40％位まかなうことができるし、ペロブスカイトで都会ビルの壁面利用もやるべきです。これに加えて蓄電池や広域電力融通網を充実させ、石炭の代わりにＬＮＧ火力発電を活用すれば、この20年くらいの電力需要増加に一番答えられるのは再エネ発電で す。次世代原発が実用化する2060年頃には、もう原発不要になっている可能性が高い。もう日本は金持ち国では無いので、国が投資するならば実現可能性が一番高い発電方法に投資すべきと思います。,2024-09-12,2024-08-27,2024-09-09
427,062,70代,"第7次エネルギー基本計画において、唐突にも原発エネルギー依存に方針が傾倒したことが解せません。「トイレなきマンション」といわれながら、原発からの廃棄物処理方法について解決策無きままに原発の商業稼働が始まって50年が過ぎました。「そのうちには解決策がみつかる（はず）」という楽観論は、次世代に対して希望なき未来しか残せないのがいいまではないでしょうか。
せめてその政治的責任を原発廃止の決定で尻ぬぐいできないような基本計画では、全く無責任としか評価しようがない。事の重大性への理解を欠いている。そのために何ができるのか真剣に考えてほしい。今だけ金だけ自分だけのような基本計画は一から見直してほしい。",2024-09-12,2024-08-27,2024-09-09
428,062,30代,"日本の電力会社は、福島第一原発事故を教訓に安全対策を強化していることがあまり知られてませんので国内外にもっと政府や経産省が主導して説明すべきでしょう。
具体的には以下のような対策が取られています。
**動的安全と静的安全システムの強化**:
革新軽水炉では、電源喪失時にも機能する冷却システムを強化しています。
**非常用電源の確保**: 非常用ディーゼル発電機やバッテリーなどのバックアップ電源が強化されています。
**水密扉と防波堤の設置**: 津波や洪水から原発を守るために、水密扉や防波堤が設置されています。
**水素除去装置の導入**: 水素ガスの蓄積を防ぐための装置が設置されています。
**放射性物質の拡散防止システムの強化**: 格納容器の破損を防ぐためのベント操作などが強化されています。
これらの対策は、電力会社によって実施されており世界最高水準の安全性というよりここまでやってるのに原子力規制委員会がいきすぎたゼロリスク思考なため過剰に安全側に対応しすぎている面もあり稼働が進まない問題もあります。
日本の原子力規制委員会も過剰にリスク強調してますが、3.11で東北電力の女川原発があの揺れ、あの津波でも事故を防げたということは少なくとも日本が国内外に説明すべき事実です。そして、そもそもCO2削減と安定供給の両立のために動かす必要があると国内外に説明すべきです。
太陽光発電や風力発電などの自然変動性の
再エネでは天候に左右されるため困難なのです。これも再エネ推進や脱炭素と言い続ける前に
そろそろ現実問題として国内外に説明すべきでしょう。
もう再エネ推進とか脱炭素とか綺麗事を言って欧州から内政干渉をされるのを国民としても見てられません。
あの人たちは自身が炭素税で金儲けをしたくて言ってる可能性が高いと見てます。
そして、脱炭素政策をやって1番利益を得るのは実は再エネやEV用のレアメタル、レアアースでシェアを持ってる中国なのです。
原発や火力、エンジン車よりもよほど中国依存度を高めるのが再エネやEV、蓄電池政策です。そろそろ彼らに利益が渡って間接的に軍事費に回ってることは理解して政策立案しないとまずいです。
あと、サイバー攻撃リスクが高いのは実は原発や火力よりも中国で組み立てる再エネ関連です。
パワーコンディショナーやソフト関連を中国など他国が仕込むことは簡単にできるでしょうしそもそも日本は過去にハッカーによる
サイバー攻撃で再エネ施設を攻撃されて金融資産の被害にもあったはずです。むしろテロ対策というなら原発よりも
再エネの方がよほどサイバーテロリスクは高いのになぜ再エネには甘い基準で増やす計画ばかりなのでしょうか？
結論ですが、安定供給には再エネでは無理だし材料が中国に集中しているだけでなく太陽光発電関連のパワーコンディショナーなどを経由したサイバー攻撃リスクも高まります。
さらに、風力発電経由でウクライナ戦争の時にドイツの一部の風力発電がダウンさせられたのもほとんど日本国民には知られてません。
このように原発のテロリスクばかり指摘されますが、実際にはサイバー攻撃による再エネ関連のテロリスクの方がよほど現実に起こりうるのもほとんど日本のメディアでも国会でも取り上げられてませんので必ず今後議論ください。
よって再エネはテロ対策が十分でないため
国家として大変なリスクがあり推進は踏みとどまるべきです。よろしくお願いします。",2024-09-12,2024-08-27,2024-09-09
429,062,80代以上,原発即時STOPしてください。再生可能エネルギーを拡大してください。,2024-09-12,2024-08-27,2024-09-09
430,062,60代,工業と農業の最も大きな違いは何か。工業はエネルギーの消費、農業はエネルギーの生産である。エネルギー消費は地球の限界に達しつつある。エネルギー消費を減らし、エネルギー生産に力を入れるべきだ。 AIにエネルギーを供給するために原子力を進めることは、放射能により地球環境を破壊することになる。人間の幸せに反するものである。,2024-09-12,2024-08-27,2024-09-09
431,062,70代,原発が動いていると、地震のたびに心配でたまりません。原発は全て止めて、地産地消のエネルギーを使う日本にしてください。,2024-09-12,2024-08-27,2024-09-09
432,062,70代,原子力発電を復活させる政策に反対です。理由は、事故が起こった場合の汚染は元に戻すことが出来ないことと、使った後の廃棄物の処理が不可能であることです。,2024-09-12,2024-08-27,2024-09-09
433,062,30代,"①バイオマス、バイオガス発電を企業が「再エネ」として表示することを禁止してください。バイオマス発電は、廃熱利用しない場合、火力発電よりも発電効率が悪いです（NGO法人のFoEも同様のことを言っており、論文も出ています）。そのため、間伐材を燃やして発電するくらいなら、間伐材はCCSの一環としてその中にCO2を固定しておき、本来バイオマス発電で発電する分を火力発電で補った方が、まだましということになります。
このままでは、何も知らずにバイオマス発電を含む「再エネ」に国民が電源構成を切り替えた場合、むしろ環境を悪化させる恐れがあります。
早急にバイオマス発電を「再エネ」から外してください。
②各自治体に対して、植林事業を早急に進めるよう促してください。石炭と天然ガス利用をゼロにする見込みがないのであれば、その分だけCO2を吸収することでカーボンニュートラルを実現する必要があるはずです。",2024-09-12,2024-08-27,2024-09-09
434,062,50代,資源を持たない我が国 日本が、脱炭素と脱原発を同時進行するのは、非常に危険であることを、今一度 確認して頂きたいです。,2024-09-12,2024-08-27,2024-09-09
435,063,40代,"修飾言葉としての「コタツ」について
当送信意見内にてコタツ～を使うことになるのであらかじめ説明する。
足で調べて手で資料をめくるなど必要な手間を省き、やっている感を醸しだす冠言葉として
「コタツ～」としている。
例としてはコタツ記事を書くコタツ記者。タレントや著名人のコメントに対するSNS反応を記事にするだけのYahooニュース／スポーツ新聞系の記者に多いタイプ。
原子力が必要と意見するエネ基審議員の本気度／当事者意識について (1)そこまで必要性を言うなら、当該審議員ご自身は保有資産の何割を原子力産業（個別企業株、ETF(URA/NLR（何れもNYSE上場）,224A（東証上場）))金融商品に投資しているか明らかにすべき
＊税金から報酬得ている公人だとは思うが、政治家ではないので保有金融資産全体額の記載は困難と推定。だから、原子力産業関連金融資産の割合と記している。 4社ほど事業会社の株式を保有しているが、どの会社も株主総会招集通知内で役員候補者が保有する自社株数を記載している。
どの程度真剣に役員となる会社の資産価値向上を考えているか、選任判断基準となるからだ。翻って当該エネ基審議員の場合はどうだろうか？
自ら原子力産業の隆盛を疑わないなら、自身保有の全金銭（少なくとも半分以上）を原子力産業に投じて然るべきだ（ETF:224Aは、出来高を見ると原子力ムラですら買ってない？）。
投じていないなら、本音は推して知るべし。
海外資本市場から資金調達する際に計画進めている張本人が原子力産業に投資していないと分かったら「一昨日来やがれ」と言われるだろう。（マイケル・ルイス著’世紀の空売り’P30準拠）
(2)当該審議員は、原子力産業へ若い担い手を導きいれた成功経験あるのだろうか？
言うだけならコタツ記者でも誰でも出来るが、若い人材を原子力産業へ参画させた勧誘実績はあるのだろうか？
「政府の創意工夫／原子力業界の努力を期待」などとしか宣っていない審議会内容を参照するに、一度も無いはず。
違うなら口説き文句を横展開してGX推進会議などでプレゼンして、原子力業界への就職セミ ナーで利用すべく情報共有しているだろうからだ。 (3)上記2点を証明されずに原子力拡大を宣う審議員は、文字通りコタツ記事ならぬ、コタツ意見を宣うコタツ審議員と言われても仕方ない。
①原子力業界のファイナンスが厳しいと知りながら自ら身銭を切らず、若い世代に原子力業界の魅力を伝える情熱が無い輩の言葉など届くはずも無く、
後期高齢者が前期高齢者に原発動かせと要望出すループを繰返して、原子力ムラの限界集落化が加速するだけ。
②当該審議員らの当事者意識欠如≒他人事感が何かに似ていると思いあたったのが「電車内痴漢被害を防ぐために男性が立ち上がって痴漢犯人を捕まえろ」という具体策ゼロの御祈りを
SNS投稿するインフルエンサー（恐らく女性）。過去に修得した警護技術を痴漢後の逃走に使う輩（元SP）みたいのにどう対抗しろと？日本男子全員が自衛隊特殊作戦群並みに訓練受けろってこと？私人逮捕系Youtuberを見習えって？等の返答には答えず、空想妄想をネット空間に振りまくのとクリソツである。
2.原子力発電は安価なエネルギーではなかったのか？ (1)311後もこんなことを原子力ムラは言っていたのに、ファイナンスが厳しい＝投資する人がおらず新規建設も各種対策も費用ばかり掛かるというのは
結局高い値段のエネルギーなのでは？分かり難く説明するというのは何かを隠している証拠と認識されると心得られたい。 (2)エネルギーの世界はマーケットメカニズムが働くと思っていたが、原子力ムラの言うことは誤魔化しや矛盾が多すぎる（この点だけは珍しく日本も欧米も共通）。 (3)AmazonPrimeで’沈黙の艦隊’放映されたが、あんな調子で核武装したいから核燃料保有し続けたいのが本音なら、そう言ってほしい（行政機関が勝手に判断することではない）。
意見は意見として聞いたうえで今年の総選挙と来年の参議院選挙などで自分の考えに基づき投票する。
原発を持たずとも核武装したイスラエルなどの例があることは留意されたい（日本が核武装するなら福島第一の処理と汚染水を世界に迷惑かけないよう処理してからだとは思うが）。
＊非核三原則とかの呪文は唱えていただかなくて結構。報道されている日米間密約で少なくとも持ち込ませずが守られていないことは自明だからだ。
3.最後に、原子力産業の解散価値はいくらなのか？
日本の原子力産業が株式会社のように事業体解散した場合の資産価値（原発設備、核燃料（使用済含））は、いくらになるのかデューデリジェンスをしているのか。
人材リクルート面及びファイナンス面で厳しい環境にあると自ら認めている資料が提示されているが、バブル崩壊後の住専と何が違うのか考えてしまう。
蛇足ながら、途上国債権を7割引きで買い取ってアルゼンチンに額面で買い取らせた米国ファンド：エリオットマネジメントは
同国海軍練習船・人工衛星を差し押さえたが、原発には目を向けなかったそう。
我が国原子力産業は、ハゲタカ・ハイエナファンドの食欲を果たしてそそる資産＝将来にわたって利益を生み出すと見なされるでしょうか？",2024-09-26,2024-09-10,2024-09-23
436,063,,"一般社団法人 日本電機工業会(以下、JEMA)は、エネルギー安全保障・安定供給とCNの実現を目指す上で重要な役割を担う電機業界を代表し、電力・産業システム、原子力プラントシステム、新エネルギーシステム、家庭電気機器等に関して、第７次エネルギー基本計画策定に向けて提言する。
なお、JEMA提言全文は以下に掲載しているのでご検討いただきたい。 https://www.jema-net.or.jp/Japanese/info/download/240701.pdf
Ｉ．エネルギーシステムのあり方
Ｉ-１．エネルギー安全保障・安定供給への取組について
資源に乏しい我が国においては、燃料および資源・原料の両面において国産資源を有効活用することに加え、強靭な国際サプライチェーンの構築、および重要な分野における国内の基盤・基幹技術と生産能力を維持が必要である。
Ｉ-２．再生可能エネルギーの主力電源化について
第6次エネルギー基本計画の策定以降、事業予見性の低下、適地不足、再生可能エネルギー関連機器を海外に依存する構造、為替や資材高騰の影響、地域共生への懸念など様々な課題が顕在化している。2030年目標達成にむけては、まずは太陽光発電において普及しつつあるコーポレートPPA(オンサイト／オフサイト)を中小需要家も導入しやすいような環境整備を進める必要がある。
次世代太陽電池については、早期の実用化へ向けて、次世代太陽電池に適した分野(建物壁面等)への設置を誘導する施策によって、市場投入の初期段階の需要を創出することが重要である。
風力発電については、日本への発電システムやコンポーネントの供給に長期的な制約が生じ始めており、我が国の自然環境においても安全かつ経済的な風力発電設備を国内で調達できる産業基盤を確立することが急務である。
また、水力発電については、最新の気象予測技術によるダム運用の高度化や柔軟な運用を推進しつつ、未利用の水力エネルギーの活用を推進していくことに加えて、高経年化した既存設備の活用、特に発電電力量の大幅上積みが期待できる規模の大きい容量帯でのリプレースを加速する支援策が効果的と考える。
Ｉ-３．原子力による安定供給の確保
原子力発電は、運転中に二酸化炭素を排出せず、大容量かつ安定で、経済的な電源である。その燃料であるウラン資源は、政情が安定な地域から調達でき、かつ、エネルギー密度が高く、備蓄にも優れている。
福島第一発電所事故後においては、事故の反省を踏まえた教訓を活かして新たに制定された規制基準に基づき、自然災害への耐性を大幅に強化するなど、顕著に安全性が向上した。更に事業者を中心に民間の安全性向上の努力が継続されている。一方で、夏冬の電力需給のひっ迫、現下の電気料金上昇、データセンターや半導体製造の国内建設に伴う需要増等の環境変化に対応するため、国は、現在設定されている2030年の国内電力需要を見直すとともに、2040年の電力需要、電力の安定供給と脱炭素化が可能となる現実的な電源比率を設定するべきである。 GX基本方針では、原子力の安全性向上を目指し、新たな安全メカニズムを組み込んだ次世代革新炉の開発・建設に取り組むとされた。エネルギー基本計画においても、「原子力発電所の新増設・リプレース」の方針を明記しつつ、原子力発電の新規建設計画の具体化を図り、民間投資を後押しする制度改革、国民理解を図りつつ、建設具体化を進めるべきである。なお、第６次エネルギー基本計画から「可能な限り原発依存度を低減」を削除し、現実的でわかりやすい方針に改定するべきである。
Ｉ-４．火力発電のゼロ・エミッション化と運用高度化について
再生可能エネルギーの多くは短期および長期の両面において変動電源であるため、速い応答性と長期の備蓄力を有する電源が一定規模必要である。また、電力系統の安定を保つ慣性力の確保も必要となる。火力発電は、総社会コストを抑制しつつこれら全ての要件を満たす経済合理性のある電源であり、CNを目指すエネルギーミックスの中で一定の比率を確保すべきである。火力発電のゼロ・エミッション化に向けては、既存設備を活用しつつ脱炭素燃料との混焼から専焼に向けた段階的な移行が必要となるが、特に水素・アンモニア発電については、技術的に発展過程にある現時点において、我が国における大気環境面での厳しい制約を満たしつつ、広範囲な出力調整に対応することの可否については判断が難しい。火力発電の特長である出力調整の柔軟性に偏った視点から性急にこれを要件化することが、将来的に不可欠な電源である脱炭素火力の社会実装を阻害することがないよう、慎重な検討を要請する。
また、電力系統の安定化のためには、慣性力および同期化力を含む調整力の提供を主体とした火力発電の運用高度化が必要となるが、頻繁な出力変動によるメンテナンス増加や部分負荷に伴う効率の悪化、発電電力量の低下による売電収入の減少等を招き、設備や人材の維持が困難となることが想定されることから、全体として、最適となるような系統運用ルールの策定と提供価値に見合った収入が得られる施策を推進いただきたい。
Ⅱ．電力流通システムのあり方 2050年CNに向けた再生可能エネルギーの主力電源化には、潮流変動、系統安定化等への対策が必要となる。生成系AIの社会への急速な浸透や暗号資産の流通拡大による電力消費の拡大、電化へのシフトが予想されることや、再生可能エネルギー電源適地と需要地の距離的隔離などを考慮すると、電力系統の信頼性やレジリエンスがますます重要になることから、電気を送る視点で要となる設備については、経済安全保障面も考慮すべきである。
再生可能エネルギーの比率増大に伴い、電力系統の安定を維持するために必要な有効電力および無効電力などの調整力、慣性力および同期化力などの供給力の不足が課題であり、これを補うために蓄電池、揚水発電、水素・アンモニア生成などによる電力貯蔵が必要である。 CN実現に向けた社会コストを抑制するためには、EVあるいは需要家内のエネルギーマネジメントの目的で今後多数の蓄電システムを有効な資源として電力システム中で活用すべく、需要家の利便性の面で許容できる範囲でこれらを統合制御し、電力系統の安定化に向けた検討が必要である。
Ⅲ．環境への適合
国内外でサステナビリティ情報開示が義務化されつつあり、投融資や顧客・取引先からの脱炭素要請が益々強まる中で、電機産業の各企業も、CNに向けた事業変革や排出削減努力を推進しているが、これまでにない大きなチャレンジになっている。環境への適合は、産業競争力やレピュテーションリスクの観点からも大きな経営課題で、そのためにも再エネ電力の利用拡充は急務である。第6次エネルギー基本計画以降、省エネ法でも非化石電力利用の目標設定が要求され、需要家による非化石証書購入やオフサイト型PPA認可での支援措置等も講じられるようになったが、引き続き、自己託送の容量制限、送電網接続時付帯設備に係る規制緩和等も検討いただきたい。同時に、系統や自家発・ PPA 等での再エネ電力利用やクレジット等に係る省エネ・温対法の排出量算定ルールも、国際整合の進展に期待する。
また、G７広島サミット「コミュニケ」の産業脱炭素化アジェンダで「ネットゼロ社会に向けた削減貢献量(Avoided emissions)の適切な評価の必要性」が明示され、電機産業(当会)も、その算定や情報開示に係る透明性・信頼性等を担保する国際ルール(IEC国際規格)の開発を進めている。イノベーティブなGX技術の社会実装を早期に促すためにも、企業による社会課題解決力、金融セクターによる投融資判断・適格性評価の有用な指標として国内外市場での認知が進展するよう、同アジェンダの国際的なフォローを要請したい。加えて、GX実行計画においても、脱炭素投資によって市場に供給されるGX製品・サービスが適切に評価され、選択されることが不可欠であるとされており、GX市場創出の検討が開始されている。そこには、エネルギー基本計画が所掌するDER市場構築に係るペロブスカイト太陽電池や蓄電池などの技術開発・市場での普及促進施策も同期させて、幅広い分野・技術で、製品・サービスのライフサイクルを通じた脱炭素への貢献が、企業の価値として中長期にわたり制度的に認知・支援される仕組みが講じられることを期待する。",2024-09-26,2024-09-10,2024-09-23
437,063,30代,"多くのメディアでは、再エネと蓄電池と水素製造を組み合わせれば再エネを大幅に増やせると主張してますがこの主張には重大な認識の誤りがあります。
太陽光発電や風力発電など自然変動性電源の設備利用率の低さ: 太陽光や風力発電の設備利用率が発電の性質上性質上極めて低いためこれらの再生可能エネルギーを基にピーク時の電力供給、充電、水素製造を同時に行うことは物理的に不可能。
しかも、蓄電池があれば火力は不要になると主張するメディアや専門家はほとんどのケースでどれだけの蓄電池の導入をするか前提を
書いていない。
晴れの日のピーク時の電力を貯めて翌日雨の場合停電を防ぐための蓄電池だけで今の発電コストの数倍に跳ね上がる。
当然梅雨の時期などワーストケースではほとんどピーク時に電力を貯められないのでとてつもない容量の蓄電池を入れることになり
間違いなく電力政策として破綻する。
大概メディアや再エネを推進する専門家は
都合の良い条件だけ持ってきて話を進める傾向にあるが国家を停電させないためにはワースト条件を算出する必要がある。
過去のデータでも良いので梅雨の前の1日の
ピーク時の太陽光発電の電力を貯めて梅雨の時期に乗り切るためにどれだけの蓄電池投資が必要になるかなど算出しないと現実を踏まえない空想になってしまっている。
実際は1ヶ月くらい天候が優れない条件でも
停電しないくらい導入しないと火力の代替えとは言えない。
そして、それだけの容量を入れた場合発電コストは桁違いに値上がりすることになる。 再エネや蓄電池の将来価格が下がるから電気代も下がると予想しているならばあまりにも短絡的である。
蓄電池の導入の前提があまりにも少なすぎるので統合コストが現実と乖離している。
そもそも火力発電で再エネの出力調整を
しているのに世界に対して再エネを脱炭素電源と宣伝をしているのは完全に間違えている。これは国内外見落としている観点で議論すべき。
しかも、そこにグリーン水素と言って大量の電力消費のある水素製造をピーク時に行い、 EVの充電も行うのは完全に空想の類。
これをメディアや具体名は避けるが、再エネの専門家を自称する人間ができると言ってるのが不思議で仕方ない。
送電網の強化費用: 再生可能エネルギーの変動性を補うためには莫大な送電網の強化が必要ですがその費用も何も考慮されてないです。
再エネ比率の高いデンマークの電気代が高いのもこの送電網増強費用が莫大にかかっていたことも要因です。
ちなみに、デンマークの調整力の国外依存度は80%を超えているようでもし日本のような島国が同じような電源構成を取れば出力調整が追いつかずにほぼ間違いなく停電します。
国債送電網が繋がってない日本でこれ以上自然変動性再エネを増やすと停電リスクは間違いなく増加します。 1で言ったように蓄電池の導入容量、コストなども全く現実を踏まえておらずこのまま脱炭素と言って火力を減らせば停電リスクが上がるだけです。
レアメタルの地政学的リスク: 蓄電池や再生可能エネルギー技術には莫大なレアメタルが必要でありその精錬、加工は環境負荷が
重くほぼ中国依存。しかもその供給リスクや環境負荷についての考慮があまりにも議論されていない。
このままEVやら再エネ、蓄電池を推進すれば間違いなくレアメタルが奪い合いになり最終価格は上昇するので将来の再エネやバッテリー価格予想はあまりにも楽観的と言わざるを得ない。
CO2排出問題: レアメタルの採掘、精錬、加工、蓄電池、再エネなどの製造過程での CO2排出についても考慮されていない。
ライフサイクルで議論しないのは全くもって本末転倒。
いい加減、再エネや蓄電池による脱炭素推進だの空想を言い続けて電力基盤を脆弱にしているのは見過ごせません。
そろそろ脱炭素どはなくライフサイクルで議論をし天候に左右されない安定供給と 発電コストの抑制のためには原子力と
高効率火力を使わないと無理であることに気付いてください。
メディアや専門家を自認する連中は無責任な
ことばかり言いますが、EVでも日本乗り遅れている、欧州を見習えと騒いでましたがEVが売れなくなると途端にトーンダウンしています。
よって彼らの主張が当たっていた試しはないのです。再エネや蓄電池もこれから騒ぐでしょうが、
再エネの電気を貯めて安定供給というのは
コスト面、蓄電量の限界から言っても不可能です。
よって、改良型軽水炉、高温ガス炉など水素の作れる原発、IGCCやGTCCに目処をつけ早く新設すべきです。 IGFCやGTFCだとレアメタルを使うのでこれはあまり地政学的リスクの面でも賛同できません。あくまで中国依存を下げられる選択肢ならば
燃料電池のようにレアメタルを使う発電はなるべく避けるべきです。",2024-09-26,2024-09-10,2024-09-23
438,063,30代,"再エネだのEVだのをごり押しする連中の主張は主に以下のようなものです。
1 太陽光発電は昼間に多く発電するからこの時間に蓄電池やEVを充電するよう シフトさせ社会的な呼びかければ良い
→さすがに頭が悪すぎます。
こんなことを専門家を名乗る人間がバカ
真面目な顔で言ってるのが信じられませんが、物流トラックとかを昼間に充電呼びかけたら物流問題に拍車をかけかねませんしそもそも通勤している時にどうやって充電する
つまりなのですか？
何百台も充電する充電設備を会社が出すのですか？
そして仕事の合間にいちいち充電を確認しにいくのですか？
そして休日天候晴れてる時は充電を呼びかけられるので出かけることすらできなくなります。こんな馬鹿げた空想のような現実社会を顧みないことをEVや再エネの専門家を名乗る連中が 言ってるのが国民としては信じられませんしこういう空想を言う連中の言い分を聞き入れて多額のEV補助金やら充電設備に税金が使われてるのは許しがたいです。
そもそも、レアメタルを大量消費し、精錬、加工の時に水質汚濁を引き起こし、バッテリー製造過程で大量のCO2を買収するEVや
蓄電池のどこが環境に優しいのか誰1人
専門家を名乗る人間がろくに説明もせずに
推進して多額の予算をつけてるのが信じられません。
しかもほとんどが中国にレアメタルの加工を依存しており莫大な利益が渡ってるのにエネルギー自給率が上がるなどと主張するのは言語道断です。
安全保障で敵対してる国に利益が渡る再エネやEV、蓄電池のどこがエネルギーで自立できてるのですか？
理解不能な正当化に明け暮れているのは許しがたいです。再エネやらEV、蓄電池を推進する連中は
一体税金を何だと思ってるのですか？こんな空想は早くやめてください。
原子力と高効率火力を使わずして安定供給とコスト抑制を両立は不可能です。いい加減目を覚まして地に足をつけたエネルギー政策に転換すべきです。
そのためにも脱炭素というライフサイクルを考慮しない言葉を使うのはやめるべきです。
製造過程のライフサイクルを含めてkwhあたりのCO2排出係数ベースの議論に切り替えるべきです。
決して、再エネやEV、蓄電池推進が環境に良いわけでもないしレアメタルを使いまくるというのは化石燃料の資源枯渇をレアメタルの資源枯渇にテーマをすり替えてるだけでそこの覇権は結局精錬、加工で強い中国が握ることになるだけです。
ウランや化石燃料は親日国からの輸入ですが
レアメタルやレアアースなどはほぼ中国依存です。
自国でも水質汚濁とコスト面があり自立は不可能に近いです。
なので、天候に左右されない原子力と高効率火力、長期的には高温ガス炉由来の水素による水素エンジン発電による出力調整などに道筋をつけるべきです。
貯められる量に限界があり10年以内に経年劣化の性質がある蓄電池では国家単位の火力に代わる調整力を担うのは不可能であることに早く気づいてください。
いつまで蓄電池だのEVだの再エネだの言ってるのかさっぱり理解できませんしこんな不安定かつ中国に材料関連で利益の渡り間接的に軍事費に回されてるものを推進するために税金を払った覚えはありません。
国連やEUなど不勉強なのに内政干渉してくる 連中にも上記をせめて説明し反論すべきです。
いつから日本は何も言い返せない国になったのですか？
国連やEUがやってるのは完全なる内政干渉でありここを改善されないならEUへの分担金の支払いも減額を示唆すべきです。
そのくらい牽制しないとあの事務総長は不勉強なのに難癖をつけ続けます。
アメリカももし政権交代があるならこれを伝えて日本の代わりに矢面に立ってもらい
トランプ氏などから国連などに言い返してもらうべきでしょう。
脱炭素という綺麗事で資源購入ができないのもおかしいのでアメリカやカタールなど増産に踏み切る国からの天然ガスや天然ガスのプロセスで取れる半導体にも必要なヘリウムの確保に日本は動くべきでしょう。
これをアメリカが日本に求めてくる軍事費負担のディールのネタに使えば良いのです。
あなたの国からヘリウムと天然ガスの購入を増やすからこれを防衛費負担と同価値と認めてくれと交渉すればトランプ氏なら飲むでしょう。
こういうメディアに惑わされない大局観な交渉を日本はすべきです。とにかく、天然ガス、石炭、ウランの購買
の多角化をすべきです。",2024-09-26,2024-09-10,2024-09-23
439,063,40代,"ホワイト水素は次世代のエネルギー資源として非常に有望です。ホワイト水素は自然界に高い濃度で存在し、掘削によって得られるため、製造コストが圧倒的に低いのが特徴です。オーストラリアでの試算では、1キログラムあたり1ドルで生産できる可能性があり、これは従来の水素の5分の1から10分の1のコストに相当します。
日本のODA支援などもこういった資源ポテンシャルのある国を事前に調べて見返りがある国に投資してください。
外務省はこのあたり何の戦略もなく投資してるので経産省も今後関与して資源国の支援に集中してください。
資源のない途上国に支援してもほとんど見返りはないです。
さらに、ホワイト水素は地中に自然に存在するため、製造過程での温室効果ガスの排出がな く、環境に優しいとされています。これにより、気候変動対策としても重要な役割を果たすことが期待されています。
これを既存のガソリンスタンドなどに政府支援のもと水素供給設備を消防法などを改正のもと併設することでより簡単に水素エンジン車などに供給ができるでしょう。
一方、グリーン水素は再生可能エネルギーを利用して水を電気分解して製造されるため、製造コストが高くなる傾向がありますしそもそも再エネの設備利用率が低すぎるので水素の製造量があまり増やせないことがなぜ理解されないのでしょうか？
世間へのイメージで再エネ由来の水素にこだわるのはほとんど科学的には無意味です。
ホワイト水素の低コストは、エネルギー市場での競争力を高めGXをさらに加速させる可能性があります。
また高温ガス炉のようにISプロセスで水素を作れかつ電力消費を伴わない原発も極めて有用なので早く開発を加速して新設計画に盛り込むべきです。
その代わり高温ガス炉や半導体分野では
ヘリウムが大量に必要になるのでカタール、アルジェリア、アメリカ、オーストラリアなどへのヘリウムの確保に向けた日本のヘリウム回収技術などの支援の引き換えとしたヘリウムの安定確保も日本が先行してやるべきです。
これをやらないと中国が出てくる可能性がありますので先行してお願いします。上記内容はGX債を積極活用し高温ガス炉の
開発支援や各国のホワイト水素採掘、回収技術の支援にもっと当ててください。
また審査が遅すぎるので高温ガス炉など次世代原発の規制基準のなども早めに議論してください。
今の審査基準よりも冷却などの安全性は上がってるわけで次世代原発にまで今と同じ基準でゆっくり審査していたらおそらく停電するでしょう。
規制委員会は民主党政権の時に発足した原発を過剰なゼロリスク思考で審査している
非効率な組織なわけで規制基準をより原子力工学に照らし合わせたものにし活断層ばかりで判断する今の偏った審査基準は見直すべきでしょう。
原子力規制委員会の改革なくして今後原子力の再稼働や新設、リプレイスは進みません。
迅速化のためにもAIなどを活用して審査をなるべく人が介在しないようにすることで規制委員会のバイアスのかかった審査を排除して効率化してほしいです。",2024-09-26,2024-09-10,2024-09-23
440,063,40代,"原子力と化石燃料から、省エネ・再エネを中心とした産業・社会構造への公正な移行が円滑に進んでくれると嬉しいです。
その為にはまずこの問題に対してみんながちゃんと理解できる、知る事が出来るのが1番大切で、その上で自分たちには何ができる？と考える事が出来る状態をまずは作る事が大切だと思います。
なので子供から大人まで皆んなが、この事を分かりやすく知る事が出来る透明性のある情報や取り組みが大切だと思います。",2024-09-26,2024-09-10,2024-09-23
441,063,,"以下につきまして合同会社Tama屋の提言を申し上げます。 20240802に改定再拝送したものを基本に、＜提言12＞を追加したものです。
エネルギー政策のご参考になりましたら幸甚です。
注）以下、変動再エネとは、再生可能エネルギーのうち、太陽光発電、風力発電など、自然環境によって発電量が短時間で大きく変動するものを表します。
1．基本的な認識 ‘①脱炭素化により日本の産業国際競争力を強化し、日本輸出産品による収益を増やす。
そして、その収益を国内に還流し国内投資増や賃金増等を行い日本の産業振興および経済成長実現するのがGX国家戦略。 GX国家戦略に資するエネルギー政策として第７次エネルギー基本計画を策定する基本方針と認識。 ‘②経済合理性によって普及し長い年月を掛け最適化されてきた化石燃料に由来する社会構造からの脱却を意味する脱炭素化は、 2050年までの中期的期間では、省エネ以外は基本的に大きなコストアップに繋がるのは不可 避。
‘③国際社会がG7主体の西側先進諸国とBRICSを中核としたGlobal south諸国の2極分化体制、もしくは、多極化に移行し、
急速に分化進行中。
経済成長、保有資源量、増加率含めた人口などの点からGlobal south諸国の国際社会における発言力が中長期的に高まる可能性が高いと考えられる。 ‘④エネルギー政策における優先順位（価値感）は、G7主体の西側先進諸国が脱炭素化優先
（価格＋脱炭素価値共有）であるのに対し、
Global south諸国は安価エネルギーによる経済成長・貧困撲滅最優先（価格最優先）と考えられる。
昨年COP28の議論でも明白なように、G7を中心とした西側諸国の提案である化石燃料の段階的廃止は、Global south諸国によって、極めて曖昧な合意文書として実質的に骨抜きにされており、loss & damage補償に加え後進国の脱炭素用資金として
年5兆USDの基金拠出を日本含めた先進諸国に要求されていることからも、Global South諸国の考えは明白と思われる。
‘⑤日本産業界の主要輸出マーケットは、Global South諸国の比率が今後増大すると思われる。
‘⑥上記①～⑤より、今後の日本の輸出先のメインとなると思われるGlobal south諸国マーケットに於ける最も重要な因子である
コストに関し、脱炭素化は電力・エネルギー価格アップを通じて日本製品のコストアップという悪影響を及ぼす懸念がある。
この悪影響を排除する為には、脱炭素化によるコスト増分を価格転嫁しつつ脱炭素価値を同じくする国際ルール導入が必須。
これが、GX国家戦略実現のための必須条件である。 ‘⑦国際規格標準化
“技術で勝ち、ビジネスでも勝つ”の実現がGX国家戦略実現のための極めて重要な条件。その為には、日本の先端技術を磨き、国際市場で有利に普及させる為の国際規格標準化を日本が主導することが必須。
日本の限定された官民リソースを最大限に有効活用し、技術開発やインフラ検討・設計・建設を進める為には、限定される民間リソースの分散を回避する、選択と集中が重要。中国、韓国、EUなど競合国・地域は、日本以上に選択と集中をして活動を展開。 ‘⑦現在エネルギー自給率12%前後と極めて低く、これを向上させることがエネルギー安全保障強化の最終目的であり、
エネルギー政策も将来的に日本のエネルギー自給率を上げる観点が必要不可欠。
2.提言
＜提言１＞
脱炭素に関する国際社会に動向により、第７次エネルギー基本計画に於ける、エネルギーコストと脱炭素レベルの最適点は変り得ることから、今までの国内外の実績も含めコストに関する精査を確実に実施すべき。
第７次エネルギー基本計画は、脱炭素化効果と経済合理性（エネルギーコストアップ）の双方を勘案し、
・欧州などの変動再エネ主力電源化実施国の実績精査
・日本の国土事情の考慮や科学的な原理原則を踏まえた議論を経て方針を決定すべき。
また、国民生活への影響も大きいことから、各施策によるコスト影響も提示すべき。
尚、コスト影響精査においては、
現在エネルギー自給率12%前後と極めて低く、
偏西風域から外れており平地面積が少なく国土的に変動再エネに不利な日本における脱炭素化コストは、
変動再エネに有利な国や、自国産エネルギーがある国より高くならざるを得ない点も考慮すべき。
（変動再エネ建設コスト差、発電量差、調整電源である火力発電の燃料コスト差など）
また、変動再エネは、導入比率が高まる程、系統・需給調整コストが大きく増加し、電力供給システム全体のコストアップを招くのはドイツ、デンマークなどの実態を見れば明らか。ま た、変動再エネの共食い効果顕在化による収益悪化、自己存続困難（老朽更新には補助金必 須）という問題も、精査すべき。
さらに、変動再エネ導入時に不可欠となる調整電源については、蓄電池と火力発電等とのコスト比較を十分に行うべき。蓄電池の将来性については、科学的原理原則に基づいたエネルギー密度（蓄電池の物理的限界）も考慮すべき。
＜提言2＞
変動の極めて少ない高品質な電力が求められるデータセンターや半導体工場増加も考慮した最適電源構成の在り方の視点も重要であり、各種電源のベースロード電源、調整電源としての特性を科学的に踏まえた議論を行い、第７次エネルギー基本計画に反映すべき。
＜提言3＞ GX国家戦略実現の必須条件である。脱炭素価値を共有化する国際ルール導入に対する国の明確かつ具体的な方針提示をすべき。
企業の投資予見性など考慮し、方針は具体的な時間軸を明確にしたアクションプランとして提示されるべき。
上記の国の対応が不十分な場合、投資予見性が確保できず民間投資は進まない恐れが高いと思料いたします。
なお、当該アクションプランの進捗状況や国際社会の脱炭素に関する動向に応じ、臨機応変に日本の国益に最適な政策決定すべき。
＜提言4＞
第７次エネルギー基本計画は複数シナリオを議論すべき。 1)2050年カーボンニュートラルという従来の方針に基づくシナリオに加え、
2)経済合理性を重視した“時間を掛けて進める現実的な脱炭素化方針”に基ずくシナリオ、
3)地政学的リスク等によるエネルギー安全保障最優先方針に基づくシナリオ、等も検討すべき。
尚、1)はGX国家戦略との整合性が確保できないと思われること、3)は有事想定の状況となることから、
第７次エネルギー基本計画では、現実的である2)のシナリオに限定して詳細検討するのが良いと思われる。
欧州は、6月のEU議会選挙結果を踏まえ、変動再エネ至上主義や短期間での急進的な脱炭素化から、経済合理性を重視した時間を掛けて進める現実的な脱炭素化に方向修正をする可能性が高いと思われます。
加えて、米国も、共和党政権となれば、化石燃料をクリーン活用しながら、経済合理性を重視した時間を掛けて進める現実的な脱炭素化に向かうと推定されます。
米国共和党政策要綱：2024 Republican Party Platform | The American Presidency Project (ucsb.edu
<提言5＞ GX国家戦略に資するエネルギーの大変革は、極めた多岐に亘る一方、国内リソースは有限である。一方で、競合するEUや中国、韓国などは国の強い主導のもと、選択と集中によりリソース分散を抑えながら戦略的かつ効率的に活動している。
従って、競合諸国・地域と対抗しGX国家戦略を実現させるには、国が主導して現状以上に選択と集中を行うべき。
例えば、
現状ではコストアップの極めて大きな対策は、小規模pilot plantの限定案件前提とする。 現状コストレベルで推進すべき対策における拠点決定は、Feasible studyの様な実務負荷が掛かる前段階で、国が全体を俯瞰して一次スクリーニングを行い候補地を限定することが重要。
尚、水素キャリア関連、CCU関連は貯蔵タンク設置が不可欠となるが、双方とも2030年稼働開始が政府支援の条件になっている。その為、全ての各種貯蔵タンクの検討は、限定された数社で行うことになると推定。タンク建造も数社に限定されると思われ、現状以上に選択と集中を行わない限り、現実的に実行困難となる懸念がある。
＜提言6＞
最後に、脱炭素化は、化石燃料を基礎とした社会構造の大変革であり、税金含む巨額投資が不可欠。
一方、現在の日本のエネルギー自給率は12%前後と極めて低く脆弱であり、エネルギー政策の大きな課題と思料。
従いまして、脱炭素化施策は、最終的に日本のエネルギー自給率アップに繋がるものにすべきであり、それに向けた将来構想を踏まえたエネルギー基本計画で在るべき。第７次エネルギー基本計画でもこの点を議論のうえ、日本のエネルギー自給率向上の方向性とエネルギー基本計画各施策の関係性等を明記すべき。
視点としましては、下記などがあると思料。
・原発活用拡大および革新炉導入、海水ウラン抽出、核融合炉
・日本排他的経済水域における海底資源開発
・水力発電発電用量拡大：既存ダム嵩上げになど（山地が多く、降水量が豊富な日本に適した電源と思料）
・水＋空気による水素、アンモニア、メタン、液体燃料等のエネルギー国内安価製造（炭素循環を含む）
・変動再生可能エネルギー（太陽光、風力）
系統に繋ぐ場合は経済合理性がある範囲内（現状では全発電量構成の1割程度？など）
＊電源特性上、大規模電力インフラへの接続では無く、離島など小範囲での地産地消が適しているのではないかと思料。
系統には繋がずPtGにて水素・アンモニア国内安価製造
＜提言７＞
エネルギー自給率約12%の日本のエネルギーコストは、為替を大きく受けることから、為替影響を受けにくい構成にすることに加え、
円安対策も重要であり、金利設定などの金融政策との連携も必要。
<提言8> GX国家戦略実現には、国際規則・標準化を日本主導で進める事が不可欠。それができない場合は、いわゆる“技術で勝って商売で負ける”こととなる。GX国家戦略の実現には“技術で勝って商売にも勝つ”ことが必要不可欠。
国際規則・標準化には、外交交渉などで極めて高い国際交渉力を有する外務省も含めた挙国一致体制が不可欠と思われる。
＜提言９＞
昨年G7環境エネルギー大臣会合での合意内容も踏まえた日本のNDC実現は、現実的に考えると GX国家戦略と両立困難であるのは明白。
一方、世界全体の3%のＣＯ２排出量しかない日本にとっての世界の気候変動対策に於ける貢献は、大きなＣＯ２排出量を占め、今後その比率増大が予想されるGlobal south諸国に対し、蓋然性のある日本の脱炭素化先進技術をインフラ輸出し、世界全体の脱炭素化に寄与する動きを重視すべき。例えば、国内での削減だけでなく他国の削減への寄与分も考慮する考え方を国際ルールに取り入れることを検討すべき。日本が輸入するblue燃料生産国の反感緩和にも繋がると思料。
＜提言10>
日本のエネルギー安価安定供給およびエネルギー安全補償の強化と脱炭素化の両立には原子力エネルギーの安全な活用は必要不可欠。
一方で、現在の原子力規制委員会の動きは、安全のみ追求し、リスクの発生確率を考慮した安全と社会便益のバランスの概念が完全に欠如しており、極めて奇異な動きと思料。
日本の国益に資する適正な対応を行うため、下記改革を行うべき。
・行動原則に、米国の同様組織の行動指針に明記されている効率性の原則（費用便益の考え方）を追加し、徹底
・原子力規制委員会が行政機関として当然有するべき規制の効率性や一貫性等について国会などでチェックを受ける体制整備
・原子力規制委員会による規制の判断根拠の明示や明文化
・積極的な外部知見導入（含：米国での廃棄物保管方法）と電力含む関係者とのコミュニケーション
・国民や立地住民とのコミュニケーション徹底(米国は NR 原子力規制委員会も積極関与）
＜提言11>
エネルギー政策は、原子力発電所や水力発電所など建設に膨大な投資と長い期間を要することなどから、企業判断では判断、実行が困難と推定されることから、国が全面的に立ち、方針明示、経営として許容できる各種支援（含：事故発生時の国の責任）明示、を行い実行推進すべき。
第７次エネルギー基本計画についても、既に8月となり、今後の議論が発散しないよう、国が方向性を明示すべき。特に、原子力発電、ガスおよび石炭火力発電の位置付け、欧米など変動再エネを主力化した国や地域の実態および日本国土事情を踏まえた変動再エネの位置付け、将来のエネルギー自給率向上の視点などを明示すべき。
＜提言12>
安価安定供給可能かつ国産技術で導入可能な再生可能脱炭素電源である水力発電の位置付けを強化すべき。
水力発電は、多雨に恵まれ水を集める山の多い日本の国土事情に有った技術的にも完全に自給できる再生可能エネルギーであり、
需要に合わせた発電量調整も可能。また、進め方を工夫することで、水源地帯保全や過疎対策にも繋がる可能性が高い。
従って、我が国にとって水力発電は太陽光や風力発電以上に重要であると考えられる。
既設ダムの常時満水水位アップ、嵩上げ、治水・利水ダムや砂防ダムなど発電機能の無いダムへの発電設備設置などによる、
環境への影響を最小限に抑制しつつ水力発電量増加を国の方針として明確にすべき。
・第７次エネルギー基本計画での水力発電の位置付け明示
・第7時エネルギー基本計画に水力発電量目標明示（例えは、現在の発電量の2倍 等）
・河川法など、必要な法律改定を行うべき。（例えば、第一条に治水、利水に加え、発電を追加 等）",2024-09-26,2024-09-10,2024-09-23
442,063,60代,"(1)国連のグテーレスさんが、今年6月に化石燃料産業は高い利益を今でもあげており、その広告の禁止と高い炭素税が必要であると言っているのを、記事で見ました。
化石燃料産業がうまく他の産業へ転換できるように後押しするのが政府の役目ではないかと思います。 (2)時々報道で、再エネが電力過剰で捨てられている、という記事も目にしますが、揚水発電ほか重力や空気圧などで電気を貯める事例を外国の記事で見たことがあります。蓄電だけでなくそうした新しい分野も政府として後押ししてほしいです。 (3)今年は、9月となった今現在も非常に強い日差しに苦しめられています。この日差しをもっとエネルギーに利用して、見返せないものかと思っています。太陽熱温水、太陽熱発電、ソーラークッキングなど広まれば、少しは気持ち的に夏の暑さが和らぐ気もします。 (4)再エネがそうした政策により増えて、安定化していくと、今ベースロード電源としての原発は自然と不要になるのかと思います。 (5)以上のことを踏まえて、化石燃料と原発に投資している補助金を上手に未来への投資として転換していく後押しこそが、政府の政策に求められていると思います。",2024-09-26,2024-09-10,2024-09-23
443,063,70代,原子力を利用した発電を即時中止すること。,2024-09-26,2024-09-10,2024-09-23
444,063,,"2030年目標と2035年目標について IPCCは、1.5℃目標の実現のために、世界全体の2030年目標として2019年比で「CO2の半減」 を提言しています。これは、日本の2013年比で換算すると、約57％の削減となります。先進国は、より大きな責任があることを踏まえれば、60％以上の高い目標が求められています。日本の削減目標である46％が、いかに低い目標であるかは明確です。しかも、日本の現在の対策で達成できる排出削減は「2030年に31～37％（2013年比）にとどまる」とも指摘されています。またIEAは、「先進国は2022年比で80％削減(エネルギー起源CO2 排出量)」を提言していま
す。日本の2022年比80％削減は、2013年比では85％削減となります。ただし、これらの提言 は、1.5℃目標を「50%」の確実性で実現するためのものなので、より確実な実現のためには、さらに高い目標が求められると考えます。そこで、第７次エネルギー基本計画の策定に際して要請します。
１．2030年の削減目標を70％以上に引き上げること
２．2035年の削減目標を85％以上とすること",2024-09-26,2024-09-10,2024-09-23
445,063,,"「再エネ３倍」について COP28では、再生可能エネルギーの設備容量を世界全体で３倍にすることが目標として掲げられました。しかし、第６次エネルギー基本計画に基づくと、2030年には再エネの設備容量は
1.7 倍にしかなりません。また、電源構成については、IEAは世界全体で「2030 年に再エネ
60％」を提言していますが、第６次エネルギー基本計画では再エネの電源構成は36～38％でしかありません。GX 投資も含めた気候・エネルギー関係予算のうち再エネ関係予算は、１割未満にすぎないと指摘されています。先進国は、再エネの設備容量と電源構成比において、世界全体の目標よりも大きな責任を果たすべきです。そこで、第７次エネルギー基本計画の策定に際して要請します。
１．2030年の再エネの設備容量の目標を３倍とすること、電源構成を75％とすること
２．電力供給の約７割を占める旧一般電気事業者に対し、2030年の再エネ比率７割を義務化すること
３．再エネ拡大のための優先接続制度、フレキシビリティ確保のための仕組みや電力系統の拡充に大規模な予算を投入すること",2024-09-26,2024-09-10,2024-09-23
446,063,,"「省エネ２倍」について COP28では省エネ改善率の２倍が合意されました。日本のエネルギー消費に占める建築物(業 務部門と家庭部門)の割合は３割です。断熱規制の強化、建築物省エネ法の強化が必要です。 2025年から新築の断熱等級４の義務化が始まり、2030年までにZEH・ZEB 水準の標準化をめざしています。しかし、50年以上先までのエネルギー消費を規定してしまう建築物に対してはさらなる規制強化が早急に求められています。また、エネルギー消費の約２割を占める運輸における省エネのためには、EVの促進が求められています。日本のEVの新車販売比率は約２％ (2023年)であり、EU全体の約14％、中国の約20％、アメリカの約６％と比較して極めて低い現状です。その理由のひとつに、ガソリン車(ハイブリット車も含む)の新車販売禁止が遅れていることが指摘されています。諸外国の禁止時期は、ノルウェー2025年、スウェーデン2030年、アメリカのカリフォルニア州とカナダは2035年、EU が2035年です。にもかかわらず政府は、 2035年以降もガソリン車の新車販売を継続する方針であり、それが EV販売比率の低水準の要因と考えられます。そこで、第７次エネルギー基本計画の策定などに際して要請します。
１．2030年の「ZEH・ZEB 水準」の義務化というあいまいな規制ではなく、再エネ設置も含めて文字通りのZEH・ZEB(ゼロエネルギーハウス・ゼロエネルギービル)を義務化すること。目標年度も2030年よりも前倒しで実施すること
２．ハイブリット車も含めたガソリン車の新車販売禁止を、2030年よりも可能な限り早く実施すること。そのための充電インフラや DR(デマンド・リスポンス)としての活用策などの制度の整備に取り組むこと",2024-09-26,2024-09-10,2024-09-23
447,063,,"石炭火力について
再エネへの転換と省エネを推進したとしても、経済成長が大きい場合、CO2削減に結びつくわけではありません。実際、世界規模では再エネの飛躍的拡大が、経済成長の拡大に追い付かずにCO2排出の増加が続いています。したがって、COP28で合意された「化石燃料からの脱却」を明確に意図した強力な政治的規制・政策を推し進める必要があります。IEA は2035年までに電源構成に占める「未対策」の石炭火力をゼロにすることを提言しています。IPCCは90％の削減を「対策済み」としています。「対策済み」と言えるのは、IPCC によると、CO2削減90%ができている石炭火力のみです。また、G７でも「2035年までに電力部門の全部または太宗(大部 分)を脱炭素化する」としています。日本の第６次エネルギー基本計画では、水素やアンモニアを混焼する石炭火力は「対策済み」として継続するとしていますが、20％の混焼しか想定されていない（2030年）ので、「CO2削減90%」などまったく届きません。このような石炭火力が 2030年の電源構成では 19%も占めるのです。これでは、1.5℃目標に整合しているとは言えません。そこで、第７次エネルギー基本計画の策定に際して要請します。
１．アンモニア混焼政策を取りやめ、石炭火力を2030年までに廃止すること",2024-09-26,2024-09-10,2024-09-23
448,063,,"炭素税について
石炭火力や化石燃料の個別の抑制策だけでなく、経済全体のCO2を削減するためには炭素税の大幅な引き上げが不可欠です。しかし、現在の地球温暖化対策税は289円（/CO2トン、以下同様）と極めて低くなっています。IEA の“Net Zero by 2050”においては、先進国で必要な 2030年の炭素価格を130ドルとしています。これは 1ドル= 130円換算で16,900 円、150円換算なら約2万円になります。しかも、この IEAの提言も「1.5℃目標」を50%の確実性で目指すものなので、67％以上をめざすにはさらなる引き上げが必要となる計算になります。したがっ て、2030年の日本の炭素価格の目標は少なくとも約２万円が求められると考えます。ところ が、日本政府の第６次エネルギー基本計画では「成長志向型カーボンプライシング」を条件とし、経済成長優先の立場を明確にしており、GX方針では「炭素に対する賦課金は2028年度か ら」としています。さらに、日本政府案では、炭素価格は 2030年に約1500円にしかなりません。日本の取り組みは異次元の低さ・遅さと言って過言でありません。そこで、第７次エネルギー基本計画の策定に際して要請します。
１．経済成長優先主義から脱却し、炭素税の段階的引き上げを直ちに実行すること
２．2030年にはトン当たり炭素税価格２万円をめざすこと
３．炭素税収の使途は、エネルギー貧困対策や途上国支援を優先すること",2024-09-26,2024-09-10,2024-09-23
449,063,,"原発と水素について
第６次エネルギー基本計画では、原発の活用・推進が打ち出され、2030年の電源構成では 20
～22％が目指されています。しかし能登地震で改めて明らかになったように、地震大国の日本で甚大な被害を招く原発を推進すべきではありません。また、コストも再エネよりも高くなることが確実で経済的合理性もありません。また、原発はフレキシビリティ確保に役に立たないため、次第に再エネ比率の増加に伴う他の電源によるフレキシビリティ確保の障害になることで、再エネ導入を阻害していくことになります。水素の活用ついては、再エネ由来水素（グ リーン水素）に限定すべきです。また、水素の活用は電力などではなく、航空機、長距離輸 送、鉄鋼など電力では対応できない分野に限定すべきだと考えます。 EUは、2030年にグリーン水素を域内で 1000 万トンの生産、海外からの輸入で1000万トン」を目指しています。ま た、EU はエネルギー効率性の観点から「電化できる分野では再エネ電力を優先的に活用し、グリーン水素は再エネ電力を補完する燃料として推進する立場です。 しかし、第６次エネルギー基本計画では、水素を再生エネルギーに限定することなく、かつ非効率な電力にも活用しようとしています。そこで、第７次エネルギー基本計画の策定に際して要請します。
１．原発は地震による被災の回避、低い経済的合理性等を踏まえ、即時に廃止すること
２．水素の活用は再エネ由来のものに限定し、電力に活用しないこと",2024-09-26,2024-09-10,2024-09-23
450,063,,"エネルギー貧困対策について
エネルギー価格の高騰が生活を圧迫しています。気候危機対策による炭素税の価格引き上げによってもガス・電気代のさらなる高騰が避けられません。また、経済格差の拡大も影響し て、生活や健康に必要な最低限のエネルギーサービスを受けられないエネルギー貧困世帯が増えています。EUでは5000万世帯、日本でも１割(480万世帯、1200万人)以上だと推計されています。しかしながら、第６次エネルギー基本計画では「安全性」「安定供給」「経済性効率 性」「環境適合性」の視点はあっても、生活の現場感覚に基づくエネルギー貧困の視点はありません。また、気候変動適応計画においても、エネルギー貧困対策の視点が全くありません。そこで、第７次エネルギー基本計画の策定などに際して要請します。
１．エネルギー貧困対策の視点を明記すること
２．気候変動適応計画においてエネルギー貧困対策を明確かつ具体的に打ち出すこと",2024-09-26,2024-09-10,2024-09-23
451,063,,"途上国支援について
COP28 では、「損失と損害」に対する途上国支援として基金が設立されました。しかし、拠出金額は、必要額には程遠いとも指摘されています。また、日本の拠出額は UAEやドイツの10分の１にとどまっています。さらに、「損失と損害」に対する支援だけでなく、緩和策や適応策に関する支援も求められています。その規模は、世界全体で官民合わせて数十兆ドル、公的支援はその１割との試算もあります。 途上国に対する気候正義の立場からは、先進国の責任が極めて大きく、その義務を果たすべきだと考えます。しかし、政府の気候・エネルギー対策では、その視点は極めて不十分だと指摘せざるをえません。そこで、要請します。
１．「損失と損害」に対する支援については、先進国の責任を果たす金額を提言し、その１割(OECD諸国のGDP比)を最低限の目標とすること
２．途上国の緩和策と適応策への支援の現状についての情報公開に努めること。そして先進国の責任を果たせる支援の拡大に努めること",2024-09-26,2024-09-10,2024-09-23
452,063,,"決定プロセスについて
気候危機は若い世代ほど被害の影響が拡大することが想定されています。それゆえ世界的に若い世代への気候不安症が広がっていると指摘されています。しかしながら、気候危機対策の決定プロセスについて、第６次エネルギー基本計画の策定プロセスでは、若い世代の参加と意見表明の機会が極めて不十分であった、と言わざるをえません。また、イギリスやフランスで採用された全国規模の気候市民会議にも触れられていません。第６次エネルギー基本計画に は、「全ての企業、国民一人一人が脱炭素社会という未来に共鳴・共感し、「じぶんごと」として捉えて行動していくことが大前提」と記載されているにもかかわらず、情報提供の必要性を提言するにとどまり、決定プロセスへの参加の視点は完全に欠如しています。そこで、第７次エネルギー基本計画の策定に際して要請します。
１．若い世代を決定プロセスに参加させること
２．全国的な気候市民会議の開催を打ち出すこと
３．自治体へ気候市民会議の設置を義務付けること",2024-09-26,2024-09-10,2024-09-23
453,063,30代,"反原発による原発の建設費が高いという主張に対する反論を、以下のようにまとめます。
**1. 建設費用の正確な理解:**
この意見箱でも過去に原発の建設費が2兆円を超えるという主張をしている反原発がいましたが、複数の号機を含むプロジェクト全体の費用を指しているのに、これをすべての原発に当てはめて「高い」と断定するのは明らかに誇張です。一基あたりの建設費は通常1兆円以下であり、特定のプロジェクトを一般化するのは正確ではありません。
極めて問題のある主張ですので国としても
こういう連中の難癖は聞き入れないようにお願いします。
**2. 統合コストと送電網増強費用について:**
原発の利点は、再生可能エネルギーと比較してトータルコストが大幅に抑えられる点にあります。
原発は一カ所で大量の電力を安定的に供給できるため、送電網の増強が最小限で済みます。これに対し、再生可能エネルギーは広範囲にわたる発電所を必要とし、それに伴う送電網の拡充や維持費が膨大になる可能性があります。統合コストと面積を考慮すると、原発のほうがトータルでのコストを抑えられます。
**3. 再エネ推進が必ずしもCO2削減や電気代低減に繋がらない証拠:**
再生可能エネルギーを推進してきたドイツは、2022年のデータでCO2排出係数が420g/kWhであり、一方、原子力を中心とするフランスは28g/kWhに過ぎません。
また、2023年下期のフランスよりもドイツのほうが家庭用、産業用ともに電気代が数十％高いことからも、再エネ推進がCO2削減や電気代の低減につながるという主張は完全に誤りであることが明白です。
**4. 再エネの出力制御と生活への影響:**
メディアは再エネの出力制御を悪いことのように伝えていますが、これはそもそも再エネが持つ変動性の大きさが原因であり、その特性によるものです。再エネに合わせて生活スタイルを変えるよう呼びかけたり、EVの充電を昼間にするよう促すのは、共産主義国家のようなやり方であり今後決してやるべきではありません。
**5. 再エネの無計画な拡大によるリスク:**
再エネを闇雲に増やしても、変動性が大きくなり、結果的に火力発電の出力調整幅が増大し、統合コストがかさみます。これにより、採算性が悪化し、国民や産業界にとってもほとんどメリットがないことを国内外に説明すべきです。
6 この意見箱でも原発が危険だと思っている
科学リテラシーが欠如した左翼が集結してますが、知能レベルに問題があると言わざるを得ません。
各種発電方式の発電量あたりの死亡率のデータを見ても実は原発はこの世の電源で一番死亡率が低いというデータはすでに例えば海外のB. W. Brook氏らの論文（論文なので研究者名は公開済みなのでエビデンスとして記載）によると各電源の死亡率に関するデータが、WHOやCDCなどの信頼性の高い情報源から提供されています。
データは、原子力は実はこの世の全ての電源で最も低い死亡率であることを示しています。このことから、原子力は被曝リスクが過度に心配されてますが十分に持続可能であり
エネルギーミックスの中で重要な役割を果たすべきです。
このことからGX債で建設費の補填をすることは各企業が重視するサステナビリティと何ら矛盾しません。
このように、原発が高コストであるとか危険だとか、再エネがCO2削減や電気代の低減に直接つながるとする左翼連中の主張はいずれも他国のデータや国内の関西電力と北海道電力の構成比や電気代のデータ、各電源の死亡率のデータを見ても完全なるデマです。
よって、そろそろ再エネには出力調整するのに金がかかること、再エネは単位面積あたりの効率が悪すぎるため設置面積が莫大なのでメンテナンスも難しく莫大な工数や人手が必要になり少子高齢化の日本ではより難しくなっていくこと、再エネは必要な面積が莫大なため送電網増強費用も莫大にかかること、
そもそも発電コスト試算もなぜか原発は60年延長まで認めてるのに減価償却が終わった後のコストメリットが考慮されてないこと、
再エネは20年程度しか持たないなら同じ60年の期間なら原発はトータル60年運転した場合の発電コスト、再エネは20年しか持たないので60年という同列期間でコスト試算するなら20年後、 40年後にそれぞれパネルや風力発電の処分費用と新設費用がかかるのにそれすら
考慮されてないこと、そもそも莫大な面積のパネルを誰がどのように処分するかもろくに決まってないことなど問題が山積なのに
後先も考えない左翼連中の言うことをいつまで国は聞き入れてるのですか？
この連中の言い分は他の分野でもろくなことはありません。
例えばコロナでもウィルス量が少ない時に闇雲に検査しても偽陰性リスクが高いのに徹底検査！と騒いで国の医療費を急増させたのも
左翼の言い分でしたし飲食店に金を配れと騒いでる数十兆円も財政負担が増えたのも左翼の言い分を聞き入れたせいでした。
歴史的にも左翼の言い分を聞き入れて上手く行ったことはありません。
エネルギーの問題でも全く同じで、他の国が再エネをやってるから日本もドイツを見習って再エネを増やせ！も騒いできたのが左翼ですが実際ドイツは日本より電気代も高い上
そもそも肝心のCO2係数ですら東電管内より悪いというお粗末な結果なのです。
一体左翼連中は何をどう分析したらドイツの
エネルギー政策を見習えという言い分になるのか私には理解不能です。しかし、この連中の意見を一番聞き入れてるのが環境省と外務省です。
そろそろこの連中にも上記のように他国のデータや事実を伝えて国際会議で意味不明な主張をするのをやめさせないと日本の国益は失われます。 EUや国連の関係者も頭がよろしくないのか
不勉強なのか知りませんが、ほとんどが感情論で実データに基づいてませんのでデータを用いて反論してください。
せめて与党政治家や政府関係者には伝えてもらってそもそも再エネ推進が国益になってないということを気づいてもらう必要があります。
頼みますから、国際会議でも上記のようにデータを用いて内政干渉に対して反論すべきです。環境省や外務省ではデータ理解してないので
ここは経産省が関与してデータをもとに反論してください。
そうすれば、再エネやらEVを推進してもライフサイクルでCO2はあまり減ってないことや
そもそもコストメリットもなく中国にレアメタルやレアアースなどで利益が渡ってるだけの愚策だと分かるはずです。
国家安全保障上もEVや再エネが中国に材料関連で利益が渡っている以上一旦推進は踏みとどまるべきです。
あと、国内外にちゃんと上記のような説明の機会は大臣などが設置すべきです。データに基づかないエネルギー政策は国益になってません。
そもそも、再エネやらEVを推進したがってるのは野党やその支持者なのでその連中の意見を聞き入れても野党の票になるだけです。
やはり国益を考えてやるべきことをやってください。
火力発電の劣化による故障が増えて突然数十万キロワットが瞬時に出力低下する国家のリスクも理解されてませんのでここもしっかり
原発よりは短期間で建設できるIGCCやGTCCなどの高効率火力を増設してください。
あと、原発を将来廃炉にするなら廃炉が完了する数十年間は一時的に国家の電力の出力が下がるので別場所か空き地で並行して原発を新設、リプレイスしないと将来の停電リスクが増してしまいますのでここも気をつけて計画を立ててください。
電気が足りてるというデマもよく左翼が言いますが、この前九州電力ですら予備率3%を切ったことからも突然火力発電がトラブルになるといつ停電するか分からない綱渡状態であることは記者会見をやって大臣がそろそろ
国民や原発のある自治体に説明しないと理解が進んでません。これは今の日本の1番の危機と言ってもいいです。
よろしくお願いします。",2024-09-26,2024-09-10,2024-09-23
454,063,40代,"1.原子力への人材確保について
(1) 再稼働、運転保守、運転期間延長、新規建設など分野毎に必要な人材とその数が稼働原発と比した数が必要な筈だが、データ提示／発言が見当たらない。 (2)上記項番(1)で触れた分野毎に何が出来ると確認できれば必要な人材と見做されるのか基準を明確化した、データ提示／発言がこちらも見当たらない。
ペーパー運転員が東京電力では増えていると聞くが、そんなレベルならますます再稼働してほしくない。 (3)これら不都合な真実に向き合わずコタツ意見言うだけなら、前回記した「痴漢を男性が取締ってくれたら良いな」と妄想空想する
インフルエンサーと同様だ。具体例は↓のdo-gooder=痴漢を見掛けたから通りすがりのサラリーマン3人に助けを求めたが断られたとヒステリー起こしてキレ散らかす
https://imidas.jp/bakanafuri/1/?article_id=l-72-001-18-07-g559 SNSでの反応は’お前が始めた物語だろ、日頃若年女性支援を宣うなら体張れや’が主。これは霞が関の会議室で人材確保が必要と総論だけ審議会の度にコタツ意見を言うコタツ
審議員にも当てはまる。
2.原子力発電をエネ基計画に盛り込むのも同様の夢想空想論。最近の国内外原子力発電所で、予算＆進捗が当初計画通り商業運転いたったものは資本市場が機能している国では例が無いので。
(1)自分はJパワー電源開発の株主だが、大間原発の進捗率は2011年3月から37%のまま。
しかも雑誌’選択’2015年8月号「Jパワー社内抗争劇の醜悪」によれば、何も進捗せずとも桜田ファミリアならぬ
大間ファミリアは当時ですら一日1億円費用が掛かる。インフレが言われる昨今は2億円に達していよう。
株主としては、サッカー日本代表に0-7で惨敗した中国サポレベルで’ええ加減にさらせ、大和銀行株主代表訴訟は損害額1000億命じられてんねんぞ’と言いたい気持ちだ。
小説’ハゲタカ シンドローム’であったように、大間原発を簿価で国に売り払うので、 17時で空調止まる霞が関の電気代に充てていただき、
質問主意書回答（セクシーとは？）や軽くてパーな大臣向けレク資料や答弁の準備に活かしてほしい位だ。
小説内では1円で水素爆発後原発をお国へ売却、国税庁にMOX燃料ごと納税分を代物納もよろしいな。 (2)最近の国内外原子力発電所で、予算＆進捗が当初計画通り商業運転いたったものはあるのか？あるなら示してほしい（が審議会で示されていないよね）。：日本原燃六ケ所工場は説明の要無
雑誌FACTA2023年4月号'岸田「原発リプレース」に暗雲'では、仏EDF社が手掛ける英国ヒンクリーポイント原発建設費用が180億⇒327億ポンドに膨れたとある。
同社が手掛けたオルキルオト原発／フラマンビル原発共に建設費用が計画の3～4倍に達しているそう。
原子力にはファイナンスが厳しいと審議会でも泣き言を散見するが、以下の特質が明らかになっている原子力産業に資本市場からマネー供給は無理ゲー。
（この所為でEDF社はCFOが辞任というかトンヅラした模様）
まだ1989年バブル最盛期に、融資額最大規模の不動産会社郡AIDS(+)に融資していた方が経済合理性あるし、逆に現在の原子力産業に融資したら詐欺・特別背任での刑事告発、
最低でも民事で株主代表訴訟（取締役としての任務懈怠を理由）は融資金融機関幹部として覚悟する必要あるだろう。
+麻布建物「A」、イ・アイ・イ・インターナショナル「I」、第一不動産「D」、秀和「S」
・未経験の技術まで採用するから、建設工事などの進捗予定と実績が大きく乖離して、初期費用が青天井となる
・一度事故を起こしたら安全に収束できるか分からない＝損害保険理論が適用できず最大損失が少なくとも原発立地地域全体への賠償額まで見積もる必要有
＊メルトダウン／核暴走など過酷事故を実際に起こしてコアキャッチャーの機能性／耐久性を確認など出来まい
・これらを包括して算出した割高な電気を買う需要者の存在が具体的には有り得ない (3)革新炉にしろオンボロ原発運転年数延長にしろ
ジェット旅客機も作れない会社が開発したり、メンテナンスを担当できるものだろうか？
*BWR担当する国内2社の内、茨城県発祥の会社はガバナンスが効いて採算取れない原子力英国PJから撤退＆
もう一方は経営トップが原子力に関心無いとすると、加圧水型国内ベンダーが残る。さて同社に能力ありや無しや？",2024-09-26,2024-09-10,2024-09-23
455,063,70代,"原発を動かしてはいけない沢山の理由
能登半島地震が教える「地震列島日本で原発は無理」
１００万kwの原発を１年間稼働すれば、使用済み核燃料が約３０トン残され、 そのうちに含まれる死の灰は約１トンで、これは広島原爆が撒き散らした死の灰（１ｋｇ弱）の約千倍
１日あたり広島原爆の約３個分にあたる。
能登半島地震が教える「地震列島日本で原発は無理」止まっていて幸い、トラブル続出の志賀原発
建設されていなくて幸い、珠洲原発 日本列島どこでも大地震は起こり得る
家屋倒壊で屋内退避が無理、道路寸断で避難不可能地震は止められないが原発は止められる
稼働中の全原発を止めよう
「新規制基準」を改訂せよ 「原子力災害対策指針」を改訂せよ
原発は最悪の地球環境破壊
原発は放射性物質で地球を汚染し続ける使用済み核燃料は超危険で行き場無し
10万年管理が必要な核のゴミは次世代にツケを残す労働者の被ばくは避けられない
原発は自国に向けた核兵器
経産省に騙されてはいけない原発は安全ではない
原発は安くはない
原発無くても電気は足りている原発はクリーンではない
”気候変動”を口実に原発を動かすな
放射性廃棄物の行き場が無い
核燃料サイクルは破綻している六ケ所再処理施設はうごかない
電気は今だけ、核ゴミ（死の灰）は十万年以上 出来立ては危険で過酷事故を起こす（イチエフ「最悪シナリオ」）
地震多発の日本に原発は危険！事故は必ず起こる
地震多発のカリフォルニアでは多くの原発が廃炉
原発は放射能で大地も空も海も汚す！人と総ての生き物に影響
原発は「海温め装置」！
温排水は河川と同等の水を７度温めて放出
川内１，２号機温排水量は九州第二の一級河川川内川と同量
労働者に被曝を強いる！
被ばく無くして原発稼働無し
発電コストが高い！
上昇コストを国民に押しつけてはならない、事業者で負担せよ
福島は終わっていない！ 今も原子力緊急事態宣言下！廃炉見えず汚染水海洋投棄中
２０ｍＳｖ／年地域への帰還は人権侵害
事故が起きたら逃げられない！実効性無き避難計画
能登半島地震が示した「避難不可能」以上",2024-09-26,2024-09-10,2024-09-23
456,063,,"１．2035年度の温室効果ガス削減目標を2013年度比75％以上とし、それに整合するエネルギー基本計画を求めます。
気候危機が顕在化し、急速に深刻化しつつあります。世界でも日本でも温暖化により多くの人の命が奪われています。原因は人間の活動です。その変革が緊急の課題です。その責任を果たすエネルギー基本計画の策定を強く求めます。 IPCC第6次報告書は「オーバーシュートしない又は限られたオーバーシュートを伴って温暖化を1.5C（>50%）に抑える」ために、世界全体の温室効果ガス排出量を2019年比で、2030年に 43％削減、2035年に60％削減、2040年に69％削減が必要とされていることを示しました。
国連はG7の国々に2040年にできるだけ近い時期にネットゼロにするよう求めています。 COP28では「決定的に重要なこの10年に対策を加速」することが合意されました。
日本の現在の温室効果ガス排出削減目標は2013年度比で2030年46％削減、更に50％の高みをめざすとしています。これを2019年度比に換算すると37％削減と42％削減で、世界全体で求められる43％削減にも届いていません。 IPCCが示した2019年比で2030年43％削減、2035年60％削減、2040年69％削減を、日本の2013年度比に換算すると2030年度53％削減、2035年度66％削減、2040年度75％削減に当たります。 日本は、大量排出し続けてきている先進国の一員として、国際社会と将来世代への責任を果たすために、少なくともこれを上回る削減目標を持つことが求められます。
欧州委員会は2040年までに1990年比で90％削減を勧告しています。日本の2013年度比に当てはめれば91％削減に当たります。
環境NGOからは、2013年度比で2030年度60％削減、2040年度90％削減（地球環境市民会議）、 2035年度71.8％削減、2040年度 83.4％削減（WWFジャパン）が実現可能、脱炭素の産業構造へ転換することでマクロ経済への悪影響も見られないとするシナリオが示されています。
産業界からも、GDP や排出原単位を考慮して各国の経路を導出した計算に基づけば日本の2035年の削減割合は2013年度比75%減となるとして、2035年までに2013年度比 75%以上削減を求める提言（日本気候リーダーズ・パートナーシップ）が発表されています。
これらに鑑み、日本の温室効果ガス排出量の85％を占めるエネルギー分野の基本計画は、パリ協定の1.5C目標を本気でめざし、少なくとも2035年度に2013年度比75％以上削減と整合する内容とすることを強く求めます。
２．今起きている気候危機に対して、今すぐできる対策を普及するとともに、コスト効率と実施可能時期、実現可能性を見極め、省エネ・エネルギー効率向上を徹底し、再生可能エネル ギーを主力電源化から100％化へと発展させることを求めます。
省エネ・エネルギー効率の向上については導入コストの回収が可能な対策が多くあります。それらの実施義務化と誘導策を拡大し、優先的かつ徹底的に普及を図るべきです。
エネルギー源として、コストが最も低くなりつつあるのは再生可能エネルギーです。エネル ギー消費量を大きく上回る開発ポテンシャルが日本にあることは確認されており、資源輸入による国富の流出を防ぐことができます。その富を国内循環させる脱炭素経済サイクルの構築向けて、あらゆる手法で最大限の導入を図ることが当然です。熱利用の電化を促進するととも に、電源の再生可能エネルギー100％化を明確に打ち出して、そのための制度改革、技術開
発、資金集中に取り組むべきです。系統安定性については気象予測と需給の予測・調整技術による柔軟性の拡大を進めるとともに、劇的にコストダウンが進む蓄電設備を活用すれば確保することが可能です。再生可能エネルギーの推進に当たっては、地域資源の地域資本による活用を促進し、環境破壊型、地域収奪型の開発を排除する制度の確立を求めます。
原発については、万一、過酷事故が発生すれば、その被害回復は不可能であることが福島原発事故の苦すぎる経験です。4つのプレート境界が重なる日本列島ではリスクが高すぎます。核燃料サイクルは実現する見通しがなく、使用済核燃料の最終処分地も決まっていません。持続可能な電源とは言えません。経済性においても、事業者自身が事業環境整備として投資・コスト回収の予見性確保と資金調達環境の改善を国に求める現状で、将来性があるとは考えられません。また、原発が定格運転することが、再生可能エネルギー導入拡大の阻害要因になってしまっています。こうした電源を使い続ける意味は見いだせません。少なくとも「再生エネル ギーの拡大を図る中で、可能な限り原発依存度を低減する」という現行計画を維持し、その徹底を図るべきです。 COP28では「化石燃料からの脱却」が合意されました。石炭・LNG火力発電については、再生可能エネルギー100％化に合わせて廃止を進めること、特に石炭火力発電については2030年代早期の廃止を明確化すべきです。
CCSによる排出削減については、産業部門で高熱利用が不可欠な工程でのCO2対策に優先的に利用すべきであり、コストを上乗せまでして電力分野で利用するのは非効率です。水素・アンモニアについては、将来における国内の余剰再生可能エネルギーでの製造を想定した技術開発には期待しますが、当面の火力発電所での混焼については十分な削減効果が見込めません。国内で実用化されていないCCSや水素・アンモニア混焼に資金を充てて、それを理由に石炭・LNG火力発電の延命を図ることがあってはなりません。
今起きている気候危機に対して、今すぐできる対策を普及するとともに、コスト効率と実施可能時期、実現可能性を見極めて効果的な対策を集中的に実施すべきです。省エネ・エネルギー効率向上の徹底と、再生可能エネルギーを主力電源化から100％化へ発展させることを強く求めます。",2024-09-26,2024-09-10,2024-09-23
457,063,30代,"エネルギー政策に関する「意見箱」へのご意見 令和 6 年 9 月 12 日公表分（令和 6 年 8
月 27 日～9 月 9 日に頂いたご意見）の項番378に続いて意見させて下さい。
原発を再稼働するなら実際に事故が起こるかどうかに関わらず最低限行わないといけない施策として、
原発から半径5km圏(PAZ)からPAZ外への引っ越しについて引越代金の実費を助成すること。 原発から半径30km圏(UPZ)においては屋内退避のため、食料・医薬品の備蓄、住宅・避難所の
気密性向上とエアコン設置、屋内退避が長期化すると室内の二酸化炭素濃度が上昇することからアルカリを使った空気清浄機の設置、吸入用酸素の準備、甲状腺被曝を避けるために海藻類など日常的ヨウ素摂取の推奨、これらを推進・助成すること。 UPZ外においても風向きによっては計画的避難区域になる可能性があることから、空間線量計をある程度の間隔で設置する。
以上提言します。",2024-09-26,2024-09-10,2024-09-23
458,063,30代,"先ほど提出した意見に追加があります。
エネルギー政策に関する「意見箱」へのご意見 令和 6 年 9 月 12 日公表分（令和 6 年 8
月 27 日～9 月 9 日に頂いたご意見）の項番378に続いて意見させて下さい。
原発を再稼働するなら実際に事故が起こるかどうかに関わらず最低限行わないといけない施策として、
原発から半径5km圏(PAZ)からPAZ外への引っ越しについて引越代金の実費を助成すること。 原発から半径30km圏(UPZ)においては屋内退避のため、食料・医薬品の備蓄、住宅・避難所の
気密性向上とエアコン設置、屋内退避が長期化すると室内の二酸化炭素濃度が上昇することからアルカリを使った空気清浄機の設置、吸入用酸素の準備、甲状腺被曝を避けるために海藻類など日常的ヨウ素摂取の推奨、これらを推進・助成すること(UPZにおいては行政が積極的に働きかける)。 UPZ外においても風向きによっては計画的避難区域になる可能性があることから、空間線量計をある程度の間隔で設置する。UPZ外においても希望する住民にはもれなくUPZと同じ対応をする。
以上提言します。",2024-09-26,2024-09-10,2024-09-23
459,063,30代,地域バイオマスのエネルギー拠点として、下水処理場を活用すべきだと思います。下水処理場は嫌気性消化施設を有しており、バイオガス発電により地域のスモールグリッドを作ることが期待できます。また、もともと嫌気性消化設備を有しているので新たに設備投資するコストを最小限にでき、さらに生ごみ等を集約処理することでガス発生量を増やすこともできます。また、発電利用だけでは無く、バイオメタネーションを行ったり、バイオガスは都市ガス利用も期待できます。このように、既存のポテンシャルが高い下水処理場を活用した検討も是非お願い致します。,2024-09-26,2024-09-10,2024-09-23
460,063,70代,"現在地球温暖化が進み全世界で自然災害が発生しており、この先食料不足が起き日本のように食料自給率が低い国においては大勢の餓死者が出ることが懸念されます。
このような中で日本政府は温暖化ガス削減の方法として原発の再稼働、新規に原発を作るという政策を掲げていますが原発がもたらす地球環境汚染は現在のみならず後世に手に負えない遺物を残すものであり断じて容認できるものではありません。
したがってこれからのエネルギーは化石燃料や原発に頼らずに農業と発電の両方ができる太陽光発電などの再生可能エネルギーに特化すべきと考えます。",2024-09-26,2024-09-10,2024-09-23
461,063,30代,"共同通信が以下のような的外れな記事を書いてました。
「日本は2035年度に電源構成に占める再生可能エネルギーの割合を最大80％に増やせるとの分析結果を、シンクタンク「自然エネルギー財団」が13日までにまとめた。発電した電気をためる蓄電池の大量導入や送電網の整備によって、原発や石炭火力発電を全廃しても、製造業の生産規模の維持や、データセンターなどの産業誘致に必要な電力を賄えるとする。」
はっきり言って呆れるレベルの極めて的外れな主張ですが、こんな現実性を度外視をした馬鹿げた主張を自身の願望で報道する共同通信も報道機関としても問題ですが、自然エネルギー財団というのはそもそも再エネを推進ありきで考えてる団体でありこんな団体の主張を何の疑いもなく報道するのはもはや報道機関と呼べるレベルではないです。
この自然エネルギー財団の的外れな主張は工学的にも簡単に反論できます。
以下の通りです。
原発や火力を全廃し再エネを80%にまで増やした場合再エネは性質上設備利用率が低いため限られた時間に貯める必要があり
天候不順の時に備えとてつもない容量の蓄電池が必要になるになるが当然蓄電池というのは大量のレアメタルを使用するためそもそも
将来の資源枯渇の問題を完全に無視した空想に過ぎない馬鹿げた主張と言わざるを得ない。レアメタルはこのような莫大な蓄電池を
導入すればあっという間に資源が足りなくなり不可能である。
ちなみに、コバルトなどは蓄電池だけでなく
半導体分野の先端プロセスでも使用が検討されておりおそらくますます資源枯渇に拍車がかかる。
こういう現実の資源の問題を何一つ理解してないのがこういう団体の問題点である。
原子力や火力のような安定電源のメリットは再エネと異なり天候や時間帯に左右されないことである。これが1番の重要性である。
自然エネルギー財団の主張だと例えば
ピーク時に太陽光発電などの電源を蓄電池に貯めておいて天候不順の時も安定供給する という主張だがこれを国家単位で行うには
蓄電池関連だけで少なくとも専門家の試算でもあるように900兆円以上のコストが必要な上蓄電池は性質上貯められる量に限界があり梅雨の時期など出力が大幅に低下する時期などワースト条件を考えると太陽光発電のピーク時出力を貯めるというやり方で安定供給するのは物理的に不可能である。
しかも、蓄電池は経年劣化する性質があり何年貯められる量も減っていくため8年おき
くらいのペースで処分費用と新設費用がかかることすらこの団体やメディアは理解していな い。不勉強な上再エネ推進のために都合の良い情報だけを寄せ集めるからかのような偏った主張になるのである。
工学や現実性を完全に無視している悪質性の高い主張と言わざるをえない。なぜなら天候不順が何日続くか事前に予測
することは不可能であり蓄電池をどれだけ
入れるかによって全く発電コストが変わってしまうからである。
この前提の蓄電池をどれだけ入れたら発電コストがどうなるかということや送電網の増強費用も含めたトータルの発電コストがいくらになるかを全く触れずに再エネ80%でできる
とだけ主張して騙されるのは極めて悪質性が高く日本の電力を破壊しかねない極めて問題のある団体と言わざるをえない。
このように完全なる空想で国民を扇動しようする悪質な団体を今後国の会議にも絶対に入れるべきではない。
中国の企業の透かしが見つかったのもこの
自然エネルギー財団の資料であり彼らは再エネや蓄電池の増加に伴い中国にレアメタルやレアアース関連で莫大な利益が渡ることを
理解した上で再エネや蓄電池の推進を主張してることは中国企業の透かしがあった件からも明白である。
これを分かっていながらアシストしていた
河野太郎大臣なども責任逃れに終始しているが議員として責任を問われるべきである。結論から言うとこんな空想のような主張は
絶対に聞き入れてはならない。
国の電力がおぼつかなくなるのは間違いない上再エネや蓄電池関連の材料で中国に利益が渡り軍事費に回される問題もこのような団体やメディアは一切隠して綺麗事を言って国民を扇動しようとするのは看過できない。
国民にも再エネやEV、蓄電池に使われるレアメタルやレアアースが中国依存であることや現実の問題を説明すべきです。
環境省や外務省にもこれらは理解してもらわないと国際会議でもこのような間違った主張が横行しており反論すらできなくなっています。
大臣が記者会見を開き今の日本は度々節電を呼びかけており停電危機があること、再エネでは天候不順や夕方以降太陽光発電が発電量が低下するため結局火力発電に頼らざるを得ない発電であること、設備利用率が太陽光発電は20%未満、風力発電でも30%程度しかなくこれらを貯めて天候不順時を乗り切るには
今の電気代より桁違いに蓄電池にコストがかかってしまうため非現実的でありかつレアメタル関連の資源枯渇や中国に利益が渡る構図であることなどを本当に説明しないとこういう的外れな誘導する主張が収まることがないです。
国の電力危機なので、エネルギー論を国民にまとめて語るべきです。
再エネやらEVありきで進めたら本当にいつ停電するか分からなくなりますよ。
短期的には早く建設できるのは高効率火力であり中長期的には原発の新設、リプレイスを
しないと本当に天候不順のときや再エネが発電が低下する夕方以降電力がおぼつかなくなっています。
節電すればなんとかなるという主張はよくこういうメディアがする主張ですが、AIやサイバーセキュリティやデータセンターは24時間供給しないと無理です。
天候が悪い時に使えないという再エネや蓄電量を気にしながらでないと成り立たない蓄電池ありきでは国として話ならないです。
脱炭素だのと言うから高効率火力すらろくに新設、リプレイスが進まなくなるのです。まずこの脱炭素という言い方をやめて高効率火力の新設、リプレイスを急ぎ調整力を
充実させて早く東日本でも既存の原発を再稼働する、建設が止まってる東通原発や訴訟になってる大間原発を早く稼働する、そして
今から将来の電力増加に備えCO2削減と
安定供給の目的でまずは早く展開できそうな改良型軽水炉原発の新設、リプレイスを
加速する、その次に高温ガス炉のような水素を作れる原発の親切に向け今から開発を加速して支援ををする、その先を見据えて核融合発電にも投資をする、
人材も不足するので火力、原子力産業ともに
引退した人をまず現役世代と同じ給与水準を掲示して呼び戻す、後輩の指導に当たってもらう、国としてこれらの人材確保に向けて
これらの産業は今後も重要であるため原子力工学や火力発電の大学での研究に進んだ場合学生に奨励金として一部補助金を出す、
こういうことまで考えないと原子力や高効率火力といった安定電源を増やすことはできません。
急に人は集まりません。
無責任なメディアや団体に惑わされる国民が増えるのは国の損失です。
早く国民、学生、引退したシニアのエンジニアに参画を呼びかけてください。皆が力を合わさないと原発や高効率火力を
増やすことはできなくなるでしょう。
そのためにも的外れなメディアの主張には
反論をし国として会見も開いて「日本は天候に左右されない安定供給のためベースロードの原発と調整力の高効率火力火力のどちらも必要でありこれを今後やめる考えはない。
再エネは不安定でこれを貯めたとしても
蓄電量に限界がありレアメタルの中国依存や資源枯渇の問題もありいつ停電するか分からないので国を停電させないために原発と
高効率火力のどちらも必要になるので 誇りを持って原子力や高効率火力技術を
学生が学び大学などにも進学してもらい就職も国が責任を持ってこれらの産業に携わる学生たちを支援する。国が全面に立つ」と国や経産省が言うべきなのです。
これが国益につながるなのです。
こういうことを愚直にやらないと安易な風潮に惑わされると多くの国益が失われます。よろしくお願いします。",2024-09-26,2024-09-10,2024-09-23
462,063,30代,"昨今、気候変動によって起こる台風や豪雨などによって被害を受けています。これ以上地球を壊さす物を作らないでください。
もともと日本はエネルギーを使いすぎです。国民にエネルギー制限をさせていいです。
使う量を少なくして、かつ自然や動物と共存出来る、再生エネルギーへ移行してほしいです。人々が当たり前を変えていかなくては地球を守れません。国民に強く呼びかけ、エネルギー政策を省エネ、再エネに変えてください。",2024-09-26,2024-09-10,2024-09-23
463,063,30代,"タイトル: EV、ハイブリッド車、エンジン車のCO2排出量とレアメタル消費の比較とその影響世界がCO2や化石燃料の問題を指摘する中で、EV（電動車両）や蓄電池の大量導入が引き起こす可能性のある問題についてまとめました。特にレアメタルの資源枯渇リスクとその影響に焦点を当てています。この情報を与党政治家、経産省、環境省、外務省に伝え、国内外に発信することが必要です。
**前提条件**
**EV（テスラ Model 3）**
バッテリー容量：50 kWh
バッテリー寿命：5年
年間走行距離：15,000 km
充電時のCO2排出係数：420 g CO2/kWh（ドイツで充電）
**ハイブリッド車（トヨタ プリウス）**
バッテリー容量：1.31 kWh
バッテリー寿命：10年
年間走行距離：15,000 km
ガソリン燃費：25 km/L
ガソリンのCO2排出係数：2.31 kg CO2/L
**エンジン車（トヨタ カローラ）**
バッテリー容量：0.54 kWh（12V鉛蓄電池）
バッテリー寿命：5年
年間走行距離：15,000 km
ガソリン燃費：15 km/L
ガソリンのCO2排出係数：2.31 kg CO2/L
**レアメタルの埋蔵量と年間消費量**
**コバルト**
埋蔵量：710万トン
- 年間消費量（EV）：168,000トン
年間消費量（ハイブリッド車）：6,200トン
年間消費量（エンジン車）：極めて少ない
**リチウム**
埋蔵量：2,100万トン
- 年間消費量（EV）：112,000トン
年間消費量（ハイブリッド車）：4,200トン
年間消費量（エンジン車）：極めて少ない
**ニッケル**
埋蔵量：9,300万トン
- 年間消費量（EV）：490,000トン
年間消費量（ハイブリッド車）：18,000トン
年間消費量（エンジン車）：極めて少ない
**蓄電池政策の影響**
世界の電源構成の20％を蓄電池に置き換える場合、追加消費量は次の通りです：
- コバルト：297,000トン
- リチウム：972,000トン
- ニッケル：3,240,000トン
**資源枯渇予測**
**EV（テスラ Model 3）**
コバルト：年間消費量168,000トン。追加消費量を含めた年間消費量は465,000トンで、約 15.3年で枯渇の可能性。
リチウム：年間消費量112,000トン。追加消費量を含めた年間消費量は1,084,000トンで、約19.4年で枯渇の可能性。
ニッケル：年間消費量490,000トン。追加消費量を含めた年間消費量は3,730,000トンで、約24.9年で枯渇の可能性。
**ハイブリッド車（トヨタ プリウス）**
コバルト：年間消費量6,200トン。追加消費量を含めた年間消費量は303,200トンで、約 23.4年で枯渇の可能性。
リチウム：年間消費量4,200トン。追加消費量を含めた年間消費量は976,200トンで、約 21.5年で枯渇の可能性。
ニッケル：年間消費量18,000トン。追加消費量を含めた年間消費量は3,258,000トンで、約28.6年で枯渇の可能性。
**エンジン車（トヨタ カローラ）**
レアメタルの消費がほとんどないため、資源枯渇の影響はほぼなし。
**結論**
**EV（テスラ Model 3）**はコバルトが最も早く枯渇し、約15.3年で資源が枯渇する可能性があります。
**ハイブリッド車（トヨタ プリウス）**はコバルトが最も早く枯渇し、約23.4年で資源が枯渇する可能性があります。
**エンジン車（トヨタ カローラ）**はレアメタルの消費が非常に少なく、資源枯渇に対する影響はほとんどありません。
以上の情報を基に、レアメタルの資源枯渇リスクに対処するための政策見直しが必要です。特に、EVや蓄電池の急速な導入が資源枯渇を引き起こす可能性があるため、これらの点を国際的に議論し、持続可能な対策を検討することが重要です。
エンジン車廃止はこの点でもすべきではないです。国内外に国際会議で話すべき内容です。",2024-09-26,2024-09-10,2024-09-23
464,063,30代,"電動車両（EV）、蓄電池、再生可能エネルギー（再エネ）の導入が進むと、これらの技術に必要なレアメタルやレアアースの需要が高まります。
これにより、中国がこれらの資源の主要な供給国として利益を得る仕組みが強化され、その結果として中国の経済的利益が増すことになります。具体的な流れは以下の通りです：
### 1. **需要の増加と供給**
- **需要の増加**: EVや蓄電池、再生可能エネルギー技術の拡大に伴い、レアメタル（例: コバルト、リチウム）やレアアース（例: ネオジム、ジスプロシウム）の需要が増加します。これらの資源は高性能バッテリーや風力発電機、太陽光パネルの製造に必須です。
**供給の集中**: 中国は世界のレアアースの主要な生産国であり、またリチウムやコバルトの供給にも関与しています。したがって、これらの資源の供給が中国に依存することになり、需要の増加に伴って中国が経済的利益を得ることになります。
### 2. **利益の利用**
**経済的利益**: レアメタルやレアアースの供給によって得られる利益は、中国の経済に直接的な影響を及ぼします。この利益は中国の製造業や輸出業を支え、国の経済成長をされてしまいます。
**軍事費の増加**: 中国は経済的利益を軍事支出に回すことができるため、資源から得られる利益が軍事力の強化や戦略的投資に使われる可能性があります。これにより、国際的な軍事的プレゼンスを高め、地政学的な影響力を強化されかねません。
### 3. **地政学的リスクと依存**
**地政学的リスク**: レアメタルやレアアースの供給に依存することで、資源供給のリスクが高まります。中国が供給制限や価格操作を行った場合、他国はその影響を受ける可能性があります。
**依存度の増加**: 再生可能エネルギー技術やEVの普及が進むと、中国への依存度がさらに高まります。この依存度は、国際的な政策や経済の不安定さに対するリスクを増加させます。
### 4. **対策と代替**
レアメタルやレアアースの依存度を減らすためには、そもそも再エネやEV、蓄電池推進をやめるべきです。
そもそもレアメタルの埋蔵量、特にコバルトが足りなくなるので蓄電池やEV推進はそもそも無理なのです。
EUや国連の連中はこれが分かってないので説明すべき。
### 結論 EV、蓄電池、再生可能エネルギー技術の普及が進むことで、レアメタルやレアアースの需要が増し、中国がこれらの資源の主要な供給国として利益を得る構造が強化されます。これによ り、中国の経済的利益が増し、その一部が軍事費に回される可能性があります。このため、再エネやEV、蓄電池政策の推進は
踏みとどまり日本が強い原子力や高効率火力、高効率エンジンにしないと中国に利益が渡り軍事費に回されます。
国内外、与党議員、政府関係者、経団連など経済界関係者、外務省ら環境省にもこのことを伝え見直してください。",2024-09-26,2024-09-10,2024-09-23
465,063,30代,"世界各国のエネルギー政策や自動車政策で見落とされてることは以下の通り 1トータルライフサイクル
製造: 高性能バッテリーの製造には多くのエネルギーとレアメタルが必要でかつ製造時に実は多くのCO2が出る。
レアメタルの問題
バッテリーに使われるリチウム、コバルト、ニッケル これらのレアメタルの採掘と精製には高い環境負荷があり供給がほぼ中国などに依存し利益が渡り間接的に軍事費に回されてるがEVはバッテリーが肥大化し桁違いに消費が増える。
例えば世界のEV向けのバッテリー消費量は最も埋蔵量が残り710万トンと少ないコバルトの場合は1台あたり10kgから20kg、ハイブリッドは1から4kg、エンジン車はほぼコバルト使用せずこれらのレアメタルの埋蔵量を理解もせずに
蓄電池やら再エネを推進するのは将来世代が
レアメタル不足でバッテリーが作れなくなり日常生活すらまともに送らなくなる危険がある。リサイクルすれば良いと簡単に言う連中がいるが使用中のユーザーのバッテリーから剥ぎ取ることは倫理的にできないので結局絶対量が足りなくなるとリサイクルしても追いつかなくなるから再エネやEV推進はやめるべき。
発電基盤からの排出係数
ちなみにドイツのCO2排出係数は約0.42kg CO2/kWh。これは実は東電管内よりも悪い数値。仮に世界の電源構成の20%の容量を蓄電池に
置き換えた場合すでに世界の埋蔵量のコバルトを超えるため物理的にも不可能なのです。ということは、再エネを増やしても実際には
火力発電で調整するのでCO2削減は難しいのです。
エネルギー自給率が上がるから再エネや蓄電池と意見を言う人間もいますが、これも先はだ言ったようにパネルの材料やレアメタル、
レアアースは自国でとれないし中国に依存しているのが実態でありむしろ親日国の中東や
オーストラリアから資源を持ってくる化石燃料よりよほど安全保障上のリスクは高いと言えます。
よって再エネと蓄電池で100%賄うというのは空想とすぐに分かります。
これらを考慮せずに再エネだのEVが環境に優しいと思ってるメディアや環境活動家は不勉強すぎます。
早く上記は与党政治家、政府内、経産省、環境省や外務省に伝えてください。 EUや国連など各国にも説明すべきです。 EVや再エネ、蓄電池にはレアメタルなどの
問題で物理的限界があるのです。
これを理解せずに推進と打ち出すのは大問題です。
会議でも一度も提言した内容が登場してかなのですが頼むから意見見て会議で議論してください。
他の感情論の意見提言とは全く違いデータに基づいてると思いますしかなり重要な問題です。なんとかこの問題国益のためにも会議で取り上げてもらえませんか？",2024-09-26,2024-09-10,2024-09-23
466,063,60代,"３月２日に放送されたNHKETV特集「膨張と忘却 理の人がみた原子力政策」で、２００４年、再処理と直接処分を議論する際、すでに秘密会議で再処理路線の維持が決まっていたことが明らかになった。この会議の後、福島原発事故があり、もんじゅの廃炉があり、六ヶ所村の再処理工場が２７回目の完工延期となった。それでもなお従来どおりの再処理路線を貫くのか。 再稼働を始めた原発サイトでは、当然だが、使用済核燃料がプールに満杯になりつつある。関電が発表から１年も経たずに使用済核燃料の輸送計画を見直すことになり、福井県議会で「老朽原発３基を止めろ」という声が起きている。電力会社も国も信頼を失ったまま取り合えせない。使用済核燃料の持って行き場がないなら、原発は動かせない。核燃料サイクルは破綻していることを認めて全量再処理政策、そして原発政策そのものを見直すべきだ。
そもそも地震大国日本に原発は無理だ。過酷事故が起きたら家を捨て生業をすてて、逃げ出さないといけない発電所は要らない。",2024-09-26,2024-09-10,2024-09-23
467,063,40代,脱原発の方向で進めていただきたいです。,2024-09-26,2024-09-10,2024-09-23
468,063,,"核のゴミの処理も福島第一原発の廃炉も、実現するテクノロジーが未だ見えない中、更には地震が多く、巨大地震発生のリスクも高い日本においては、原発は停止・廃炉を進めるべきものであって、その代わりとなるエネルギー源となる再生可能エネルギーの推進に本腰を入れて欲しいです。
昨今の猛暑に、多くの人が気候変動を肌で感じていると思います。日本は自然豊かで、再生可能エネルギー生産のポテンシャルが高いので、他国に負けじと、再生可能エネルギー産業に力を入れて欲しいです。
脱原発と再エネ推進、化石燃料の縮小を求めます。",2024-09-26,2024-09-10,2024-09-23
469,063,70代,いまだに放射能デブリを取り出すことさえできていない原子力発電には反対です。輸入に頼らず国内で供給でき、さらに原発とちがって安心して運用できる再生可能エネルギーをしっかり活用してください。小水力発電にももっと目を向けてください。,2024-09-26,2024-09-10,2024-09-23
470,063,10代以下,"エネルギー基本計画の改定により 2025年4月から住宅の断熱等級4の適合が義務化されます。
断熱効果を高めることは、エアコンなどの使用量を減らし電力削減に繋がり、省エネの推進します。
なので、断熱等級の基準を上げて下さりありがとうございます。
ですが、正直に申し上げますと
断熱等級4が基準では、日本の消費電力は簡単に下がるとは思えません。
北欧やドイツと比較しますと、日本の住宅の断熱対策は酷く劣っています。今年の夏も猛暑でした。
これから、地球温暖化対策がとても重要になってきます。
断熱について勉強する機会を増やすことまた、これを建築に活かすこと
断熱等級をもっと引き上げることこれら3つを望みます。",2024-09-26,2024-09-10,2024-09-23
471,063,50代,"どんなエネルギーを使って生活するか？それは、何を食べて生きるか？と同じくらい、重要な問題です。
それなのに、現在のエネルギー計画は、国民の意見を反映しているようには思えません。多くの国民が「原発はもうやめて！」と思っています。
太陽や風を始めとする「持続可能なエネルギーで暮らしたい」と思っています。 “火力や原発がなければ、がまんしなければいけない”と情報操作するのではなく、「再生可能エネルギーを100％にするにはどうすればいいか？」を国会での議論にし、またそれをそのまま、国民的議論にしてもらいたいと思っています。
方向を指し示して、産業を動かして欲しいのです。
すでに技術はあります。新しいイノベーションは必要ありません。
この夏の暑さで、子どもたちは外で遊べないどころか、プールすら熱中症の危険があり、中止になるところも出てきています。
子どもが外で遊べない、そんな国に未来はあるのでしょうか？
気候危機を乗り切り、未来を子どもたちに託すために、これまで後回しにしてきた分、野心的な目標を掲げてください。
そう、例えば、「2035年までに電源のほぼすべてを脱炭素化」し、「2035年までに排出する CO2を80%以上削減（2019年比）」のような。
森林だけでなく、街路樹などの市街地の樹木を増やす施策を。学校の通学路や校庭は砂漠のようです。
特別な技術ではなく、誰もが植えたい場所に木を植えられる、そんな施策を。
化石燃料の延命につながる、水素・アンモニア、CCS等の新技術とは、手を切る勇気を。国民は、それがごまかしでしかないことを知っています。
第一次産業や、土木・建築産業、道の草刈りなど、野外で働く人材の声を聴いていますか？保育士や教員など、子どもに関わる人材の声を聴いていますか？
人は国の宝です。特に、暑さと向き合って実労働をこなす人は、AIが変わることはできません。
断熱への予算も、多く取って、誰もが無理なく省エネできる環境整備をしてください。公共施設の断熱改修、特に公営住宅の断熱改修は貧困対策にもなります。
すべての人に降り注ぐ暑さから、すべての人を公平に守ってほしい。一部の人が冷暖房の効いた部屋で、化石燃料ルーツのエネルギーを使い、そのしわ寄せが、貧困層や野外で働く人に行かないように。
理由は、世界との約束や、子どもたちへの責任の中にあります。",2024-09-26,2024-09-10,2024-09-23
472,063,50代,"日本のエネルギー計画は、原発に依存せず、再生可能エネルギーを増やすよう計画していただきたいです。
東日本大震災の際、東京都に住んでいましたが、放射能の子どもへの影響を心配し、不安な 日々を過ごしました。地震が多く、原発事故の不安が強いこの国は、原子力発電をするべきではないと考えます。太陽光発電や風力発電のデメリットも承知していますが、再生エネルギーの活用を推進していただくようお願いいたします。",2024-09-26,2024-09-10,2024-09-23
473,063,80代以上,中間のまとめにある「上位７つ」をぜひともやってもらいたいものだ。,2024-09-26,2024-09-10,2024-09-23
474,063,30代,"水素社会を実現に近づけるなら以下の取り組みを推進すべきです。
日本は高温ガス炉という電力消費なしでISプロセスを使って水素を生産できる次世代原発を開発中ですが政府の開発に向けた支援が足りてないです。
以前原子力開発機構の高温ガス炉を見学しましたが施設もボロボロでしたし人材も不足してました。
安定供給できCO2も減らせるのに原子力関連の予算削りすぎなのでは？ GX推進というならそこから開発予算や施設のリプレイスとかもう少し現場のエンジニアが
必要としているものを増やしたり原子力人材を増やさないと研究者がいなくなるのではとかなり心配にはなりました。
これは文科省とも話して早急に対応を考えてほしいしシニアで引退済みの方も日本の国益のためと呼びかけて給与も現役世代と遜色なく掲示して呼び戻して若い世代への教育の講師などとして招いたり開発に携わってもらうべきではないでしょうか？
これにより発電の安定供給とともに天候に左右されずに安価な水素を大量生産できます。しかもヘリウムで冷却するから極めて安全性が高く軽水炉と違いヘリウムさえあれば
内陸部でも高温ガス炉は建設ができます。
さらに、ホワイト水素と呼ばれる地下に埋まっている水素も注目され始めていてこれらを組み合わせることで水素のコストを下げ
つつCO2の削減も可能になります。
あとトヨタが水素エンジンに取り組んでいるのは、EVだと部品点数が減りサプライヤーの雇用に影響が出るためエンジン技術を維持しつつCO2削減とEV向けで大量消費されるレアメタル使用抑制を両立させるのが主な目的。
三菱重工も高温ガス炉と水素エンジン発電両方に取り組んでいて自国の水素自給率向上と火力発電の調整力の一部置き換えでCO2削減を目指している。
こういうことを経産省や大臣はSNSやYouTubeを著名人と連携し発信したりすべきなのではないでしょうか？
そうしないと若い人が原子力をやりたいとは思えないはずです。
親からも反対されないよう原子力の有用性の教育をもっとやるべきです。あと、日本人はゼロリスク思考なので実は CTスキャンの瞬時被曝量約6.9mSVよりも
事故のあった福島の年間被曝量の平均値の
方が少ないということも国民に説明すべきでしょう。こういうことを著名人などと連携してやるべきです。",2024-09-26,2024-09-10,2024-09-23
475,063,40代,"徹底した省エネに賛成。
再エネ拡大に賛成。原発と火力発電を延命することで予算がかかりすぎる。資金を再エネに振り向けてください。
原発再稼働・新型炉に反対。日本では地震が多いため。子どもたちの未来に負の遺産を残したくない。
火力の脱炭素化に反対。CO2削減には火力発電所自体を廃止するべき。",2024-09-26,2024-09-10,2024-09-23
476,063,,"『石油残渣IGCCの有効活用の提言』
１．現在進行中の我が国のエネルギー政策に関する議論においては、昨今のエネルギー安全保障に関するリスクが多様化・複雑化している現状を踏まえ、此れまでの脱炭素化一辺倒の集中議論をを改めて、エネルギーの安定確保を加味した現実的に対応可能な議論が望まれる。
２．別な表現をすると、再生可能エネルギー、原子力発電などへの偏重議論に拘泥せず、脱炭素化技術（CCS、水素・アンモニアとの混焼など）と組み合わせた火力発電の有効活用にも十分な議論と評価が必要である。火力発電のあらゆる選択肢を排除することなく、各発電燃料の特性と特長を踏まえた最適な供給システムの選択が望ましい。
３．特に、石油火力発電における石油残渣IGCCの有効活用が望まれる。石油残渣IGCCは、一般的な石油発電（ボイラタービン方式）とは異なり、経済性・環境性・技術性においては優れた特性を示し、石炭IGCCやLNG火力と比較しても総合的に何ら遜色はない。貴庁におかれては、
２０４０年度に各電源を新設した場合の発電コストを示すべく、別途作業が開始されたと聞き及びますが、是非とも、石油残渣IGCCの発電コストも算定して頂き、議論の材料としてお取り扱い頂けるようお願い申し上げます。
４．石油残渣IGCCの発電燃料となる石油残渣は我が国の複数の石油製油所から恒常的に連産されるものであり、極めて供給安定性に優れている（準国産とも称される発電燃料資源）。石油業界の石油サプライチェーン（原油生産・輸送・備蓄・石油生産など）の完成度は、歴史的にも他の産業の追従を許さぬ実績を誇り、信頼度は高い。特に、備蓄面では三本建ての（国家・民間・産油国との共同）システムを構築して居り、地政学的リスクの軽減を具現化している。
５．＜石油残渣IGCCの概要と特長＞：以下の通り
（１）我が国では長らく石油残渣IGCCの位置付けは不明瞭であり、石油火力の一種とする見方が強かったが、２００３年策定のエネルギー基本計画において初めて「残渣IGCC」として単独明記された。同基本計画では【残渣IGCCは「石油の安定供給の確保などに向けた取り組み」
「石油産業の強靭な経営基盤の構築」の観点から、石油の安定供給の施策を充分に活かすためには、石油の効率的利用が重要な課題となる。石油が連産品であるため、石油残渣を活用した IGCC（石油残渣ガス化複合発電）等も選択肢の一つとして取り組むことが期待される。】と記載されている。
また、２００４年の需給部会報告書では、【残渣IGCCは転換部門における効率向上に寄与する技術として、２０３０年に５００万KW以上の普及が見込まれる】と記載された。
更に、２０１０年策定のエネルギー基本計画では、【石油残渣IGCCは「新しいエネルギーシステムである石油残渣IGCC」】として報告されている。
加えて、２０１７年１１月「今後のエネルギー政策に関する提言」（日本経済団体連合会）では、石油業界における「残渣油の有効活用等の取り組み」のなかで、石油のノーブル・ユースに向けた設備高度化の例として、石油残渣利用発電（IGCC）を紹介・提唱している。
（２）石油残渣IGCCは石炭IGCCと同様に、歴史的にも信頼されるガス化発電技術（IGCC）の適用により、電力の安定供給性、経済性に優れており、国内外において既に複数の商業化プロ ジェクトが稼働中である。（例として：①ENEOS:横浜、４３０MW,２００３年運開、②Jazan Refinery:サウジ、３８００MW,２０２１年度運開、電力・水素供給）
（３）環境性への対応においても、石油残渣IGCCは設備の設計調整により、CO2回収量を向上させ（CCSなど）、同時に水素社会への貢献を目指して余剰水素の製造も可能である。
（４）石油残渣IGCCは、２０５０年カーボンニュートラルの実現を念頭に、需要家に対し脱炭素電力の価値を提供すると共に、２０４０年を睨んだ中長期的な観点から安定供給上のリスク抑制や経済性の確保を担う最良のエネルギーシステムの一つと思われる。
以上",2024-09-26,2024-09-10,2024-09-23
477,063,70代,"「ブルーカーボン拡大策」
お手数で恐縮ですが、「木造人工島」で検索され、ガーデンフィールドのHPの「カーボン ニュートラルの進め方」「木造人工島の波力発電」そして「木更津官民バリウスリンク会議」を斜め読みでけっこうですので、お読みください。
カーボンニュートラルを真剣に考えておられます企業様で、技術はなくてもよく（バリウスリンク会議はユーザー主導の開発で、必要な技術のある会社を集めてくるものです。）て、ホストメーカーになっていただける企業様が見つかりましたら、ご紹介下さい。
＜補足１＞
全国の市町村ごとに、CO２の排出量と削減量とがイーブンあるいはCO２削減量 が、排出量を上回るようにしたいと考えており、NEDO（資源エネルギー庁）様に、
「全国の市町村と頻繁に情報交換し、半年～１年毎の統計報告を行う管理体制」 の構築をお願いしたいと考えています。（そのための計算が重要で、水産研究・ 教育機構様の開発した計算手法を標準化し、運用していきたいと考えています。）
＜補足２＞
海を持たない市町村は、最寄りの海のある都市から、場所を借りて（詳細なる ルール決めが必要になる）波力発電を行い、地中ケーブルにて電力の供給を受け、また、ブルーカーボンの拡大により、CO２の削減を行います。
それだけではCO２の削減が足りない場合には、公海上の無人島やどこかの国の無人島を借用して、ブル―カーボンの拡大を行います。（それでも尚足りなければ、人工光合成等の新しい技術開発を急がなければなりません。）
＜補足３＞
木造人工島の特許取得は偶然の産物（構造が単純すぎる）で、国際特許は取れそうもありませんが、ブル―カーボントライアルユニットに関しては、密閉木箱への水の出し入れで、深さ調整ができるところがミソであり、国際特許も取得可能と考えており、両特許収入を何らかの形で「木更津官民バリウスリンク会議」の構成部門様に還元したいと考えています。
また、「木更津官民バリウスリンク会議」全体で、一つの株式会社の形態であり、官公庁様自治体様も、世界からの問い合わせを受け、住民・漁業組合への説明や、 バリウスリンク会議での説明資料作成や関連での出張等の経費の計上をお願いし、 貢献度に応じ、売り上げから、「かかった総経費x1.2倍以上」が売り上げから支
払われる仕組みとなっています。
＜補足４＞
「ブルーカーボントライアルユニット」の「国際特許戦略」により、日本が世界のブルーカーボンの供給基地となり、HP上の「木更津官民バリウスリンク会議」の ANNEX２のような24時間AI全自動工場や、海運をしながら、自動組みたてを行う
大型船などの開発を踏まえ、日本のGDP2位、環境先進国第一位、国際競争力第一位が確保されると考えています。
＜補足５＞
バリウスリンク会議では、足りない部分は新たな企業様や機関様を適宜増強することが基本戦略にあり、最適解を追求するものでもあります。例えば、ブルーカーボンのトライアルユニットの設計は、自社設計部門、Ａ社設計部門、Ｂ社設計部門で設計し、（採用されなくても、設計にかかった経費x1，2倍は後で売り上げ対価後に支払われる）最もよいと思われる設計を採用しますが、不具合が生じた時等、残りの設計図面が生きることが多々あります。",2024-09-26,2024-09-10,2024-09-23
479,063,40代,"経営資源として人・物・金が必要なはずなので
今回は物と金について申し上げる。是非、審議会・原子力小委員会で御議論いただきたい。
物＝原子力設備製造するベンダーの減少に対する具体的解決策がどこでも語られていない (0)雑誌FACTA2021年6月号’勢いづく原発議員のアナクロ’から象徴的な事例を紹介する（3年前の記事なので現在はもっと減少度合いが深刻と推察）
・日系ベンダーが原子力関連バルブを製造する合弁会社を解消
・日系鉄鋼企業が原子炉圧力容器を製造する会社を子会社に移管（本格的に儲かる
・重電メーカー幹部発言’日本企業の原子力サプライチェーンはすでに崩壊している’ (1)物凄い初歩的な指摘を恐縮せずに言う。
オンボロ原発の運転年数延長を言われるが、紙媒体のドキュメント整備やメンテナンス履歴など正確に管理・実物と実地検証されている保証はあるのか。
1F事故では倒壊した事務本館に管理ドキュメントがあり、過酷事故の対応では実際に動かしてみないと分からない部分が多かったと聞く。 (2)色々人材育成含めて取組をしているようだが、どの取組も評価検証＝所謂政策の品質評価が見当たらない。
金=資金調達：ファイナンスボトルネックについて (1)GX債利回＝価格を見たが、一般の日本国債より魅力が無い数値であることは明らか。
別に一般の日本国債或いは米国債やドル建てMMFを円高時に購入すれば良くねといったものでしかない。
これを購入した機関投資家はわざわざ魅力が劣る金融商品を、太平洋戦争中に発行された戦時国債（戦後紙切れ）に類すると理解しているのかな？
そんなにGXに魅力あると自信あるなら個人投資家に売ってみればいいのに（一般の日本国債と比べた流動性の懸念から注目されないだろうけど&利上げが言われているし）。 (2)GX債で集めた資金ですら1兆円程度しか原子力に向かわないのに、新規増設とか革新炉に向けた資金調達先あると思っているのか？
＜お断り：原子力を除いたGX推進方針に自分は概ね賛成。原子力だけ、どのテーマでもしっ ちゃかめっちゃかで経済不合理性が極まっている＞ (3)放射性廃棄物のような金融商品＝GlobalX Uranium ETF(東証銘柄コード224A)の出来高が過疎っている理由を是非議論いただきたい。
原子力ムラが空売りしていたら、寧ろ良いセンスしているなと褒めるところ。 (4)原子力の建設遅延や労賃・原材料高騰によりバカ高くなった初期費用回収は是非、現在の電気ユーザに負担させると発表してほしい。
原子力ムラにとっては止めを刺すことになるからだ。上記FACTA2021年6月号同記事にヒンクリーポイント原発の発電価格を市価の2倍以上で
35年間買い取るという命知らずな政策を発表したら大炎上し、煽りで日系企業が参画しようとした原発PJも頓挫したそう。
失敗が明らかになっているこの英国流原子力ムラ優遇政策を発表して、今年の総選挙や来年の参議院選挙で是非争点化しよう。
その後はお決まりの質問主意書と予算委員会での担当大臣質問攻めになるので、残暑に負けず英気を養うよう善意の第三者として助言しておく。",2024-09-26,2024-09-10,2024-09-23
480,063,60代,"（提案理由）
農林業の機械化が進展しない中で、山林及び農地所有者も兼業者で一般企業、役場の定年退職者が大半の70才以上が主力で、後継者不在で先行投資余力もなく子育て期間中女性活用もほとんどなく、製造業など産業活動が止められない中で温室効果ガス抑制が不十分なため危険な猛暑日が続くことの改善をはかり、一方で、大型観光バス、トラックだけでなく、一般車にも危険な道路にはみ出す雑草木竹をなくすため、恒常的に行われるエネルギー供給活動を利用し、併せて、エネルギーの輸入依存脱却、地域内での雇用・所得の増加をはかるため
（内容）
エネルギー基本計画（令和3年10月）から、以下の点について変更の検討。
64ページ
（e）バイオマス バイオマス発電は、災害時のレジリエンスの向上、地域産業の活性化を通じた経済・雇用への波及効果が大きいなど、地域分散型、地産地消型のエネルギー源として多様な価値を有するエネルギー源である。
一方で、他の再生可能エネルギーと異なり燃料が必要であり、発電コストの大半を燃料費が占めているという特徴がある。このため、バイオマス発電の導入拡大に向けては、限りあるバイオマス燃料の安定調達と持続可能性を確保しつつ、燃料費の低減を進めため、（土壌改良材としての）バイオ炭（炭は溶雪材として古くから利用されている）利用など多角化が課題とな る。
こうした課題を克服し、地域での農林業等と合わせた多面的な推進を目指していくことが期待される。こうした中で、特に国産木質バイオマス燃料の供給拡大に向け、バイオマス関係省庁が連携して早生樹や広葉樹等の燃料材に適した樹種の選定や、地域に適した育 林手法等の実証、木質バイオマス燃料の品質規格の策定等による市場取引の活性化 等の取組を推進し、燃料費の低減と燃料材が重要な収益機会になりつつある林業者 の経営の安定化の両立を図る。また、バイオマス燃料の持続可能性を確保するため、ＦＩＴ・ＦＩＰ制度においては、環境、社会、労働、ガバナンスの観点に加え、食料との競合、ライフサイクル温室効果ガスの排出量等の観点について専門的・技術的な検討を踏まえ策定する持続可能性基準を満たした燃料を利用することを求めていく。加えて、既に認定を受けた案件について、事業計画に沿った事業を行っていないことが確認された場合、再エネ特措法に基づき指導、改善命令、必要に応じて認定取消しを行い、適切に事業を行うことを求めていく。
さらに、バイオマス発電及び熱利用等（病院・小中学校・図書館など公共施設の冷暖房用）について、森林資源の保続が担保された形での木質バイオマスの熱利用・熱電併給に向けた施策を推進するとともに農山漁村 再生可能エネルギー法等を通じて積極的に推進し、森林・耕作放棄地における有害鳥獣の潜み場を削減し農作物被害や自動車との衝突事故、人への襲撃、猛毒ダニなどの媒介を防ぎ、バイオ炭利用から農林漁業の健全な発展と地域の住環境などとの調和のとれた再生可能エネルギーの導入を進めていく。
また、道路周辺、公園、耕作放棄地などの雑草木竹などは、パワーショベル先端交換のマル チャー、トラクター装着のモア、自走式草刈り（草刈り機マサオ）などの移動式粉砕機で粉砕し、竹などはパウダーにして乳酸発酵の上、鉄分等の他の養分を混ぜて散布機で散布し、トラクターで田畑にすき込み土壌改良し、ミミズ、昆虫、バクテリアなどが植物を摂取し、その糞を養分としてトウモロコシなどバイオ燃料原料植物の堆肥とします。
家畜排せつ物、下水汚泥、食品廃棄物などのバイオマスの利用や、耕作放棄地等を活用した燃料作物バイオマスの導入やコスト低減を進める。特に、大規模なバイオマス発電を中心に、競争を通じてコスト低減が見込まれるものについては、安定的かつ持続可能な燃料調達を前提 に、ＦＩＴ・ＦＩＰ制度に基づく入札制を通じて、コスト効率的な導入を促す。
120ページ
⑪食料・農林水産業「みどりの食料システム戦略」（２０２１年５月）に基づき、生産、加 工・流通、消費に至るサプライチェーン全体で、革新的な技術・生産体系の開発と社会実装を推進し、２０５０年までに農林水産業のＣＯ２ゼロエミッション化の実現を目指す。
具体的には、農林業機械・漁船の電化・水素化等や、農畜産業由来の温室効果ガスの削減、農地・海洋における炭素の長期・大量貯蔵といった吸収源の取組、特に、バイオマス発電から産出される多孔質のバイオ炭（農地施用によって貯留した炭素量はCO2量に換算し価格を付けてクレジット（J-クレジット制度の方法論AG-004バイオ炭の農地施用）として売却可能）からの養分（栄養塩）緩出で既存作物（カーボンファーミング：山梨県南部町 （株）南部町バイオマスエナジー）単位収穫量増加、作付期間短縮による2毛期作の標準化、河川地下水経由でのブルーカーボン（Ｊブルークレジット、いわゆる里山里海、磯焼け対策によるアラメ・のり・わかめなどの成長促進）での沿岸漁業振興、バイオ（デーゼル：鉄道、農業土木作業、トラック・バスなど）燃料原料の高効率栽培（肥料輸入抑制での食料安全保障力向上）、食品ロスの削減等を強力に推進する。また、森林・木材については、人工林の適切な間伐、エリートツ リー等を活用した再造林等の森林整備や高層建築物等の木造化に資する建築部材等の開発、利用拡大等に取り組み、森林吸収量の確保・強化を行い、併せて、水素原料・飲料・工業用水 源、土砂災害防止森林として機能維持向上をはかる。
（参考）
山梨県南部町でバイオマスガス化発電、地元未利用材で 2021/06/14 21:40 日経BP HPより
長大は5月27日、同社などが出資する特別目的会社（SPC）南部町バイオマスエナジー（東京都中央区）が山梨県南部町で整備・運営する木質バイオマス発電所「南部町バイオマス発電 所」が完成したと発表した。5月21日に竣工式を開き、翌22日から24時間連続稼働試験などを行い、6月21日から商業運転を開始する予定。
同事業は、同町内の「アルカディア南部総合公園スポーツセンター」の敷地内に木質バイオマス発電所を建設し、近隣地域から間伐材由来の木質バイオマス燃料を調達して発電事業を行う。出力は760kW、年間発電量は570万kWhの見込み。
マレーシア・リニューアブルプラス製の熱分解方式ガス化炉を採用した。燃料は、地元のスギ・ヒノキの未利用材を使用し、調達量は年間7000tを想定する。発電した電力は東京電力パワーグリッドへ全量売電する。固定価格買取制度（FIT）単価は40円/kWh。
発電工程で発生した排熱は、スポーツセンター併設の温水プールの保温用熱源、木質チップの乾燥用熱源として利用する。また、災害時には同町の指定防災拠点である体育館へ電気を供給する非常用電源の仕組みも取り入れた。
発電所を半年ほど安定稼働させた後、体育館側へ電力線をつなぐ工事、温水プールへの熱供給工事を行う予定。さらに、今後1年間を通じて燃料が不足なく集まり集荷量の余力が出るようであれば、同町内で新たに2カ所の発電所の建設を検討するという。",2024-09-26,2024-09-10,2024-09-23
481,063,20代,"・化石燃料からの脱却
・原発をなくす
・再エネを増やす
化石燃料からの脱却を目指してほしいです。今年の異常気象は例年にもまして頻度・規模と共に大きくなっていて、２０代の自分としても将来に不安しかありません。ほんとうに、今年何をするかが１０年後、２０年後の世界がどうなるかを決める重要なターニングポイントになると思います。
原発も、これ以上使わないでほしいです。「絶対に安全」などあり得ないと思います。建設から運営まで時間もかかり、維持コストも危険性も他の発電所よりも高い原発をこれ以上使う必要はないと思います。
とにかく再生可能エネルギーへの移行を早急に、お願いしたいです。よろしくお願いします。",2024-09-26,2024-09-10,2024-09-23
482,063,60代,2050年再生可能エネルギー100%では間に合いません。本気で取り組んでいただきたいです。まずは、2030年の導入目標を国際水準の50%以上としてください。,2024-09-26,2024-09-10,2024-09-23
483,063,60代,"福島原発事故で放射能が降り注いだ広大な地域は、未だにもとに戻ることはできていません。今年の１月１日には、能登大地震が起き、志賀原発や柏崎刈羽原発がどうなるのか危ぶまれました（稼働していなかったのは不幸中の幸いでした）。今後、東南海大地震が起きる可能性大との予測も出ており、軟弱地盤のこの日本に原発があることのリスクはますます高まっているように思います。
そもそも原発で生まれる核廃棄物の処分はどうするのでしょうか？ この先を生きる何世代もの人たちにまで廃棄物を押し付けて、その電気を使い続けることは許されません。
原発の再稼働を認めず、新設もなくし、原発に依存しないエネルギー政策を実行するべきです。そもそも、原発は、石油に依存しないというのは全くのまやかしだと思います。",2024-09-26,2024-09-10,2024-09-23
484,063,40代,"今後の大きな目標として、『2050年のカーボンニュートラル達成』と『エネルギーの安定供給』があると思います。
『2050年のカーボンニュートラル達成』について 2050年のカーボンニュートラル達成のために、ＩＰＣＣの1.5℃特別報告書や欧州委員会の報告書（IN-DEPTH ANALYSIS IN SUPPORT OF THE COMMISSION COMMUNICATION COM(2018) 773）で
は、「CDR（二酸化炭素除去）」と「化石燃料に替わるエネルギー」を想定しています。
CDRは、空気中から人為的にCO2を回収し永久的に貯留（地中貯蔵やプラスチックへの変換等）する行為であり、航空業やセメント製造業等CO2排出削減が困難な分野におけるGHG残余排出量を相殺する手段です。その手法は、植林、CCUS付きバイオマスエネルギー、直接空気回収などがあります。
特に「CCUS付きバイオマスエネルギー」は、空気中のCO2を吸収したバイオマスを燃料とし、消費によって発生したCO2を回収することでCDRの効果を発揮します。このため、CCUS付きバイオマスエネルギーは、化石燃料に替わるエネルギーであると同時に、CDRの中で唯一エネル
ギーを生み出す手法です。（直接空気回収はエネルギーを消費）
前述の両報告書においても、2050年にカーボンニュートラルを達成可能な全てのシナリオにおいて「CCUS付きバイオマスエネルギー」を必須としています。
それでは、「CCUS付きバイオマスエネルギー」とは、どのようなものが考えられるか？
バイオマス発電所は、CCUS技術と組み合わせることでCDRの効果を発揮することができます が、個々の出力が小規模で全国に散在しているため、CO2の回収・貯蔵・利用が容易ではありません。（バイオマス発電所の基数は201基、合計出力は3.9GW）
バイオディーゼル車も、全ての車両とCCUS技術を組み合わせることは困難です。 CO2の回収ができなければ排出量ゼロにとどまるため、GHG残余排出量の相殺効果はありません。
ここで、木質系バイオマスを石炭と同等の物性に変換する「半炭化技術」があります。これは産総研が開発した技術です。
大規模な石炭火力発電所において、この半炭化技術とCCUS技術と組み合わせれば、CO2の回収が容易であるため貯蔵・利用の効率化が可能であり、大きなCDR効果を発揮することができます。
また、2050年に大量に残存すると見込まれる既存の石炭火力発電所を継続利用することも可能です。（2050年時点で稼働後40年以内であるUSC形式の石炭火力発電所は15基あり、合計出力は11GW）
よって、2050年のカーボンニュートラルを達成するために不可欠な「CCUS付きバイオマスエネルギー」は、石炭火力発電所における石炭の代替燃料として半炭化処理した木質系バイオマスを活用する方法が最も有効と考えられます。
この燃料は、出光興産がブラックペレットとして生産しています。
次に、再エネ、水素も「化石燃料に替わるエネルギー」として挙げられます。
再エネは、太陽光と風力が最も有力ですが、CDRの効果がありません。また、電力の調整力、慣性力が欠如しているため 『エネルギーの安定供給』にも課題があります。太陽光・風力の補完機能として期待される蓄電池は、調整力は有していますが、慣性力は有していません。 これに対して、火力発電は同期電源であり、調整力、慣性力を有しています。
つまり、前述の「CCUS付きバイオマスエネルギー」は、再エネ電源（太陽光・風力）の主力化を補完することができます。
水素は、家庭部門では燃料電池等の燃料、産業部門では製鉄や合成材料（プラスチック）等の原料、業務部門では熱源等の燃料、運輸部門では合成燃料（SAF）等の原料、発電部門では発電燃料、として期待されています。
しかし水素は、CDRの効果がなく、多くの部門で需要が集中するため『エネルギーの安定供給』が課題です。
また、トヨタの水電解装置では水素1kgを製造するのに53kWhの電力を必要とします。これは、 1kWhの再エネで製造できるグリーン水素のエネルギーは0.8kWhであり、水素発電所の発電効率を50%とすると発電できる電力量は0.4kWhにしかなりません。このため、水素を発電エネル
ギーとして利用することは非効率であり、合成材料（プラスチック）やSAFの原料として利用することが望ましいと思われます。
これに対して、前述の「CCUS付きバイオマスエネルギー」で回収されたCO2は、水素と合成することで、産業部門での合成材料（プラスチック）、運輸部門での合成燃料（SAF）として活用可能です。
つまり、「CCUS付きバイオマスエネルギー」は、水素政策を補完するものでもあります。
『エネルギーの安定供給』について
今後、エネルギーの主力となる再エネと水素の安定供給を支えるエネルギーとして、「CCUS付きバイオマスエネルギー」が期待されます。
一方で、バイオマスエネルギーの大量導入は、食糧安全保障、土地劣化、生態系等へのリスクが懸念されます。
しかしながら、IPCCの土地関係特別報告書では、持続可能な土地管理によって負の副作用を減らすことができるとしています。例えば、シナリオSSP1（持続可能性重視型の社会経済経路）では、耕作地や牧草地の土地転換によって、前述のリスクを及ぼすことなく、100～400万km2の土地をバイオエネルギー生産に割り当てうるとしています。
よって、「CCUS付きバイオマスエネルギー」は、制限内での利用であれば持続可能なエネルギーであると言えます。
以上から、今後のエネルギー政策においては、再エネ・水素の導入促進とあわせて、石炭火力発電所における石炭の代替燃料である『半炭化処理された木質系バイオマス燃料』の導入が、最もシンプルな課題解決方法と考えます。
よろしくお願いします。",2024-09-26,2024-09-10,2024-09-23
485,063,40代,"原子力発電を廃止してください。
南海トラフ地震で大きな被害を受ける地域に住んでいます。注意報が出た時、なぜ伊方原発や川内原発を停止しないのか？不思議で仕方ありませんでした。(伊方原発3号機は点検中でしたが。）
たとえ、温室効果ガスを排出しなくても、原発に安全という保証はありません。福島や、珠洲がそれを証明しています。
また、化石燃料も世界に逆行して使用し続けるのをやめてください。
毎年の異常な夏の暑さをなぜ放置するのですか。原因は人間活動＝温室効果ガスと科学が解明しているのに、なぜ、すぐに再エネに移行する施策を取らないのですか？
今の原発や化石燃料関連の雇用は、公正な移行を目指し、補償しつつ、国民の命を守るために、再エネ100％を目指した施策、国づくり、基本計画作りをしてください！",2024-09-26,2024-09-10,2024-09-23
486,063,30代,"温暖化の影響と思われる、異常な高温や災害の激甚化を日々目の当たりにし、４歳と０歳の子どもを持つ親として、一刻も早いカーボンニュートラルの達成を求めます。また日本はこれまでの累積排出量に対して責任を持つ立場であり、その点からも2050年のカーボンニュートラルを大幅に前倒す必要があることは明らかです。
その前提で以下のことを要望します。
■カーボンバジェットを考慮した計画を
日本に残されたカーボンバジェットは何トンだと想定していますか？まずその数字を明示し、カーボンバジェットに対し計画が整合的であることを明確に示してください。その作業なく、政策の妥当線が判断できるわけがありません。
■石炭火力からの脱却
石炭火力発電からの早急な脱却を計画し明記してください。世界的には、石炭火力からの脱却の方向性は最優先で進められているものであり、まがいなりにも先進国である日本でいまだに石炭火力に依存し、それを是としている状況は政策的にも倫理的にも理解できません。また多額の費用を燃料の調達に支払い続けていることも納税者としても許しがたいと感じます。エネルギー自給率の観点からも早急に石炭をはじめとする火力発電所の廃止計画の作成と再エネへのシフトをお願いします。
■ゼロエミッション火力の計画中止
中でも、ゼロエミッション火力というウソみたいな名前の不誠実な政策は特に許せないと感じます。当然認識されていると思いますが、アンモニア・水素混焼はそもそもCO2排出削減効果が低く、また完全なグリーン水素・グリーンアンモニアは現在すぐ十分量を入手できるわけでもなく今必要な脱炭素のスケジュールに対し全く貢献するものではありません。さらにコストの優位性もなく、国策としてこれに取り組むことに全く合理性がありません。特定の企業のためなのでしょうか。理解に苦しみます。こんな非合理的な、日本と世界を滅ぼすような政策を掲げて恥ずかしくないのでしょうか。
■再生可能エネルギーの普及の加速
再生可能エネルギーのコストは急激に下がっており、市場有意性もある段階になってきまています。生態系に配慮しないメガソーラーなどの課題はありますが、屋根上の義務化や営農型の事例も出てきており、課題を乗り越えるための技術的な準備は整っています。全国的に導入 ペースが上がるような政策を強力に推進するべきです。
■原発の廃止
フランスでは温暖化の進行で冷却水が十分に確保できず原発の稼働率が落ちる状況があると聞きました。また仮に現状から速やかにカーボンニュートラルを達成したとしても、海面上昇は先数千年にわたり続くと聞きました。沿岸部に非常に長期にわたり放射性物質を保管すること自体が将来困難になる可能性があります。
現在の政策立案者の人生の期間をはるかに超えた将来まで影響を及ぼす話です。現状政策への執着は非常に無責任です。
原発の新増設などもってのほか。福島で「想定外」を繰り返したことをもう忘れたのか。非常時に人間の手で止めることのできない発電所はやめてください。私には子どもがいますが、子どもの世代にツケを残す選択肢は排除してください。
■柔軟なエネルギー管理体制の構築
エネルギーの議論をするときに発電割合の話ばかり耳にします。需要側の省エネや蓄電設備の整備、送電インフラの構築も含め、再生エネルギーに適した、柔軟な調整力を整備すべきであり、ベースロード電源という考え方自体から脱却する必要があると思います。
以上です。 1.5度目標に科学的に整合していることを明確に示すことのできる、世界と将来世代に恥じることのないエネルギー政策を求めます。",2024-09-26,2024-09-10,2024-09-23
487,063,30代,"原発依存から脱却し、再生可能エネルギーの使用をさらに増やしてください。 2030年の温室効果ガス削減目標について、現在のままでは不充分だと言われています。どうか目標を見直し、さらに高い目標に引き上げてください。
こどもたちが、現在や未来に希望が持てるように、こどもたちが安心して育っていける環境を守っていけるように、どうか市民、国民の声を広く聴いてください。",2024-09-26,2024-09-10,2024-09-23
488,063,50代,"今年2024年に日本のエネルギー政策を定める「第７次エネルギー基本計画」が見直されま す。産業革命以前の平均気温からの上昇を1.5℃以下に抑えるという目標に向けて120以上の国と地域が2050年カーボンニュートラルの実現を掲げ、世界の温室効果ガス排出量を2035年までに2019年比で60％削減することが必要と言われています。日本は2035年目標を遅くとも来年2月までに提出するように国連から求められているなかで、第7次エネルギー基本計画の目標見直しが大変重要になっています。またこの計画はエネルギー産業や企業に与える影響が非常に大きく、世界の中で日本の産業界が取り残されないような政策の転換が必要です。
前回の日本のエネルギー計画は、再生可能エネルギーの電源構成の数値目標として、2030年で36から38%と大変低いものでした。これを早急に再生可能エネルギー100％へ推進することが必要です。環境NGO団体など17団体が「脱炭素社会の早期実現をめざす「ワタシのミライ」実行委員会」として５月、国に要望書を提出し、政策決定のプロセスに市民参加を、と声をあげました。資源エネルギー庁では5月15日から基本計画見直しについて「エネルギー政策に関する意見箱」を設けて、さまざまな声を議論の参考にすると発表しました。本市議会も、エネルギー基本計画の実効性ある見直しを求めていくことが重要な局面だと考えます。
見直しを求める内容として、化石燃料に固執する日本政府の姿勢が国際社会の強い批判にさらされており、「化石燃料からの脱却」を明確に掲げることが必要です。そして目標値は、 COP28で合意された「2030年までの再エネ設備容量3倍及びエネルギー効率改善率2倍」という目標に、先進国として大きく貢献する政策を示し、削減目標は、「2035年までに2019年比60％削減」を達成できる目標を設定することを求めます。原子力については、安全性や原料の問題から確実なエネルギーとならず、将来性のないことから、エネルギー基本計画からの「脱原 発」を宣言し、廃止することを明記するとともに、原子力や化石燃料に頼らず、省エネと再生可能エネルギーの普及で2035年までに電源のほぼすべてを脱炭素化するという、Ｇ7サミットでの合意に基づく計画とすることを求めます。",2024-09-26,2024-09-10,2024-09-23
489,063,60代,原発によるエネルギー確保はやめてください。いったん事故がおこれば、土・緑・空気・水・人のつながり・生業を奪ってしまうことは現在進行形で明らかです。廃炉を決定しても膨大なコストがかかることは明白ですから、今のうちに一日も早く道筋をつくり、国内自給可能で持続性のあるエネルギー政策を構築し、国をあげて取り組んでください。,2024-09-26,2024-09-10,2024-09-23
490,063,,"SIC戦略提言-III 「エネルギー移行を促進する連携構築のための
新システムの提案」について
（一社）システムイノベーションセンター（SIC）は，「システム化」（卓越したシステムの構築，運用，進化）を推進する産業界主導のセンターです．
当センターでは，今の日本にどのようなシステムを構築すべきか，日本のシステム構造をどのように作りあげていくべきかの提言を発出する活動を行っています．その一つとして，「エネルギー」政策に関して，標題の提言を，2024年9月に公表しました
（ https://sysic.org/center_activity/3837.html ）．
ここでは，社会基盤を長い期間をかけて変革する移行マネジメント概念に基づいて，二つのアプローチからエネルギー移行に資する新システムの構築を提言しています．一つのアプローチは，個別技術を横連携して移行のためのムーブメントを生み出すことであり，もう一つのアプローチは，エネルギーに関わる社会全体の取組と個別技術への取組との橋渡しを行うことによって新たな社会基盤の形成に寄与するものです．
前者については，再生可能エネルギー（再エネ）に関する複数セクターの連携により新しいシステムの構築をはかるもので，喫緊の課題である再エネ大量導入を実現する社会基盤構築への駆動力を形成するという提案です．後者については，社会全体に関わる日本のエネルギー計画と地域でさまざまに展開されているエネルギー変革活動との結びつけを行うことによって，新たな社会新たな社会基盤の姿づくりに寄与すると同時に地域の取組の一層の活性化を目指すものです．さらに，基幹産業が高度に融合した生産の場であるコンビナートを，産業国家のエネルギー移行での重要な因子と捉え，エネルギー移行の場での卓越システム構築のための横連携と社会基盤の在り方という，二つの視点からの取組を提言しています．
具体的には，以下の三つの提言を行っています． 提言１：セクター融合エネルギーマネジメントの構築
時間的に変動幅の大きい再エネを大量に導入可能とするために，これまでの発電の調整に加えて，需要の調整を行うことによって需給バランスを調整するという運用に転換して行く．この考えを，モビリティ，熱供給などの個々のセクターに限定するのではなく，それぞれのセクターが形成する物理ネットワークと電力ネットワークとを融合させるという卓越システムの構築を通して，セクター連携の範囲を量的・質的に高めることを目指す．
提言２：デジタル・電力・水素・物流網の統合的形成のための情報連携システムの構築
エネルギーに関わる生産・流通・消費の構想に関する情報について，全国視点からの取組と地域視点からの脱炭素先行地域の取組や各地のCNコンビナート計画の取組等とで，相互に参照可能な情報連携を実現する卓越システムを構築する．これによって，全国計画立案の多面性，正確性を高めると同時に，地域間での技術移転の促進，新規事業者の育成につなげる．
提言３：CNコンビナート構築広域連携拠点の設置
各地で進展するCNコンビナート計画立案においては，リサイクルを含む様々な技術や政策的な対応が必要とされている．CNコンビナート構築にかかわる広域連携拠点を設けて，システム構築の視点から各地の知識の相互流通・蓄積を図ると同時に，CNコンビナートが水素・回収 CO2の最大利用者であることを背景に全国的な水素・CO2の流通の在り方を検討することによって，各地の取組を適切な姿に導くことに貢献する．
上記URLページに掲載の提言書では，これら三つの提言の背景とその実現に向けた検討を述べています．参照頂き，新たなエネルギー構造への意向の製作の一助として頂きたいと思っております．",2024-09-26,2024-09-10,2024-09-23
491,063,30代,総合資源エネルギー調査会 基本政策分科会の議論をYouTubeで何度か視聴しましたが、音声の品質が非常に悪く、委員が何を言っているのか聞き取ることが困難です。 DXも掲げる経産省の会議中継がこのような低品質では恥ずかしいと思いますので、改善を求めます。,2024-09-26,2024-09-10,2024-09-23
492,063,50代,YouTubeによる動画配信、アーカイブの公開をしていただいているのはありがたいのですが、音声がとても聞き取りにくいです。特に会場での発言がうまく聞き取れません。高精度のマイクを利用いただくなど、改善を検討いただけたらありがたく思います。,2024-09-26,2024-09-10,2024-09-23
493,063,,"2024年9月19日経済産業大臣齋藤 健 殿
エネルギー基本計画見直しに対する意見生活協同組合パルシステム東京
代表理事 理事長 松野 玲子
私たちパルシステム東京は、平和を基本とし「『食べもの』『地球環境』『人』を大切にした『社会』をつくります」を理念に掲げ、約53万人の組合員が、安心して暮らせる持続可能な社会の実現を願い、事業と活動をしている生活協同組合です。
東京電力福島第一原子力発電所の事故を受け、2011 年12月に「エネルギー政策」を策定、 2023年4月には「環境方針」を改定し、2030年までの温室効果ガス削減の具体的な目標値を掲げ、持続可能な社会の実現を目指して活動しています。これまでも事業活動や組合員家庭における省エネルギーの推進、脱原子力発電運動、地域と協同した再生可能エネルギー普及活動に取り組んでまいりました。再生可能エネルギーを中心とする電力供給事業においては2021年から2022年にかけて電力市場価格の急激な値上がりにより経営難に陥り、また、多くの新電力事業者も倒産や事業停止に追い込まれました。そのような中でも、多くの組合員の協力を得ながら、「FIT電気（再生可能エネルギー）+再生可能エネルギー」比率を2023年度実績で70.5％とし、再生可能エネルギーの推進を続けています。
また、私たちは食と農のつながりをもって生活者として持続可能な共生の社会を目指しています。近年、地球沸騰化ともいわれる気候変動問題により、農業、漁業、畜産業の現場から、発育不足や収穫減少、作業中の熱中症、電力代高騰による経営悪化などの問題が叫ばれており、政府のエネルギー政策はいのちや生活に直結する問題です。
第7次エネルギー基本計画が、原子力にも化石燃料にも依存しない、次世代に向けた脱炭素社会のあるべき姿を描いたものとなるよう、以下意見を申し述べます。
１．次世代、一次産業従事者を含む多様な立場の国民が論議に参加できる仕組みを要望しま す。また、消費行動やライフスタイルの選択を通じ脱炭素社会の実現に主体的に参画できるような情報提供を求めます。
気候変動問題は、国民の命やくらしに関わる重要な課題です。エネルギー基本計画の見直しにあたり、プロセスやスケジュールを広く周知し、多様な立場の国民が参加できる機会を設け、その声を計画に反映してください。とりわけ、総合資源エネルギー調査会などのエネルギー政策の決定プロセスに、気候危機の悪影響を大きく受ける第一次産業の関係者、気候災害や原発事故の当事者、将来世代などの参加を強く求めます。
また、環境省の「デコ活」（脱炭素につながる新しい豊かな暮らしを創る国民運動）などの発信力強化、国民一人ひとりが自身の消費やライフスタイルを持続可能なものにするために、各省庁と連携した啓発強化を求めます。
２．エネルギー需要量の大幅縮小を可能とする社会の構築を目指し、省エネルギー施策を強化してください。
脱炭素社会の実現のためには、エネルギー需要量を縮小させることが重要です。2023年に開催された「第28回気候変動枠組条約締約国会議（COP28）」で採択された決定文書では、省エネ改善率を2030年までに世界全体で2倍にするという目標が掲げられました。論議において大量電力消費が前提とされていますが、人口減や国土の制約に見合った生活・産業全般におけるエネルギー需要量を最小限に抑え得る健全な社会の構築を促し、さらに省エネルギー施策を尽くし、その上で必要量をいかにまかなうかを検討してください。 技術革新による省エネルギー施策を大いに期待します。
３．原子力発電ゼロへの早期移行と工程の具体化を求めます。
東京電力福島第一原子力発電所の事故から 13 年が経過してもなお、多くの方々が避難を余儀なくされ、損害賠償、除染・中間貯蔵施設事業、廃炉・処理水対策、膨らみ続けるこれらに要する費用、風評被害対策など、課題は依然として山積したままです。
第６次エネルギー基本計画においては「可能な限り原発依存度を低減する」と位置付けられているなか、2023年にＧＸ推進法のもと原発の最大限活用への方針大転換が行われました。そして2024年４月、世界最大の原子力発電所である東京電力柏崎刈羽原発において地元住民の同意がないまま燃料装填が開始されました。いまだ使用済み核燃料の最終処理問題が未解決であ り、さらに能登半島地震により国民全体の不安が増大していることを踏まえれば、柏崎刈羽の再稼働を前提とした推進計画をすすめるべきではありません。また、原子力発電の新規増設費用を国民に負担させることはあってはならないことです。
４．2050 年再生可能エネルギー100％に向け、2030 年の導入目標を国際的水準である 50％以上としてください。
日本のエネルギー選択において踏まえるべき「安全性」「環境（脱炭素化）」「安定供給（自給率）」を同時に満たす電源は再生可能エネルギーです。近年の化石燃料の価格高騰は、エネルギーを輸入に頼ることの危うさを明らかにしました。わが国の再生可能エネルギーの割合は 21.7％と諸外国と比較しても低い水準で、地熱・水力などの資源が豊富に潜在するなか十分に活用が進んでいません。エネルギー供給の内製化を推進し、自立・分散型エネルギーシステムを構築することで、非常時の電源確保、エネルギーの効率的な活用、地域経済の活性化・雇用の創出につながります。環境や社会の長期的な持続可能性を考慮すれば、2050 年には 100％を目指すべきです。
「第28回気候変動枠組条約締約国会議（COP28）」で採択された決定文書では、再生可能エネルギーを2030年までに発電容量を世界全体で3倍にするという目標が掲げられました。IPCC 1.5℃特別報告書の想定水準である、2030 年時点で 50％以上の再生可能エネルギー導入を目指し、蓄電池の早期開発をはじめあらゆる政策を総動員し強力に進めることを要望します。
５．石炭火力は 2030 年までの段階的廃止を求めます。
石炭火力発電における温室効果ガス排出量は非常に高く、電源構成比も30％を超える水準で気候変動問題に大きく影響します。2024年4月の先進国7か国（G7）気候・エネルギー・環境相会合では「2035年までに石炭火力発電の段階的廃止」が合意されました。日本は水素・アンモニア混焼やCCS（炭素回収貯留）の技術が排出削減対策に該当するとしていますが、有効性、経済性、環境影響などに懸念のある不確実な技術であり、石炭火力の温存に繋がる懸念があります。
石炭をはじめとした化石燃料からのダイベストメント（投資撤退）も含め、脱石炭火力への世界の潮流の中で、限られた政策資源を終息に向かう技術分野に投入することはやめるべきで す。
以上",2024-09-26,2024-09-10,2024-09-23
494,063,40代,"気候変動問題への対策をしっかりやるべき。
そのため石炭火力発電を廃止し、再エネ100%目指してシフトしてほしい。
高レベル放射性廃棄物の最終処分の問題解決すらできていない原子力発電は必要ない。山を削り自然破壊をして建設されるメガーソーラーに規制を。
環境保全を軸に、日本の各地域の環境にマッチしたコストが低い再エネを推進してほしいです。",2024-09-26,2024-09-10,2024-09-23
495,063,70代,"「再エネ100%時代の蓄電池総容量への資源エネ庁の基本的誤認」
エネ基意見箱No.460の第６章(7)項を投稿後 2024/9/9 開催の電力・ガス基本政策小委員会
「資料3；電力システム改革の検証」の「32頁；再エネの出力変動による電源出力の変化」下段で、「※ドイツにおいては、48時間連続で太陽光・風力の出力が設備容量の10%以下となる減少が、年2回程度発生。」に続き、「なお、一般的な系統用蓄電池の時間容量は2～5時間程度。仮に、このような長時間の出力低下分を、現状の蓄電池のみでカバーするためには、電力需要を大幅に上回る容量の蓄電池の設置が必要と考えられる。」とあり、言外に「長日の曇天に対し、高々2hr～5hrの時間容量の系統用蓄電池で安定供給することは不可能」と主張している。 が、これは基本的な技術的誤認である。
現状の米国や豪州の通常プラクティスでは、太陽光出力1kW当り蓄電池4kWhを設置する。これは太陽光100%時代の日本では、日照が少ない晩秋期の日平均需要25億kWhに対し、日平均発電量30億kWhの12億kW太陽光設備に60億kWh蓄電池設置に相当する。
曇天持続や需要状況でシミュレーションすると、全国週日需要2日分以上の容量があるこの系統用蓄電池で、安定供給は楽勝である。私は、電力需要抑制は十年に一回程度と予測した。",2024-09-26,2024-09-10,2024-09-23
496,063,40代,"第七次エネルギー基本計画の策定では、審議会における検討に若い世代を含む多様な立場の専門家や環境団体、市民の参加を希望します。
民主的で透明な「国民的議論」を行っていただきたいです。
なぜならば、そもそも、現在の国会、また現国会議員の方々に対し、疑問を持っているからです。
憲法前文に「われわれ日本国民は正当に選挙された国会における代表者を通じて行動し」とありますが、今の日本では正当に選挙されていないと考えております。
選挙区によって一票の価値が大きく異なる、いわゆる「一票の格差」が大きい状態が続いており、国民の多数が選んだ議員が国会の多数を占めるという当たり前の状況が実現していない状況と見えます。
たとえば、現在の衆議院では与党が全議席の約6割を占めていますが、そこに投票した有権者は約47％、全体の半数にも満たない、これはねじれだと思います。
つまり、主権者である国民の意思を正しく反映しない選挙制度になってしまっていると思います。
その制度によって選ばれた議員で構成される国会が、果たして「国権の最高機関」といえるのでしょうか。私は疑問ですし、また、その国会議員の方々が行なおうとしている議論には、さらに疑問を感じざるを得ません。
よって、真の国民主権を求めると共に、その上での、エネルギー基本計画策定の議論を希望します。",2024-09-26,2024-09-10,2024-09-23
497,063,70代,"①原発は、できるだけ早く廃炉にして欲しい。
（理由）
・核のゴミの処理が出来ない状態で、核のゴミを作り続けることは、常識的に有り得ません。
・北朝鮮、中国が日本を攻撃する危険は、ゼロではありません。日本には、恰好の攻撃目標があります。稼働中の原発です。
実際に攻撃されたら、原爆何個分のダメージを受けるのか想像してください。間違いなく日本という国は、吹き飛びます。
また、数十年以内に確実に起きる「南海トラフ大地震」、浜岡原子力発電所（静岡県御前崎市）、伊方原子力発電所（愛媛県西宇和郡伊方町）、川内原子力発電所（鹿児島県薩摩川内市）これらの原発がメルトダウンしたら、やはり日本は滅びます。
なんでそんな危険な原発を稼働させておくのか？ 理解出来ません。
②発電コスト０円の再生可能エネルギー（原発は含みません）を
なぜ、国を挙げて拡大しないのか？ こどもでもその重要性は理解できるのに、なぜか国は目をそらしている。
国民ファーストになってないからでしょう。
旧電力会社ファーストになっているからでしょう。
もう、大規模で巨額のコストがかかる発電設備（原発、火力発電）による発電の時代は終わったことを、国も早く認識すべきだと思います。",2024-09-26,2024-09-10,2024-09-23
498,063,30代,"中部エリアにおける電力需給状況を改善するために、電力広域的運営推進機関に電力融通で16時00分から16時30分の間、東京電力
パワーグリッド株式会社から同時間帯に30万kWを受電したと報道されてます。
これは、天候状況変化に伴う太陽光発電の出力減少により、エリア予備率が3%を下回る見通しとなったためです。
しかしメディアはこの太陽光発電の出力低下という文言だけはカットして報道して再エネ不利にならないように姑息な手口で報道してます。
このことからもそろそろ日本は太陽光発電など天候に左右される再エネでは夕方以降
安定供給は綱渡りの状態であり難しくバッテリーに貯める場合は莫大なコスト増になるということを説明すべきです。
いつまで再エネとか言ってるのでしょうか？
あと、ペロブスカイト太陽光をやってもこの夕方以降の電力危機には何の役にも立ちません。このことを国内外に説明してください。
再エネをやっても火力で調整が必要であり
火力を使わない場合莫大な蓄電池が必要となり発電コストが大幅に跳ね上がる。再エネが原発より安いと言ってる人たちは
完全に蓄電池のコストを理解してない上、
レアメタルの資源枯渇の問題や中国に利益が渡るので無理です。 水質汚濁の面で日本がレアメタル加工を代替えするのも無理です。だから原発と高効率火力の２つを投資する
その先は高温ガス炉や地下に埋まってる
ホワイト水素を日本が探索支援する引き換えで安価に他国から輸入し水素の単価を下げそれを水素エンジン発電に供給し調整力の
CO2を将来的に減らす。
短期的には高効率火力が一番早く建設できるためこの建設を急いで短期的な調整力の供給力を増やしながら原発の再稼働も東日本で加速するのと東通原発など含めて建設が止まってる原発の建設を早く再開すること。
その先は技術支援をしながら、改良型軽水炉を建設しその先は高温ガス炉などを建設し核燃料サイクルの新たな選択肢に加えて放射線量を低減し地層処分につなげる。
高速炉も日米などで連携し開発を諦めずに取り組む。核融合にも支援する。原子力産業の人を増やせるよう文科省や
SNSで著名人と連携する。
原子力工学や高効率火力を選考した学生が 不当な扱いを受けないようインセンティブで
奨学金の一部減免を検討し原子力などに進めることを促す。
引退したシニアのエンジニアを呼び戻すために給与をシニア枠ではなく能力に応じてしっかり業界水準くらいは出すこと。
国内での被曝教育をちゃんとやってゼロリスク思考の人を減らすこと。これらをやるべきです。
よろしくお願いします。",2024-09-26,2024-09-10,2024-09-23
499,063,40代,"経営資源として人・物・金が必要なはずだが、原子力が必要という審議員の意見で人＝原子力に従事する人間の
充足数目安と期限感のコメントが皆無なので、原子力小委員会の議論を議事録・委員提示資料などから拝見した。
その上で意見する。
経済合理性について
資本主義は経済合理的に出来ているからこそ資本・資源を有効に活用（例：長期的な株式市場全体への投資）した者に
最大限恩恵があると理解している。原子力という経済不合理性の極みを追求する経済産業省にの省名についている「経済」とは
原子力に関してだけ実は「不経済」を意味しているのではないかと思えてくる。
人材育成面における議論の不毛さ (0)感想小括：ミルコ・クロコップ先生に登場いただき’お前は何を言っているんだ？’一喝をお願いしたい。足腰が伴わないやっている感出している議論ばかり (1)2022/2/24原子力小委員会資料に「高齢エンジニアが多少の勤務を続けられるための健康管理・認知症管理・労働管理も必要だと考えます。」との記述に腰が抜けた。
当該資料は↓。 https://www.meti.go.jp/shingikai/enecho/denryoku_gas/genshiryoku/pdf/024_04_00.pdf当該資料タイトル・前項番の流れから’原子力産業で’と自分は読み取ったが、
認知症発症者まで動員して支えなければいけない老々介護ならぬ、老々産業は本当に必要なのか？（老齢認知症患者が老朽オンボロ原発を世話するデストピア。別名：原子力刑務所
か？）
賠償責任保険引き受ける損害保険会社あるか？あったとして保険料はおいくら？
＜違法薬物摂取しながら運転管理する原子力空母とどちらが危ないのだろう？報道資料↓＞ https://www.kanaloco.jp/news/social/entry-38820.html
(2)2024/6/25同委員会で’一生捧げることになる’仕事場なる表現があった（議事録P23）。だからこそ、限界集落で大舅小姑にいびり倒されるのが
分かっている原子力業界なぞ足蹴にして、これから伸びるとAI・データセンター・半導体などハイテク分野（原子力ムラですら電力需要伸長の大元と太鼓判）を
目指すのが理解できないのだろうか？また、これらハイテク業界が準備できる人材獲得として魅力ある処遇を
オワコン＆衰退産業と化した原子力業界が用意できるのか？後述するような原子力関連団体が拠点としているのが場末であるのを見れば答えは明らかだが。 (3)Jパワー電源株主の立場から言う。
特に理工系の学生にとって、稼働可否ましてや建設完了するか分からない代物を扱う業界には身を投じたくないという気持ちが審議員・委員はお分かりでないのか？
自分が作ったものが動いているのを見る＝社会に役立つと実感できるのが技術職の喜び源泉だ。13年以上進捗率37%の原発開発現場で、自分の中堅壮年期を過ごすのは誰だって嫌。
それを僻地で17年（フラマンビル原発の惨状を参照）塩漬けにされ、会社は倒産するわ吸収されるわで、この状態なら普通は転籍・転職する。
(4)2023/12/19小委員会に提示された文部科学省作成の原子力人材育成資料を拝見して（*）
*https://www.meti.go.jp/shingikai/enecho/denryoku_gas/genshiryoku/pdf/037_02_00.pdfア.当該資料最後に原子力セミナー満足度アンケートで高評価100%とあるが、問題は参加した生徒が就職先に原子力業界を選ぶか？（父母が賛成するか？）の追跡調査結果だろう。
今年昨年実施した分はすぐには判明しないだろうが、同種セミナーは過去にもやっているだろうから追跡調査結果は公表できる筈。
イ.以前も書いたが、いつまでに何基再稼働／新規稼働／革新炉実現するために必要な人材数
（≠ペーパー運転員等）に関する目標計画値と実績値の分析が無い。画餅そのもの。
ウ.以下のAI人材育成資料と比較すると注がれている熱量の違いが明らか。無論、AI資料側に霞が関の本気が見える。
https://www5.cao.go.jp/keizai-shimon/kaigi/special/reform/wg7/20191101/shiryou2_1.pdf (5)何度も書いているが、原子力に関する経営資源について「行政・企業・業界団体に期待する／努力を望む」などの他人事感満載の議論で審議した感出しているのが謎。
ア.自分でリクルートする位のやる気を見せなくて、赤の他人が動くと思っている？
イ.国鉄民営化で自民党国鉄小委員会の国会議員が抜き打ちで国鉄の甲府駅まで見学（というか検査）に言ったと聞く（「昭和解体」牧久著P236）。
国会原発事故調といい前述の政党国鉄小委員会といい、立法府の各委員はフットワークよく現場行くのに
行政府の審議員は何故に腰が重いのだろう？東電株主代表訴訟控訴審で裁判官が、10/25原発事故現場を視察する（裁判官事故現場視察は同訴訟第一審でも行われた）。
これらと比較すれば、三権分立の府の中で行政府内審議会は一番ノリが悪い。
ウ.足腰としても頭脳としても必要な人材が用意できないのが分かっていながら、原子力拡大の議論の為にエネ基で議論及び原子力小委員会開催するのは無駄。
その分能登半島地震の復旧に行政資源を回してほしい。石川県副知事出向職から貴省庁へ復帰した職員がいる筈だから惨状はご存じだろう。
2.国民認識の集計方法が極めて偏っている上に解釈も恣意的。 (1)エネ基審議会も含めてだが、原子力文化財団の集めたデータに拘っているのが異様。同財団は新規採用を行わず
東電・電事連の広報天下り先と化して滅びゆくのみ：過疎化してゴーストタウンになった原子力ムラの象徴みたいな存在。
しかも公益性資格も無いたかが一般法人のwebアンケート如きが国民世論を見た気になっているのは、おかしい。 (2)老婆心ながら言っておくと、調査委託などで公金を投入しているなら
昨年3月にネットで話題になった公金チューチュー騒ぎ＝若年女性支援一般社団法人の会計疑惑の二の舞にならぬよう
色々とお金には綺麗であられたいと祈念する。怪しげな一般法人に対する公金投入に対しては、某政党の裏金問題並みに
納税者は厳しく監視していると心得られよ。昨年の騒ぎは簡単に個人でも出来た住民監査請求がトリガーだった訳だし。
ひょっとして国会議員に国勢調査権行使してもらったり、’セクシー’な質問主意書出してもらえたら明らかになるのかしら。
3.審議員・小委員会委員の年齢／ジェンダーバランスを若さ／女性側へ大幅に振るべき
非暴力主義の自分と正反対思想ながら、中核派学生団体（全学連）トップですら女子大生が担い始めている↓。
https://femimatsu.com/article/504869910.html
革サーの姫とは上手くいったものだが、ESG/SDGsなどを目指す霞が関が、中核派（全学連）に後れを取る訳にはいくまい。
ついでに指摘すると中核派（全学連）ですらコミックマーケットに出展しているが、限界原子力集落にこの位柔軟な（暴力革命目指しつつソフト路線は要警戒と思う）
発想ができる人材がいるか？福島第一原発燃料デブリ並みに硬直化した思考では、若い層に刺さらないだろう。",2024-09-26,2024-09-10,2024-09-23
500,063,20代,"住宅など建築物の屋根おき太陽光の普及拡大については、どのような議論が進んでおりますでしょうか。
防災性・経済性を踏まえても、住民や地域にとってメリットが多いことだと思いますので、新築住宅だけに限らず、既存の住宅の屋根、
公共施設の屋根に早急に設置できるよう、
目標引き上げや、あるいは先進的に取り組む自治体を評価するなどの仕組みをよろしくお願いいたします。
すでにそうなっている場合は、ぜひ自治体への周知徹底をよろしくお願いいたします。",2024-09-26,2024-09-10,2024-09-23
501,063,30代,"「ここ数年、我々の把握する電波障害が急増している」。総務省総合通信基盤局電波部電波環境課の今泉崇紀電波監視官はこう話す。 2021年以降、太陽光発電システムが発する不要電波によって通信が妨害される障害が、疑わしい事例も含めると44件発生しているという。
背景にあるのは家庭用太陽光パネルの爆発的な増加」とメディアでも報じられてます。さらには太陽光発電や風力発電へのサイバー攻撃で被害も国内外で増加しています。 原発へのテロ攻撃ばかり議論されてますが、
むしろ通信への悪影響、サイバー攻撃による
金融資産関連への被害、相手国からのサイバー攻撃による発電量の急激な変化による停電リスクの増加、発電設備や蓄電池関連のレアメタルなどの中国依存の問題など多くのことが見落とされてきました。
これも問題視すべきなのではないでしょうか？
原発関連にミサイルを仕掛けられる確率よりもはるかに高いのが再エネ関連へのサイバー攻撃による停電リスクです。
そもそも原発はウクライナも何度も攻撃されましたが結局事故は起きてません。
これら左派連中が絶対に認めない事実ですが、サイバー攻撃と物理攻撃の両方においてよほど原発よりも脆弱なのは太陽光発電と
風力発電です。
これは国家安全保障として絶対に問題視して頂きたいし再エネや蓄電池の推進は中国に利益が渡り軍事費に回されてるのが実態なので
見直すべきです。
経産省の議論でも全くこの内容が会議で登場してないのが本当に心配になります。意見箱でも的外れな左翼の意見があまりにも
多いですが、彼らの意見を聞き入れたら日本は間違いなく停電します。
再エネと蓄電池だけで安定供給は不可能でありコスト上昇を招くだけでなく余計中国依存度を高めることをそろそろ国民に大臣などから会見で説明すべきです。
何のために原発と高効率火力が必要なのか、
そしてなぜ再エネや蓄電池、EVが中国に利益が渡り闇雲な推進をすべきではないのかそろそろ国民に会見やプレゼンをやって説明すべきです。
安倍さんは集団的自衛権の時に国民に批判を恐れずにプレゼンを行い日本国民の理解は増えました。
エネルギー政策でも同様にプレゼン資料を用意し国民に対して会見を開いてエネルギー政策のプレゼンをしたりSNSで芸能人などと
連携しYouTubeなども作りエネルギーの全体が分かるように訴求すべきです。
あと、東電福島事故では放射線被ばくだけの要素による死亡者はゼロであることも説明すべきです。
米国のコミュニケーション専門家は「安全について聞かれればどうすればよいか」と質問には
「安全と言えばよい」と答えてました。
東電福島のトリチウム水放出についての日本政府の発言はこれに対応していましたよね。安全について事細かに口頭で説明しようとすると主観的安全性・心理的安全性のわなに入ってしまうのでとにかくCTスキャンなどの
医療被曝よりも福島の年間被曝量の方が低いという事実を国民に説明すべきです。批判を恐れてすべき説明をしないから難癖をつけられるのです。
復興庁と文科省発表の災害関連死者数と環境放射線量測定値をもとに避難のリスクと便益を分析したところ、避難のリスクが、避難で避けた被ばくリスクより10倍以上大きかったそうで す。
これは東電福島事故の大きい教訓で、世界と共有する必要があります。北海道や新潟などの地元にもこの説明は絶対にすべきです。
避難計画ばかり説明して被曝のリテラシーを説明しない地元もおかしいのです。
放射線は低線量では、危ない・恐ろしいと考える方が危険である。原子力・放射線事故時に 100ミリシーベルト/年以下の低線量地域にいる住民にALARAの原則を適用しないようにするべきであると地元にも伝えるべきです。
世の中にゼロリスクのものはありません。しかし、原発は死亡率が各電源で最も低い
ことすら理解されてませんが、原発の死亡率が最も低いのは論文などでもエビデンスはあります。
Hit: B. W. Brook et al., Why nuclear energy is sustainable and has to be part of the energy mix,
Sustainable Materials and Technologies, 1-2 (2014) 8-16, Table 6
Source: Updated (corrected) data from: World Health Organization; CDC; Seth Godin;
John Konrad
これらを会見を行って不勉強なメディアも
会見に参加させて勉強させないとくだらない批判は収まることはないです。
被曝の専門家や原子力の有用性を原子力の専門家を招いて国民にプレゼンしたりYouTubeで発信する記者会見を開くべきです。
また、高効率火力も重要な調整力であり蓄電池では長期間の天候不順に耐えられる量を投資するのはそもそもレアメタルが不足し
物理的に不可能です。
再エネ100%とか言ってる連中はレアメタルの限界、蓄電池のコスト、経年劣化により 10年おきに火力と原発を全て使わない場合900兆円以上かかる試算があることを理解してません。
そんなものは不可能なのです。
早く再エネだな蓄電池だのEVだのレアメタルを使いまくり中国に材料関連で利益が渡るような政策は見直すべきです。",2024-09-26,2024-09-10,2024-09-23
502,063,50代,"エネルギー基本計画を検討している人達は、石炭火力や原発推進の方が多く、また大学の先生であっても石炭などを研究している方、さらに年齢も６０代、７０代の男性が多いと聞きま す。これでは公平な議論ができないと思います。環境団体、若い世代なども積極的に参加させてほしいです。また非公開なこともおかしいと思います。参加者名、意見を公開して欲しい。
環境保全しかも地域を壊さない再生可能エネルギーを推進して欲しいです。原発は４０年が６
０年まで大丈夫と変更することもおかしいです。ここまで地球沸騰化が心配されている中で、日本が脱炭素をしないことは世界的にとても恥ずかしく思います。原発ももう二度と福島のような地域を生み出したくはないです。廃止をしてください。",2024-09-26,2024-09-10,2024-09-23
503,063,30代,"エネルギー政策に関する提言をします。
以下の内容は必ず政策立案に反映してください。
1.再エネによるリスクの増加を考慮
家庭用太陽光パネルからの電波障害が急増。サイバー攻撃リスクが高まり、通信や金融資産への被害が増加。
風力発電でもドイツが攻撃を仕掛けられて停止したトラブルがあり国家安全保障上この対策をまともにできてないのに再エネ推進を
打ち出すのはあり得ません。
これは国際会議でも提言すべきです。 2.原発の安全性
原発はウクライナでの攻撃にも関わらず事故を防いでいる。原発の死亡率は電源の中で最も低い。
（B. W. Brook et al., “Why nuclear energy is sustainable and has to be part of the energy mix,” Sustainable Materials and Technologies, 1-2 (2014) 8-16） 3.過剰なテロ対策の見直し
原発にだけ過剰なテロ対策を求めるのは非合理的。国民保護法を改正し、原発のみに過剰なテロ対策を求める仕組みを見直す必要がある。全体を防ぐにはサイバーセキュリティ対策強化と防衛力強化による迎撃能力の向上が必要である。ウクライナは複数回原発を攻撃されたが事故には至っていない。
テロ特重の柔軟な判断と規制基準の変更
テロ特重の期間は5年を目安とし、エネルギー需給状況や電気代を踏まえて柔軟に判断する必要がある。地震学を重視しすぎた規制基準は科学的ではなく、津波対策に焦点を移すべきである。
津波対策の強化
女川原発などの実績を基に国民に訴求し、水密扉や非常用電源の確保が重要であることを説明すべき。
再エネとレアメタル依存の問題
再エネやEVの大量導入がレアメタル依存を増やし、中国に利益を渡すリスクがある。無計画な蓄電池の導入は避けるべきである。
福島事故の教訓
避難のリスクが被ばくリスクを上回ることを広め、被ばくリテラシーの教育を強化すべきである。
国民への情報提供
上記などを踏まえてエネルギー政策の全体像について透明性のある情報提供を推進し
記者会見やSNSを活用した広報活動の重要性を大臣や官僚の方が主導して訴えるべきである。大臣が能力的に説明できないならば大枠は大臣が説明し官僚の方がエネルギー政策の
記者会見での詳細を説明するなど役割分担をお願いしたい。特に調整力としてなぜ高効率火力が今後も
重要なのか？
老朽火力をリプレイスして高効率に置き換えないと停電リスクがなぜ増してしまうのか？なぜ再エネと蓄電池だけでできないのか？
レアメタルにどれだけ埋蔵量に限界があり蓄電池やEVの闇雲な導入がどんな問題を 引き起こすのか、天候不順時や夕方以降の太陽光発電の出力低下に対応するために 原子力がなぜ再エネと違って有力なのか？
ペロブスカイトをやっても夕方以降安定供給はできないので電力危機の改善にならないことなど
こういたことを国内外に経産省が主導して説明すべきでしょう。
それがないと再エネやEV、蓄電池をゴリ押しされ中国に利益が渡り軍事費に回されさらには天候不順が続いた時にあっという間に
停電リスクも上がってしまいます。
このことからも再エネ、EV、蓄電池の推進は踏みとどまるべきです。",2024-09-26,2024-09-10,2024-09-23
504,063,60代,"審議会メンバーは、誰がどのように決めているのか、その不透明さに疑問を持っています。原発賛成派が多いのではないですか？
それは、民主主義に反します。
もっと市民団体、若者などを加えるべきです。
また、福島第一原発事故の処理にどれだけの経費がかかっているのか、再稼働に向けての費用、新増設にかかる費用と時間、国民にどれだけ負担をかけるつもりでしょうか！
コスト的にも安く、日本のエネルギーの持続可能のためにも「平和のエネルギーである再生可能エネルギー」にシフトチェンジするべきです。",2024-09-26,2024-09-10,2024-09-23
505,063,,"①原発の資金援助を、電気料金の値上げなどの形で、了承を得ずに国民から徴収するのをやめてください。
もし仮に、原発が国際競争力のあるクリーンなエネルギーだとしても（コスト面に大き過ぎる問題があり、クリーンでもないと訴える専門家もいます）、現に人命に関わる大きな被害が出ていて、反対する人も大勢いる時点で、そういった人たちを巻き込んで勝手に原発の援助をさせることは、人としてあってはならないことです。
そうした強制をするのであれば、太陽光発電（あるいは水力発電）の発展や発電効率の改善のためにおこなってください。人命を危険にさらすのではなく、人命（途上国の方々や私たちの未来の世代など）を救うためなのであれば、多少反対の声があったとしても、私たちは同じ人として取り組むべきだと考えます。
②再エネが本当に、必要なだけの国際競争力を確保できないものなのか、もう一度専門家の方々と話し合って、結果を何らかの形で公表してください。
これまで、東北大学や龍谷大学の教授のお話を聞き、「原発へ投資する際のco2排出＞再エネに投資する際のco2排出」であるという主張や「原発で補うだけの電力は、再エネでも補え
る」という主張を聞きました。しかし、なぜそう言えるのか（当然かもしれませんが）話の内実まで理解できませんでした。おそらく理解できていないのは私だけではないはずです。
このままでは国民は再エネをどのような力として判断したらいいのかが分かりません。改め て、日本に必要な国際競争力と、再エネ、原発の関係について、専門家の方々と話し合い、詳細な情報を公開してください。",2024-09-26,2024-09-10,2024-09-23
506,063,30代,"太陽光発電ピーク時に仮に4時間100%発電を行い、残りの20時間を蓄電池でカバーする前提で再生可能エネルギーと蓄電池で世界の電力消費の何%を置き換えると蓄電池に使われるレアメタルが枯渇するかを計算してみました。 AIを使って計算してるので計算ミスはないと思います。
1. **増加する蓄電池の必要性:**
- 発電が行われない20時間をカバーするために、蓄電池容量は5倍に増やす必要があります（4時間の発電で24時間分をカバー）。
**レアメタルの制約:**
**リチウム:** 世界の埋蔵量が1,400万トンで、1kWhあたり0.1kg使用すると仮定すると、約 2,800TWhをサポート可能です。
**コバルト:** 世界の埋蔵量が710万トンで、約1,420TWhをサポート可能です。
3. **世界の年間電力消費量:**
- 約26,000TWhです。
4. **置き換え可能な割合:**
- リチウムの場合: $$ \frac{2,800}{26,000} \times \frac{1}{5} \approx 2.15\% $$
- コバルトの場合: $$ \frac{1,420}{26,000} \times \frac{1}{5} \approx 1.09\% $$
したがって、増加した蓄電池の必要性を考慮すると、リチウム埋蔵量からわずか約2.15%、コバルトではわずか約1.09%の電源構成を蓄電池に置き換えただけでこれらのレアメタルが枯渇しバッテリーは作れなくなります。
結論をまとめると、世界の電力を太陽光発電でピーク時を供給しその余ったものを蓄電池に回せるのは翌日の天候不順に備え20時間蓄電池でカバーするだけでもレアメタル、特に埋蔵量で律速するコバルトから計算するとたったの世界の電源構成の1%程度しか蓄電池導入できないということです。
しかもこれはわずか20時間分の話であり、当然梅雨の時期などはもっと大量導入しないと停電します。
だから原発や火力を減らせるとか言ってる 左派メディアや左翼などは完全なる空想なのです。
日本は島国なので余計原子力と高効率火力が両方必須なのです。
つまり、調整力の火力発電をなくして蓄電池で代替えするのは物理的に不可能です。これは国内外で発信すべきです。
さらに、レアメタルの精錬、加工はほぼ中国依存ですので再エネやEV、蓄電池を日本で組み立てようがレアメタルやレアアースは中国でしか加工できないので莫大な利益が渡り軍事費に回されます。
なぜ中国でしか加工できないかというとレアメタルなどを加工する時に水質汚濁の問題があり日本など他国は環境規制の面やコスト面などで代替えは不可能だからです。
よって、日本がやるべきことは再エネやEV、蓄電池の導入をストップし原発と高効率火力、高効率エンジン、ハイブリッド、将来的な水素エンジンの有用性を世界に訴求しレアメタルの消費を抑える政策を取ることです。
エネルギー自給率向上を目指すとよく国内で言われますが、私はその言い回しだと環境省がそれならば日本は再エネと蓄電池を増やすべきだと言ってきて彼らの術中にハマってしまうと懸念します。
エネルギー自給率にこだわり再エネや蓄電池を無理やり増やすとむしろ発電設備や蓄電池では安全保障で敵対する中国依存度が上がるので私は本末転倒だと思います。
むしろ日本はエネルギー自給率よりも中国依存度を発電設備で下げられるかという点と燃料の輸入国が安全保障上敵対してない親日国かどうかを見る方がよほどエネルギーではよほど重要だと思います。
その意味で高効率火力や原発、エンジンなどは親日国からの燃料輸入なので
実は再エネや蓄電池関連よりもむしろ中国依存度は下げられると考察しています。
エネルギー自給率よりも発電設備に使われるレアメタルやレアアースの依存度を下げられる発電設備という意味で高効率火力と原発は天候に左右されないので新設を推進頂きたいです。 あと、国が腹を決めて第7次エネルギー計画では改良型軽水炉のみならず
高温ガス炉などの電力消費なしでISプロセスで水素が作れ核燃料サイクルの選択肢になる原発とigccやgtccなど高効率火力を2軸で投資だけでなく安定供給ができるものを新設を明記するようにお願いします。
建設するときは新たな設備が完成し出力が増やせるようになってから老朽設備を停止しないと脱炭素を急いで既存の火力や原発を先に閉鎖したら停電しますのでここだけはご注意くださ い。",2024-09-26,2024-09-10,2024-09-23
507,063,60代,この度の、原子力を根源とする発電推進に絶対、反対です。理由はあの福島の時のような、放射能の雨を降らせるような事を、おこす、危険性の、大なるものを使用する理由がわかりません。火力発電も、地球な環境を守る為にも反対です。太陽光や風力を使いましょうよ。是非、国のお偉いさん方達には、未来の子供達の安全性を真剣に考えて欲しいです。,2024-09-26,2024-09-10,2024-09-23
508,063,40代,原子力発電は放射能を輩出し、次世代につけを回すことになるので反対です。再生可能エネルギーを増やす方向で考えてください。,2024-09-26,2024-09-10,2024-09-23
509,063,30代,再エネ普及にお金もっとお金をかけてください。,2024-09-26,2024-09-10,2024-09-23
510,063,70代,"日本のエネルギー政策は
再生可能エネルギーが重要です。",2024-09-26,2024-09-10,2024-09-23
511,063,50代,UR賃貸や公営住宅の高効率断熱改修を急いでください。,2024-09-26,2024-09-10,2024-09-23
512,063,50代,昨年のCOPの合意に合わせた計画にすべきです。再エネ３倍、省エネの効率２倍に合わせた第7次エネ基計画にしてください,2024-09-26,2024-09-10,2024-09-23
513,063,60代,石炭火力は2030年までに全面に廃止すべきです。アンモニア混焼はabatedではありません。化石燃料由来の水素とアンモニアでは、CO2削減になりません。CCSはまったく間に合いません。,2024-09-26,2024-09-10,2024-09-23
514,063,40代,"再エネの支出を民間投資ではなく、炭素税を取って国の支出にしたらどうですか？（賦課金は低所得者には公平ではありません。）
ペロブスカイト太陽電池とあとパワコンが安くなれば、現状の半分ぐらいで設置できると思います。",2024-09-26,2024-09-10,2024-09-23
515,063,60代,・「太陽光発電はコストが高い」、「原発利用は温暖化対策に有用」といった意見が真実か否かを議論する場をぜひ設けるべき,2024-09-26,2024-09-10,2024-09-23
516,063,50代,日本は国際社会と将来世代に1.5度目標の責任を果たす7次エネルギー基本計画改定を！そのため再エネ3倍、省エネ2倍の達成を。,2024-09-26,2024-09-10,2024-09-23
517,063,50代,"未来世代への責任、途上国への責任という観点からも、原発は廃止、石炭火力も廃止、再エネを大幅に増やしたエネルギー基本計画にしてください。
地球沸騰化の時代に真摯に向き合う政策に転換すべきです。",2024-09-26,2024-09-10,2024-09-23
518,063,70代,原発をやめて、省エネと再生可能エネルギーにシフトしてください。,2024-09-26,2024-09-10,2024-09-23
519,063,60代,石炭火力発電も原発もやめて、再生可能エネルギーを３倍以上に！ COP28で再エネ３倍にとされ、原発はそれもあるかなという言及程度で具体的目標はない。石炭火力はいくら炭素削減措置を導入してもどれほどの効果があるのか不明。,2024-09-26,2024-09-10,2024-09-23
520,063,70代,社会の進歩にエネルギーは欠かせませんが、それだけに人の命を支える基盤である自然との調和を図る必要があります。そのためには再生可能なエネルギーへの転換をしなければならないと考えます。,2024-09-26,2024-09-10,2024-09-23
521,063,40代,"日本のような地震大国で、原子力発電所をあちこちで稼働させるというのは正気の沙汰ではないと思います！
日本にもともと、それぞれの地域で豊かにある地熱や風力、太陽光を最大限生かして、エネルギーの地産地消をぜひ進めてください。地域での循環によって、地方はどんどん元気になります。",2024-09-26,2024-09-10,2024-09-23
522,063,,"地震大国である日本に原発はいりません。
それぞれの地域の特性にあった方法での地産地消的なエネルギー政策をすすめてください。",2024-09-26,2024-09-10,2024-09-23
523,063,,原発依存度のできる限りの低減、という目標は達成されたのですか。原発新増設は許さないようにしてください。,2024-09-26,2024-09-10,2024-09-23
524,063,10代以下,"日本は現在も火力発電が主流で、原料は石油。そして、原材料の調達を輸入に頼っている現状があります。
ロシアのウクライナ侵攻後は、石油調達先を中東(サウジアラビアやアラブ首長国連邦)に98%依存していると知りました。
ですが、中東情勢は常にとても不安定です。
石油はタンカーで運んでいて、輸送時には海路(もちろん海峡も)を通ります。
このままでは、中東付近の海峡が封鎖されてチョークポイントが使えなくなった場合は石油の輸入が止まってしまいます。
電気に頼る生活をしている日本人は大打撃を受けることが安易に想像可能です。
かねてから、気候変動対策や燃料価格高騰の観点で発電方法の改善の必要性が問われています。
この機会に、発電方法の大幅な改善をお願いします。",2024-09-26,2024-09-10,2024-09-23
525,063,60代,"再生可能エネルギーをベースロード電源にして下さい。
原発は即時やめて下さい。こんなに地震が多い日本に原発は無理です。福島の廃炉がこれ程までうまくいかないのにありえません。どんどん出てくる核廃棄物はどうするんですか？日本だけでなく、世界中に迷惑をかけます。
世界から日本はグリーンウォッシュと言われ、恥ずかしい限りです。
今すぐ様々な対策ができるのにしないのは、賄賂をもらっているからですか？水素やe-メタンが今できている対策みたいにアピールするのはやめて下さい。今できる地球温暖化対策は、自然エネルギーを推進する事です。",2024-09-26,2024-09-10,2024-09-23
526,063,50代,"原発の再稼働、運転延長、新増設に反対です。原発のような環境破壊型のエネルギーを脱炭素エネルギーと位置付けて延命させるような政策を止めて下さい。また気候危機対策と称して CCSやCCUSなど実現の目途もたっていない新技術に頼って再生可能エネルギー推進を遅らせることをやめ、少しでも早い時期に再生可能エネルギーによってパリ協定の目標を達成できるよう野心的な目標をかかげた上で実効性のある気候対策を取ってください。
原発はわが国においてすでに取り返しのつかない大事故を起こし、賠償費用や安全対策など莫大なコストがかかっています。誘致等にかかる不透明な費用も莫大なものと思われます。核燃サイクルや廃棄物処理の目途もつかず、経済的にも自立していない衰退産業を特別扱いするのはナンセンスですし、再エネ推進の妨げにもなるのですぐにやめてください。
またエネルギー基本計画のような国民全体の将来に関わる問題を扱う審議会に脱原発や脱炭素に消極的なスタンスの委員ばかり集められているのは偏りがあります。一般市民や若者世代の意見を反映する委員構成に変え、市民参加できる仕組みづくりを求めます。",2024-09-26,2024-09-10,2024-09-23
527,064,40代,"エネ基及び原子力委員会で原子力推進する意見を言う委員でも、人物金という経営資源及びクリティカルパス的なスケジュール感について
腰が定まらない現実感ゼロの議論をしているのが不思議だった。
理由として思い当たったのが原子力ムラ元村長（山本太郎議員発言で聞いた）＝田中俊一元原子力規制委員会のインタビュー（雑誌’選択’2019年11月号「日本の原発はこのまま「消 滅」へ」）。
審議員委員へ一部（著作権の関係考慮）一部を抜粋紹介する。
・この国の原発はフェードアウトする道を歩んでいると眺めている。
・日本の原子力政策は嘘だらけでここまでやってきた。結果論も含め本当に嘘が多い。
・いままで「数千年のエネルギー資源が確保できる」という嘘を言い続けてきた。日本の原発はそうした嘘で世論を誤魔化しながらやるという風土があった。
・今のままでは原子力利用を支える人材がいなくなるが、これまでの嘘を認めたくないため、問題をうやむやにしたままで何も変わらないかもしれない。そうしたもろもろのことを考えると、残念ながら日本の原発は一回なくなるんじゃないかとみている。
（規制委員長当時は好きな人ではなかったが、公職を離れて率直に発言している？）
⇒人員補充・物資の供給も無く全滅という自然消滅を待つ黄昏原子力ムラを見ていると
第二次大戦独ソ戦のスターリングラードで赤軍に包囲された独第6軍と瓜二つ（大木毅著「独ソ戦」P162）。
スターリングラードではベルリンにいるチョビ髭生やした美大落第野郎が撤退を許さなかったが、原子力ムラの撤退を許さないのはだぁれ？
'電力が必要ですか？原発の電力が必要ですか？’と問いたい。 (1)サッカーW杯アジア最終予選が今月から始まったが、特に原子力小委員会での原子力ムラからの発言を見ていると
1998年フランス大会に向けた日本代表監督騒ぎを思い出す。
当時のJFA会長が’（解任前の）加茂監督に掛けるしかない’と開き直った際に '日本がW杯に行くのが大事か？加茂監督でW杯行くのが大事か？’とジャーナリストが問う
ていた。
需要家としての優先順位は何か考えたらどうか？(自分は安定供給・過酷事故可能性低減・環境影響低減の順)
原発源泉の電力であるかどうかなど、最下位の優先度どころか検討の対象ですらない。 (2)同時期に自分の尊敬するスポーツジャーナリストが日本サッカーを強くするには、サポーター個人に好奇心・情熱・機動力が必要と力説していた。
限界原子力ムラに好奇心・情熱・機動力を持った人物はいるか？そもそも自らが原子力に感動したり未来を本気で信じているのか？
感動したり未来を自ら信じていない輩が発する言葉（審議会委員会での原稿棒読み）に動かされることは決して有り得ない。
次世代だ革新だと夢物語を語る前に、米国で’革新’型原子炉を開発する会社が詐欺で訴えられた訴訟の進展を説明するのが先。 (0)こうした公知既知の不都合な真実を隠すから、唯我独尊原子力ムラの言うことが信頼されないのだ。
不都合な真実は選良たる国会議員から質問主意書で聞くしか明らかに出来ないのだろうか。
(1)FACTA2024年1月号’次世代原発で赤っ恥「中部電力」’に準拠する(8/30ヒアリング登場した電事連会長には是非この件語っていただきたかった)
革新的次世代原子炉を開発する「筈」だった米国ニュースケール社が大失敗の上（2010年初めてペイオフ対象になった日本振興銀行を思わせる）
投資家から詐欺で訴訟提起されたそう。貴省庁から在米日本大使館・JETRO・公費留学している職員はこの情報追跡していないのか？
レベル的に2001年エンロン事件／2008年マドフ事件並みにFBIが捜査開始していてもおかしくない事案（原発をネタにした詐欺という意味では’革新的’）。
(2)金融機関としては、原子力案件への融資は「貸すも親切貸さぬも親切」
ヒアリング対象者に銀行・証券の人間を読んで、こんな案件に投融資出来るか？投融資行ったらどんな刑事（背任）民事（株主代表訴訟）裁判を覚悟する必要あるか聞いたらどうか？
バブル崩壊後の不良債権処理から20年以上経過したせいか、怪しげな投資案件を目利きできるか金融機関の能力が心配になる。
自分の金融商品購入先会社がこんな案件に投資したら、フィーデシャリーデューティー果たしていないと金融庁に上申通報するつもりだ。 (3)ちなみに同社の株価は2022/6/10上場後最高値でもたったの1株15ドル、現在は9ドル程度とお買い得。
そんなに革新だ次世代だと推しつつも、閑古鳥すらいない原子力ムラ村民は、信用全力2階建購入し将来の備えにしているのだろうか？
寧ろエンロンで一躍名を挙げたジム・チャノス氏位に空売仕掛ける位の柔軟思考無いと、原発過酷事故に対応できないと思う。
項番0の村長さん発言ではないが、原発維持目当てで後付けの理由をくっ付けるのは見苦しい。 (1)何年か前は仮想通貨のマイニングで、今はAI半導体データセンターで電力需要が伸びると
「理屈と塗り薬は後から付けられる」（田中角栄秘書にして政治評論家：早坂茂三氏の言葉）を目の当たりにしている。 (2)AI半導体データセンターで電力需要が伸びると推定される時期に、新増設原発稼働は無理ゲー（今年稼働したフラマンビル原発は2007年から17年掛かっている）。
既設再稼働原発も使用済み核燃料プールが満杯になっている時期だろうにどうするの？ (3)項番2の公知既知情報もそうだが、簡単に一般納税者有権者が分かることを見ないふりして議論するのは止めてほしい。
見透かされているのに気付かず審議しているから益々信頼を失う。
原発の安全性実際に過酷事故起こして想定した機能が作動するか確認出来ないなら、動かさないでほしい。 (1)設計仕様通りの機能が働くか、実稼働運用試験で確認するのが工学エンジニアリングの基本、イロハのイ。 (2)安全だ安心だ言うなら、実際にメルトダウン実験をしてコアキャッチャーなどで放射能を閉じ込められるか確認が必要。
しかし、革新だか次世代だかの原子炉でもそういった実働試験を行う予定の記述や情報 は、確認できない。 (3)能登半島地震で明らかになった海岸隆起に伴う冷却用海水取水地が想定海抜より低くなる場合の対処法を実稼働運用試験した
などこの8か月聞いたことが無い。
*2002年のみずほ銀行システムトラブル前に、東電は電気料金振替実データを提供して、口座振替処理の動作担保を求めた。
何故原発で自らがみずほに求めたのと同レベル試験をしなかったのか不思議だが、ユーザ側としては妥当な要求と言える。
口座振替トラブル発生後に東電社長：南直哉が言い放った「何らかの経営責任を取るのは当然」とし、東電が被った損失については、「みずほ銀に請求する」との発言。
これを受けての日経コンピュータ記事が秀逸。みずほ銀担当者が
「開き直るようだが、銀行のシステム障害で人は死なない。原発で何かトラブルがあったら、賠償どころではない」
と言い放ったオチが以下出典にあった↓ので参考まで。 https://xtech.nikkei.com/it/article/COLUMN/20070511/270738/",2024-10-08,2024-09-24,2024-10-03
528,064,30代,"気候変動は世代間の格差における、重要な人権侵害に関わると考えています。再生可能エネルギーが中心となることで、回避できる問題だと考えます。
電力の需要と供給のバランスについて、大手の電力会社に負担をしいているのであれば、むしろ市民の自己責任論の中で、市民自身が電力確保できるように再エネ導入の推進を強めていくべきだと考えます。
電力自由化の果てに、大手電力会社が安定した電源を求めて（あるいは求めさせられて）、火力発電や原子力発電を中心に選択せざるを得ない状況を生んでいるのであれば、官公庁の施策立案に責任追及があることは免れません。
分散型の自立した社会の構築を目指せば、どこかの地域に依存した発電手段に偏ることにはなりません。特に出力制御方式による再エネの弾圧や、容量市場制度による新電力の事業継続の困難さは、今後の気候訴訟の対象に十分なリえると考えます。
環境問題では自国の利益追求第一ではなく、全世界の次世代への投資として、非化石燃料による発電をやめ、原子力発電所の廃炉を解決し、先送りにしない再エネを中心としたエネルギー政策がのぞまれていると考えます。",2024-10-08,2024-09-24,2024-10-03
529,064,60代,地震大国の日本に、原発は危な過ぎます！原発に頼らず、再エネを3倍にすることで、気候危機対策を進めてください！,2024-10-08,2024-09-24,2024-10-03
530,064,60代,"再生可能エネルギーの目標を大きく引き上げてください。地震国日本は、第6次計画の中にあった「原発依存度の可能な限りの低減」の方針を貫くべきです。
経済性を優先してコストの安い再生可能エネルギーの電力を優先して供給できるようにしてください。電力が余るのであれば、蓄電池やEV車の活用や揚水発電など再生可能エネルギーを有効に使える方法への投資が進むようにしてください。",2024-10-08,2024-09-24,2024-10-03
531,064,60代,"①安全神話」に陥って悲惨な事態を防ぐことができなかったという反省を一時たるとも忘れることなく安全最優先という考え方を肝に銘じ、次期エネルギー基本計画の中でも基本姿勢は維持継続して下
さい。
②今後、2050年カーボンニュートラルや2030年度の新たな削減目標の中にあっても、原子力については、再生エネルギーの拡大を図る中で、原発依存度を低減し、さらに脱却することの施策をすすめて下さい。",2024-10-08,2024-09-24,2024-10-03
532,064,,"①長期運転の原発再稼働や再稼働加速タスクフォース立ち上げが、安全最優先なのか、如何なる事情よりも安全性を全てに優先させるという基本姿勢と行動は矛盾してしませんか？
②例え、原子力を安全に安定稼働できたとしても、使用済核燃料の対応は、現在の技術的や科学では処理できず、見切り発車した使用済み核燃料課題をこれ以上将来世代に負の遺産として先送りしないでください。
③やむを得ず原子力発電所を稼働しなければならいと判断される場合、立地自治体関係者はもとより、国民に対
して、正確で正直で公正な情報を適時に公開し、理解と納得と合意を得てからの稼働をすすめて下さい。
④原子力に関する研究開発に人材や英知をつぎ込むよりも原発の依存度を低減させるための再生エネルギーの構築に対しての人材・英知の投下を進めて下さい。",2024-10-08,2024-09-24,2024-10-03
533,064,40代,"人と原発は共存できない。
福島で廃墟となった町を二度と作ってはいけないんです。ふるさとを簡単に捨てれる人はいません。そこにあった人々の暮らし、笑顔、文化を守らせてください。福島がたまたまではないんです。日本全国で起こりうる可能性があります。
原子力に頼るのではなく、再生可能エネルギーに舵を切って、国民みんなで取り組みましょ う！気候危機について当たり前に話し、行動できる日本でありたい。日本、世界、大きな規模での前進を！",2024-10-08,2024-09-24,2024-10-03
534,064,60代,"①福島原発事故規模以上の事故が起きれば、放射性物質が琵琶湖に降り注ぎ、土地や水が汚染され、米や牛肉などの食料、工業生産にも影響し、敷いては琵琶湖の水を利用する近畿１４５
０万人の市民のくらしへの影響につながり、経済への影響も避けられません。
②原発の安全な再稼働において、想定外のテロ攻撃や想定外の自然災害（地震・津波）により原発施設は破壊されない、本当に安全だと言い切れるでしょうか？人間がコントロールすることができない限り想定外の事象全てに備えた準備は不可能で無理があると思います。
③南海トラフや東南海地震が発生による広範囲な被害の上に、原発事故が重なった場合、誰もが経験したことのない、地震と原発事故への対応や避難などは避難計画通りにいきませんし無理です。
以上のようなリスクを回避するための根本的な原子力に頼る施策の見直しを検討してください。",2024-10-08,2024-09-24,2024-10-03
535,064,50代,原子力発電は、持続可能な発電方法でしょうか。私にはそうは思えません。危険でゴミもたまる一方である原発を進めるより、再生可能エネルギーの導入に資源を注ぐべきと思います。早く。,2024-10-08,2024-09-24,2024-10-03
536,064,60代,昨年、東京原発事故跡を視察しました。多大な核のごみにびっくりしました。また、アルプス処理水の海洋放水にも疑問を持ちます。「安全神話」に陥って悲惨な事態を防ぐことのできなかったという反省を一時たるとも忘れることなく安全最優先という考え方を肝に銘じ、次期エネルギー基本計画の中でも基本姿勢は、維持継続して下さい。原発依存度を低減し、さらに脱却することの施策を進めて下さい。,2024-10-08,2024-09-24,2024-10-03
537,064,40代,"・今年はじめの能登半島地震で志賀原発は3メートルの津波に襲われました。地震大国の日本で原発は大きなリスクがあります。福島原発の教訓が生かされていません。維持にもお金がかかる原発ではなく太陽光発電を中心とした再生可能エネルギーに方向転換していくべきです。私は持続可能で環境にも人にも優しい再生可能エネルギーを購入していきたいです。
・安全が確立されていない原発稼働のためではなく、原発依存を低減させる再生可能エネルギー構築のためにお金を注ぎ込んでください。
・使用済核燃料や放射性廃棄物の処理や処分方法が未解決のまま、原子力発電の稼働を続ける事はあまりにも無謀です。現在の技術では処理できません。将来世代の負の遺産にしかならない原子力発電はやめてください。
・地球温暖化が進む中で人類はこれ以上CO2を排出をすべきでないと思います。先進国も途上国もネットゼロを目指さなければいけません。原子力でも火力でもなく再エネ100%のエネルギー政策に転換してください。
・太陽光発電の発電コストは安くなっています。電力供給需要が上回った時に太陽光発電の電力を捨てるのではなく、ベースロード電源を太陽光発電に変更して、優先的に供給できる仕組みにしてください。
・貿易赤字の原因である化石燃料の輸入をやめ、日本各地で災害に強い地域分散型発電所の設置、再生可能エネルギーを普及させ、エネルギーの自給率を高めていくように政策転換してください。",2024-10-08,2024-09-24,2024-10-03
538,064,60代,"1.5℃の約束を守るために、二酸化炭素地下貯溜やアンモニア混焼などの新技術のイノベー
ション頼みでは間に合いません。また原発依存を増やす方針への転換は次世代に負の遺産を押しつけることになります。今ある技術をフル活用して再生可能エネルギー100%社会を目指す計画を策定してください。
二酸化炭素削減目標は、科学が示す1.5℃目標と整合する水準に引き上げてください。",2024-10-08,2024-09-24,2024-10-03
539,064,40代,"火力発電、原子力発電はこれまでの日本の産業拡大には重要だったと思いますが、福島原発の事故もあり、原発の安全神話はなくなってしまったと考えています。
今の大人が生活している間は大きな問題は無いかもしれませんが、このまま日本の火力発電、原子力発電の依存が続けば子どもや孫に負の遺産を残すことになり、また再エネ電源の拡大を妨げることになると考えています。
国は再生可能エネルギーを作る、使う企業や団体、市民への補助金や施策を拡充させて頂きたいです。
またベースロード電源の考え方についても原発優先ではなく、再生可能エネルギーを使うことを最優先とし、不安定な再エネの有効活用の為の大型蓄電池の拡大を進めて頂きたいです。",2024-10-08,2024-09-24,2024-10-03
540,064,60代,"二酸化炭素の地中貯留は地震がとても不安なので止めてほしい。 2000年に新潟県長岡で10400tの二酸化炭素圧入、2004年中越地震。死者68人。
その後苫小牧での大規模実証実験の後、2018年北海道胆振東部地震。死者43人。地中に二酸化炭素を圧入した事との関係に不安を感じます。",2024-10-08,2024-09-24,2024-10-03
541,064,20代,委員会構成が偏っていることに不信感を抱いています。実際に、原発推進派であったり、化石燃料よりの方たちなど、世界で再エネ3倍を目指し、日本もそれに同意という形に至ったのに現在のエネ基改訂では、クリーンなエネルギーを増やしていく方向性とは見て取りがたいで す。また、未来を担う若者の声が反映されていない。むしろ、前回からの批判でもありますがパブコメ開始が遅く、国民・市民の意見が取り入れられていないようにしか感じません。,2024-10-08,2024-09-24,2024-10-03
542,064,50代,原発事故は広範囲に長い期間影響することが福島の事故でよくわかりました。 これからも推進するのであれば立地自治体だけでなく国民でも広く議論して意見を交換できる場がほしいです。 専門家がしっかり議論したからそれに従えではリスクを背負わされる側としては納得できません。きちんと話題にして広く意見を集められるようにしてください。,2024-10-08,2024-09-24,2024-10-03
543,064,60代,"自然、再生エネルギーに変えてください。
お金が掛かる、経費、警備、ゼネコンが、儲けるだけの原発はさっさと辞めるべき！論理が破綻している。
誰も責任取らない!無責任な原発推進を直ちに辞めろ。核のゴミはどうする!",2024-10-08,2024-09-24,2024-10-03
544,064,50代,"世界で唯一の被爆国で世界で唯二？の原発事故国である日本なのに、2011年3月11日の悲劇的な映像をTVで見た僕らなのに、なぜ原発を再稼働出来るんだろう・・・。
まったく理解できません。
政治も産業界もこうしたことで何万年先も廃棄処分できない原発を未来の子供たちに残すことに何も感じていないのかと悲しくなります。
昨今の再エネへの批判はメガソーラーなどの乱開発への批判が専らですが、これも何か国からの誘導の様にしか思えません・・・。
繰り返しますが、ここ日本こそが世界の先頭を切って原発を廃し、再エネ＋系統用蓄電所を分散して拡充していくことこそが日本の使命だと考えています。",2024-10-08,2024-09-24,2024-10-03
545,064,,"エネルギー基本計画見直しに対する意見
私たち生活協同組合パルシステム埼玉は「心豊かなくらしと共生の社会を創ります」を基本理念として埼玉県で活動している生活協同組合です。東京電力福島第一原子力発電所の事故を受け、2012年に「エネルギー政策」を制定、2023年3月には「環境・エネルギー政策」を策定し、2030年までの温室効果ガス削減の具体的な目標値を掲げ、持続可能な社会の実現を目指して活動しています。これまでも事業活動や組合員家庭における省エネルギーの推進、脱原子力発電運動、地域と協同した再生可能エネルギー普及活動に取り組んでまいりました。再生可能エネルギーを中心とする電力供給事業においては2021年から2022年にかけて電力市場価格の急激な値上がりにより経営難に陥り、また、多くの新電力事業者も倒産や事業停止に追い込まれました。そのような中でも、多くの組合員の協力を得ながら、「FIT電気（再生可能エネル
ギー）+再生可能エネルギー」比率を2023年度実績で70.5％とし、再生可能エネルギーの推進を続けています。
第7次エネルギー基本計画が、原子力にも化石燃料にも依存しない、脱炭素社会のあるべき姿を描いたものとなるよう、以下意見を申し述べます。
１．次世代、一次産業従事者を含む多様な立場の国民が論議に参加できる仕組みを要望しま す。また、消費行動やライフスタイルの選択を通じ脱炭素社会の実現に主体的に参画できるような情報提供を求めます。
気候変動問題は、国民の命やくらしに関わる重要な課題です。エネルギー基本計画の見直しにあたり、プロセスやスケジュールを広く周知し、多様な立場の国民が参加できる機会を設け、その声を計画に反映してください。とりわけ、総合資源エネルギー調査会などのエネルギー政策の決定プロセスに、気候危機の悪影響を大きく受ける第一次産業の関係者、気候災害や原発事故の当事者、将来世代などの参加を強く求めます。また、環境省の「デコ活」（脱炭素につながる新しい豊かな暮らしを創る国民運動）などの発信力強化、国民一人ひとりが自身の消費やライフスタイルを持続可能なものにするために、各省庁と連携した啓発強化を求めます。
２．エネルギー需要量の大幅縮小を可能とする社会の構築を目指し、省エネルギー施策を強化してください。
脱炭素社会の実現のためには、エネルギー需要量を縮小させることが重要です。2023年に開催された「第28回気候変動枠組条約締約国会議（COP28）」で採択された決定文書では、省エネ改善率を2030年までに世界全体で2倍にするという目標が掲げられました。生活・産業全般におけるエネルギー需要量を最小限に抑え得る社会の構築を促し、さらに省エネルギー施策を尽くしてください。その上で、必要量をいかにまかなうかを検討してください。 技術革新による省エネルギー施策に大いに期待します。
３．原子力発電ゼロへの早期移行と工程の具体化を求めます。
東京電力福島第一原子力発電所の事故から 13 年が経過してもなお、多くの方々が避難を余儀なくされ、損害賠償、除染・中間貯蔵施設事業、廃炉・処理水対策、膨らみ続けるこれらに要する費用、風評被害対策など、課題は依然として山積したままです。第６次エネルギー基本計画においては「可能な限り原発依存度を低減する」と位置付けられているなか、2023年にＧＸ推進法のもと原発の最大限活用への方針大転換が行われました。そして2024年４月、世界最大の原子力発電所である東京電力柏崎刈羽原発において地元住民の同意がないまま燃料装填が開始されました。いまだ使用済み核燃料の最終処分問題が未解決であり、さらに能登半島地震により国民全体の不安が増大していることを踏まえれば、柏崎刈羽の再稼働を前提とした推進計画をすすめるべきではありません。また、原子力発電所の新規増設費用を国民に負担させることはあってはならないことです。
４．2050 年再生可能エネルギー100％に向け、2030 年の導入目標を国際的水準である 50％以上としてください。
日本のエネルギー選択において踏まえるべき「安全性」「環境（脱炭素化）」「安定供給（自給率）」を同時に満たす電源は再生可能エネルギーです。近年の化石燃料の価格高騰は、エネルギーを輸入に頼ることの危うさを明らかにしました。わが国の再生可能エネルギーの割合は 21.7％と諸外国と比較しても低い水準で、地熱・水力などの資源が豊富に潜在するなか十分に活用が進んでいません。エネルギー供給の内製化を推進し、自立・分散型エネルギーシステムを構築することで、非常時の電源確保、エネルギーの効率的な活用、地域経済の活性化・雇用の創出につながります。環境や社会の長期的な持続可能性を考慮すれば、2050 年には 100％を目指すべきです。「第28回気候変動枠組条約締約国会議（COP28）」で採択された決定文書では、再生可能エネルギーを2030年までに発電容量を世界全体で3倍にするという目標が掲げられました。IPCC 1.5℃特別報告書の想定水準である、2030 年時点で 50％以上の再生可能エネルギー導入を目指し、蓄電池の早期開発をはじめあらゆる政策を総動員し強力に進めることを要望します。
５．石炭火力は 2030 年までの段階的廃止を求めます。
石炭火力発電における温室効果ガス排出量は非常に高く、電源構成比も30％を超える水準で気候変動問題に大きく影響します。2024年４月の先進7カ国（G7）気候・エネルギー・環境相会合では「2035年までに石炭火力発電の段階的廃止」が合意されました。日本は水素・アンモニア混焼やCCS（炭素回収貯留）の技術が排出削減対策に該当するとしていますが、有効性、経済性、環境影響などに懸念のある不確実な技術であり、石炭火力の温存に繋がる懸念があります。石炭をはじめとした化石燃料からのダイベストメント（投資撤退）も含め、脱石炭火力への世界の潮流の中で、限られた政策資源を終息に向かう技術分野に投入することはやめるべきです。
以上",2024-10-08,2024-09-24,2024-10-03
546,064,,"・事故を起こすと日本のみならず多くの国にも影響を与える原子力発電は反対です。
・再エネに技術とお金をかけてほしいです。
・小規模の再エネは可能ではないのか。
・新しく建てる建築物は省エネ規格を実施。個人宅への補助を大きく。
・今年の暑さは今まで経験したことのない日々が続きましたが、電力不足という声は聞こえてきませんでした。十分足りているのでは。原発は不要だと思いました。",2024-10-08,2024-09-24,2024-10-03
547,064,,"・ベースロード電源を再生可能エネルギーの電力を優先して下さい。
・再生可能エネルギーの普及を最優先にして下さい。
・安全を最優先に！という考えを第1番目にして、エネルギー基本計画を策定して下さい。",2024-10-08,2024-09-24,2024-10-03
548,064,60代,"１．原子力発電所の再稼働が叫ばれて久しいが、建設中の発電所の早期工事完了についても遅滞なく取り組んでいただきたい。
２．北海道・東北と関東間の送電網強化は、引き続き強力に推し進めていただきたい。それを補足するものとして、九州北部または山口県と韓国との間に送電網を構築してはどうか。エネルギー安全保障上大きな意味を持つと考える。具体的には、南陽市と大分市にある石油化学コンビナートと韓国南部の石油化学コンビナートとを利用するのが、距離的にもよいのではなかろうか。
３．二酸化炭素だけでなくメタンの大気放出軽減についても真剣に取り組んでいただきたい。メタン発生源としては農業・牧畜業があるが、産業に比べて注目度が低いように見受けられ る。また、植林によりメタンを吸収するという最近の研究結果も踏まえて、より総合的な取り組みが必須だと考える。
４．川崎扇島の脱炭素事業は、川崎地区の2大石油化学コンビナートの再編も視野に入れて効率的に推進していただきたい。",2024-10-08,2024-09-24,2024-10-03
549,064,40代,火力発電所、原子力発電力の稼働に反対です。 Co2を多く排出する化石燃料、危険と隣り合わせの原子力、これらを延命するための知恵と力とお金を再生可能エネルギーへと注いでください。気候変動は待ってくれません。この地球に住むすべての生き物の安全と命に関わる問題です。記録的な猛暑、台風、豪雨と、未曾有な災害が頻繁に起こる中、原因となる気候変動による気候の危機の問題解決には、安全な方法を選択する事と森林を守りながらCo2を排出しないエネルギーの見直しが最重要課題です。今回のエネルギーの見直しで大きく未来が左右されます。今ある危機と向き合い、子ども達の豊かな未来を守るには、これまでのエネルギーのあり方を続けることではなく再生可能エネルギーへ大きく前進すべきではないでしょうか。例えば全ての建物の屋根、全ての車やバスにソーラーパネルをつける未来は不自由ではありません。私たち市民は共に考えたいのです。この大切な話し合いに参加することができないことにも疑問があります。多くの市民の声が届かず関心がないと思われているのかもしれませんが、関心がないのではなく知られていないので一部の人しか事実を把握しておらず声をあげられないのです。このシステム全体を見直す必要があります。エネルギー基本計画は、一部の人の一部の未来の話ではなくすべての人の未来の話です。エネルギー基本計画に市民の参加を、そして原発と化石燃料に頼らない再生可能エネルギー 100%のエネルギーへの切り替えを今すぐ検討ください。最後まで目を通していただきありがとうございます。,2024-10-08,2024-09-24,2024-10-03
550,064,70代,"能登半島地震の教訓もそうですが、中越沖地震で被災した新潟刈羽柏崎原発で分かったことですが、原子炉自体は堅牢に作られていたとしても、配管が破損する・地震により配管が外れる
（刈羽柏崎原発では50センチもズレた）など、配管が壊れて原発が制御不能になる危険性が高いです。配管は数個ではないのです。 何千個もついているのです。
日本は地震大国です。
未来のことを考えたら原発を止めて自然エネルギーにシフトすべきです。さもないと、もう一回大きな原発事故が起きたら日本は壊滅します。
再エネにシフトすれば、そして地産地消に心がければ膨大な新しい雇用が生まれ日本全体が生き生きしてきます。
政府がその気になれば、10年もすればエネルギー転換は大きく進みます。
国内でエネルギーを生産できれば、石油・石炭など三百兆円も無駄に海外に支払う必要がなくなり、雇用も増えます。
原発ゼロ、自然エネルギー推進を提唱します。",2024-10-08,2024-09-24,2024-10-03
551,064,,"東京工業大学 科学技術創成研究院 グリーン・トランスフォーメーション・イニシアティブ (Tokyo Tech GXI)では，グリーン・トランスフォーメーションによるカーボンニュートラル達成を目指すにあたり，展開指針としてGXI VISION 2050を作成しました.「第７次エネルギー基本計画」の議論に参考にしていただければ幸いです。
https://science-tokyo.app.box.com/file/1648904533399?s=c7ke81vqbz2oww5hunr9w4uaeu8cou93
＝＝＝＝＝＝＝＝＝＝＝＝＝＝＝＝＝
【ポジションペーパー】 GXI VISION 2050
社会的慣性を見越したアフォーダブルな移行でカーボンニュートラルを達成
東京工業大学 科学技術創成研究院 グリーン・トランスフォーメーション・イニシアティブ (Tokyo Tech GXI)(文部科学省事業)は，2050年を見据えて「社会的慣性*を見越したアフォーダブル**な移行でカーボンニュートラルを達成」を主張点とする「GXI VISION 2050」を表明する．
現状整理
カーボンニュートラルの達成には輸入化石燃料を必要最小限まで絞ることが不可避である．二酸化炭素回収利用貯留（CCUS）等を導入するにしても，産業や運輸の電力化率の向上とその電源の再生可能エネルギー（再エネ）や原子力等による一次エネルギーの非化石化が必要であ る．非化石化は変動性の再エネ（VRE）が主役であり，電力の需給バランスのための柔軟な調整力確保と，VREの大量導入に伴う余剰分を受け入れ可能な大規模なエネルギーストレージの導入促進が求められる．
2050年に向けた展望と基本政策
カーボンニュートラル実現は多様な対策があり得る．日本は，原子力に対する社会的合意だけでなく，大陸国と比較しても再エネ，CCUSなどについてもコストや量的ポテンシャルの面で国際的に優位とは言い難い面があるが，保有技術を組み合わせることでコスト上昇を可能な限り抑制した対策が実現し得ると期待される．
以下が重要となると展望される．
①適正な水準でのVRE導入と，原子力やCCUSを含めた適正なエネルギーミックスの実現
②海外のコスト競争力を持つ資源再エネ等の活用による，水素，アンモニア，合成燃料（e-fuels）の活用
③系統増強の必要性を抑制する国内における電力需要の適正な配置
④国内再エネの更なる活用のため蓄電に加え，揚水，蓄熱などより広範な電力需給対策
新たな課題として注目すべき論点
①産業構造や人口動態の変化はあるものの，DXの推進は予想を超える電力需要増となっており，需要に合わせて給電指令可能な電源の長期的な確保が重要である．
②短期間でのカーボンニュートラル（CN）達成・GXの実現にはVREの主力化に加えて非化石で大容量の同期化力を提供可能な電源として，水力発電や既設原発などの既存アセットの最大活用と，ΔkWとkWhの双方を確保できる電源も維持・更新が重要である．
③一方，確保すべき容量に対して設備利用率が低く，投資回収の観点から思惑通り導入や更新が進まない可能性がある．
④Hard-to-abate sectorsの残余排出の課題解決だけでなく，必要な炭素源を確保した炭素循環型の産業に移行すべきである．
GX実現に向けて強化すべき技術
Tokyo Tech GXIのGXI VISION 2050では，GXの実現によるCNの達成には，次の3つの技術が重要であると主張する．
①十分なゼロカーボンエネルギーの確保
一次エネルギーとして，アフォーダブルで十分なゼロカーボンエネルギーの確保のためには，再エネ主力化とともに原子力の利活用が重要であり，燃料からプラントシステムのサプライ チェーンの維持，ノウハウ継承と人材育成など，社会的慣性を考慮した施策が必要である．
②エネルギー貯蔵システムの合理的な大容量化と調整力の確保
再エネ主力化において，様々なエネルギー貯蔵技術を合理的に統合・最適化したシステム
（ESMOS）の重要性を主張する．ESMOSでは，蓄電や水電解水素を用いた燃料や化成品への変換のほか，相対的に安価な蓄熱技術の積極活用によって電力系統の調整力確保が可能となる．
③炭素循環によるGX強化
社会的慣性の大きなHard-to-abate産業は，炭素をエネルギーのみならず材料としても用いている．炭素の異業種間のバリューチェーンによる炭素循環型産業の確立がGX技術として重要であり，鉄鋼分野として炭素循環製鉄システム(iACRES) ，運輸部門におけるe-fuel炭素循環モビリティシステム(vACRES)などが挙げられる．
以上のGX技術を基に，産官学市民が連携し，社会的慣性を見越したアフォーダブルな移行でのカーボンニュートラルの達成を望む．
*社会的慣性（social inertia）：心理学や社会学において発祥した概念で，共同体などにおける社会の変化への抵抗や現状維持を意味する．ここでは，質量に比例する力学的な慣性とのアナロジーで，現代の共同体や組織における上記の概念に留まらず，長期利用を前提としたインフラ，巨額な生産設備，複合的で総体的に巨大なサプライチェーンなど，様々な要因で急激な変化が困難なことを総じて表しており，社会システム全般に概念を拡張して用いた．
**アフォーダブル（affordable）：手頃で十分受容可能な，の意味であり，主にモノやサービスに対する対価や経済的負担などの文脈で用いられている．ここでは，単純に安価や導入の ハードルの低さだけを追求しない姿勢のことを表し，経済面に限らず広義に用いた．",2024-10-08,2024-09-24,2024-10-03
552,064,60代,"日本のエネルギー政策の中で、再生エネルギー利用拡大への取り組みが弱いことに大きな不安と不満を持っています。
二酸化炭素排出量削減のために力を入れるべきなのは再生エネルギーであって、原子力発電ではありません。東日本大震災による原発事故で一度は崩れたはずの「安全神話」が復活していることに危惧を覚えます。
近年の日本では自然災害が頻発し、人的物的被害は過去の経験からは予測できないほど甚大です。「福島第一原発事故から学んで安全対策を講じたから、二度とあのような事故は起こらない」などと、どうして言えるでしょうか。
事故が起こった場合の住民避難の困難さは以前から指摘されていましたが、能登半島地震は、安全な避難や建物内への退避が実現不可能であることを証明しています。
原発依存を続けることは、「とりあえず、今だけなんとかなればいい」という極めて無責任な対応です。４０年を超えた原発を使い続けるのも信じがたい愚策です。運転休止期間にも金属の劣化は進んでいきます。新たな原発建設を受け入れる地域を見つけることが難しいために考え出した安易な逃げ道ですが、危険からは逃げられません。
原子力発電を続ける限り、たとえ事故が起こらなくても、使用済み核燃料や放射性廃棄物は増え続け、その処理や保管にも莫大な費用と時間がかかります。決して安い発電方法ではありません。
僅か３ｇのデブリ取り出しにも失敗し、廃炉までにどれだけの費用と時間がかかるか見通しが立ちません。作業員の被曝も続きます。
まだ選挙権を持たない年齢の国民やこれから生まれてくる未来の国民の肩にも、重たい負担を押し付けることになります。
福島や能登が発してくれている警告に真摯に耳を傾け、目先の経済ではなく長期的な安全を最優先することを求めます。",2024-10-08,2024-09-24,2024-10-03
553,064,20代,"○原子力発電について
・最終処分場の決定・整備開始や使用済み核燃料の利用サイクルの確立を待たない原子力発電の利活用促進に反対する。
・原子力発電のためのシステム維持のコストを電気料金に上乗せに反対する。
○メガソーラーをはじめとした太陽光発電について
・メガソーラーの設置促進に関しては、劣化や破損によって周辺の土地や地域住民の安全確 保、災害への対策が不十分なままに計画を進めている現状に疑問を感じる。災害への対策、定期的なメンテナンスが可能であり、かつ環境へのトレードオフ問題の発生しない範囲での利活用を求める。
・住宅に関する消費者の選択の自由保護のため、2025年から施行される東京都の戸建て住宅に対する太陽光発電パネル設置義務化を取りやめるべきと考える。更に、この義務化が他の自治体に広まらないようにして欲しい。補助金の存在を加味しても住宅そのものへの負担、個人の費用負担が大きく、メンテナンスが困難である。
○カーボンニュートラル政策について
・CO2の排出量のない交通手段の利用促進において、安全確保の徹底を求める。道路交通法改正による規制緩和を元に戻し、電動キックボードによる事故防止策を講ずることを求める。
・食品・日用品の包装について。日本の気候や人体への安全・商品の品質保持を鑑みつつ、商品分野別に方針を決めながら包装の簡素化を促進することを求める。また、その際は包装の簡素化によって消費者の安全が脅かされたり選択の自由が妨げられたりすることが無いような配慮(生鮮食品の産地が交ざらないような配慮、アレルゲンが混在しないような配慮)を求める。
○その他
・廃熱利用の促進に期待する。
・新たな再生可能エネルギーの発見や既存の発電方法において発電効率向上のための研究開発費の確保を求める。",2024-10-08,2024-09-24,2024-10-03
554,064,70代,"人の暮らしと産業にとって、エネルギーは大切です。そして、地球環境を守ることも大切です。
人新世の時代に生きる私たち。
成果を急ぎすぎて、地球環境を壊してはなりません。人の暮らしも産業も壊れてしまいます。石炭、石油による二酸化炭素の発生は極力避けなければなりません。石炭火力発電はやめてほしいです。
制御不能の原子力による発電は自滅への道です。早急に撤退を進めてください。自然エネルギーを中心に据えた計画をお願いいたします。",2024-10-08,2024-09-24,2024-10-03
555,064,50代,ひとたび事故が起きれば大きな影響を与え、使用済み核燃料や核廃棄物の発生、日常的に作業員の被ばくをともなうことを考えると原子力発電は極力なしくていってほしい。,2024-10-08,2024-09-24,2024-10-03
556,064,40代,再生可能エネルギー導入を推進するために補助金等の制度を整えてほしい！,2024-10-08,2024-09-24,2024-10-03
557,064,40代,"脱炭素について学んだところ再エネについてどれだけいいのかという事を知ることができました。
気候変動が脅かされる中で再エネの考えが本当にいい物だと思いますので再エネを増やして、ホンキの気候変動対策をお願いします。",2024-10-08,2024-09-24,2024-10-03
558,064,40代,I think creating a more open energy market will allow more options for renewable energy consumption by the people.Knowing and choosing your way to live is importance to understand our balance and impact on the world.,2024-10-08,2024-09-24,2024-10-03
559,064,40代,"原子力発電の割合をできるだけ削減し、地球環境にやさしい再生可能エネルギーの活用を増やす施策をとっていただきたい。
また、再生可能エネルギーによる発電、使用がより身近になるよう、手続きの簡素化・簡略化にももっと取り組んでほしい。",2024-10-08,2024-09-24,2024-10-03
560,064,50代,"再生可能エネルギーの普及についてですが、太陽光発電の促進のため、住宅やビルなどの屋 根、壁面にソーラーパネルの設置を義務化し、メガソーラー等の環境破壊や景観問題する施設の設置を規制する法令を施行していただきたい。既に中山間地域や耕作放棄地にメガソーラーが設置されていますが、環境破壊や景観問題となっています。
それであれば、補助金等を導入し、宅地やビルの屋根や側面に太陽光パネルを設置すれば、環境破壊や景観問題も解決でき、かなりの電力を賄えると思います。",2024-10-08,2024-09-24,2024-10-03
561,064,30代,再生エネルギ―可能エネルギーの普及に国として、よく議論してほしい。ただそれに、頼れるだけ作りました。そしたら、自然や景観が壊れました。ではCO2削減を目標としていても意味がないと感じました。あくまで計画的に建設、運用、廃棄をしながら、CO2削減を目指してほしいです。,2024-10-08,2024-09-24,2024-10-03
562,064,40代,"・再生エネルギー100％
・脱炭素化
・原発の稼働停止
政権によって国民の声が無視されるような事態は回避すべき。将来の地球が持続可能なものであるために、今の子どもたち、その子どもたちが生きる未来を考えたい。そして考えてほし い。",2024-10-08,2024-09-24,2024-10-03
563,064,,"原発ゼロ、炭素ゼロ、再エネ100%をホンキで取り組んでください。
私たち市民の近い将来の安全安心、新たないのちを育むための環境づくりに賛同します。",2024-10-08,2024-09-24,2024-10-03
564,064,40代,"気候変動の目標達成のためにも、原発依存の低減・再エネの導入は急務であるが、周知できていない現状がある。
一般消費者が正しく情報を受け取り、選択をできるようにしてほしい。",2024-10-08,2024-09-24,2024-10-03
565,064,40代,"自分たちの地球を守るために、再生エネルギーの比率を上げてほしいです。 100％を目指すようにしてほしいです。
老朽化が進む原発も、またあの被害を繰り返さないためにも使用を再度見直してほしいです。再生エネルギーを進めるための補助金についても同時に取り組んでいただきたいです。",2024-10-08,2024-09-24,2024-10-03
566,064,40代,気候変動に対しての対策をもっと広めていくことが重要だと思う。将来的にこどもの権利に関わるにかかわることについては重くとらえなければならない。具体的な方法は個人的に情報を収集しなければわからないのか。もっともっと情報を共有してほしい。,2024-10-08,2024-09-24,2024-10-03
567,064,40代,"・再エネ拡大のための取り組み
高齢化に伴い、農地を守るものがおらず、今後の農地運用が課題となっています。再エネ拡大のための取り組みとして、営農型のソーラーシェアリングを、個人運用または複数人での運用を行っていきたいと思っています。国や自治体からの助成や支援が今後増えるとありがたいです。",2024-10-08,2024-09-24,2024-10-03
568,064,40代,持続可能な地球のために再生可能エネルギーを増やす必要があると考えます。,2024-10-08,2024-09-24,2024-10-03
569,064,50代,"気候変動対策のために、再生可能エネルギー100%を目指す動きを、一層本格的に進めることを求めます。
一方で、脱炭素化を理由とした原子力発電の再稼働、新増設、リプレースには反対します。 安全で、自然環境に配慮した、生産者にも利用者にも公正なエネルギー生産によって、より豊かな社会に移行することを目指すことを求めます。",2024-10-08,2024-09-24,2024-10-03
570,064,40代,"G7でコミットした2035年までに発電部門の脱炭素化を前提として、2035年には再生可能エネルギー比率を最低でも6割以上を目指す計画とすべき。
その実現のために以下を実施すべき：
１．住宅用太陽光の義務化と支援
２．中小企業を含めた幅広い工場や施設への太陽光の導入支援（建築基準法等の見直し）
３．営農型太陽光の導入促進
４．洋上風力の海域計画策定に向けた自治体と連携した国の調整
５．社会全体に脱炭素化を浸透させるための最低6千円/t-CO2程度の炭素税等のカーボンプライシングの早期導入",2024-10-08,2024-09-24,2024-10-03
571,064,30代,"私は、東日本大震災が起きた年に福島を訪れ、原発事故の影響で故郷を失い、苦しむ人々と出会いました。当時、少しでも力になりたいという思いから、団体で福島や仙台の被災地のご家族を関西のキャンプ場に無料で招待し、ともに悲しみを分かち合い、心穏やかな時間を過ごしていただく企画を行いました。その活動は関西で3年間、仙台では1年間継続しました。それから早くも10年が経ちました。
現在、私は再生可能エネルギーについて学ぶ中で、多くの気づきを得ました。普段何気なく過ごしている日常の「便利さ」や自分の「無知」が、地球の破壊につながることがあるということ、そしてエネルギーの利用がそれに大きく関わっているということです。
持続可能な開発には、原発の使用は不要であり、再生可能エネルギーが不可欠だと考えています。悪い歴史を繰り返さないこと、次世代の未来を奪わないことを現代人が作っていきましょう。",2024-10-08,2024-09-24,2024-10-03
572,064,70代,石破氏が首相になって次世代原発開発が叫ばれなくなったことは良かったです。まずは原発再稼働を完了してからですよ。で、原発再稼働にしても、西日本はすでにリスクを取って12基も再稼働させています。それに引き換え、東京および東日本はまだタダの1基も再稼働できていない。政権が原発活用とおっしゃるならば､先ずは東日本の原発再稼働を完了させてほしい。西日本は十分に原発再稼働し再エネ発電も充実させたので、電気不足どころか余った太陽光発電をすてているほどです。東日本も関東地域の原発を速やかに再稼働し東日本の原発も再稼働すれば、次世代原発などに頼らなくとも電気供給力は十分ですよ。関東地域には東京から100 ｋｍの東海原発があります（送電ロス1％程度）から、先ずはここの再稼働を頑張ってください。次世代原発や革新炉も商用炉建設ではなく、まずは研究炉から着実に進めて税金の無駄使いにならないようにしてください。,2024-10-08,2024-09-24,2024-10-03
573,064,40代,持続可能で安定したエネルギー供給を確保するため、再生可能エネルギーの導入拡大と技術革新にさらに力を入れ、エネルギー効率の向上を目指す政策を強化していただきたいです。特 に、脱炭素社会に向けた取り組みを加速させ、国際競争力を維持しながら、国民生活や産業への影響を最小限に抑えるバランスの取れたエネルギー戦略を推進していただければと期待しています。,2024-10-08,2024-09-24,2024-10-03
574,064,40代,"①2035年までに、原子力を使わずに電源の脱炭素化を目指してほしいです。
【理由】
・COP28で合意された「化石燃料からの脱却」と「2030年までの再エネ設備容量3倍及びエネルギー効率改善率2倍」というグローバル目標に、先進国である日本として大きく貢献する必要があると思います。
・G7サミットで合意されている「2035年までに電源のほぼすべてを脱炭素化する」目標は、原子力に頼らず省エネと再エネで実現する必要があると思います。
②原子力について、再稼働、運転延長、新増設・リプレースや新型炉の開発をやめて、期限を定めて廃止してほしいです。
原子力規制や避難計画なども見直す必要があると思います。既存の原発も期限を定めて廃止が必要です。
現在、産業界や電力業界は、原発の新増設・リプレースを明確に書き込み、これまでの大方針である「原発依存度の低減」の削除を求めています。
③原子力と化石燃料から、省エネ・再エネを中心とした産業・社会構造への公正な移行が円滑に進むよう、クリーンな雇用の確保や地域への支援、人々のくらしのサポート、格差や不平等の是正に取り組む方針があれば、実現可能だと思います。",2024-10-08,2024-09-24,2024-10-03
575,064,40代,"今年の夏も本当に長く、暑い日々でした。
自分が子どもの頃は40℃なんて、インドぐらい…と思っていましたがいつの間にか日本も、もちろん全世界も様変わりしてしまっています。
原発にこだわって、一般市民にどれだけメリットがあるのでしょうか？再エネ・省エネに私たちの税金を使ってください。
未来の子どもたちへの責任をどの様に取るのか、本気で考える時が来ています。",2024-10-08,2024-09-24,2024-10-03
576,064,40代,"9/26エネ基ヒアリング対象者からの意見資料を拝見拝聴して
1.原子力推進派の若者団体について (0)資料と発言を参照した感想小括
ア.発想がオールドファッションというか昭和感アリアリ＝宮澤喜一とキッシンジャー出してくるあたりが懐かしかった。
イ.対策を怠って原発事故起こした電力会社がもう謝罪する必要無いと言ってくれるなど、慈悲に溢れたお言葉株主として痛み入る。
ウ.隣の部署の人間の痛みは一万年でも耐えられるという元警察官僚にして中曽根内閣安全保障室だった佐々淳行氏のお言葉を思い出す。 (1)原発推進的意見を述べるヒアリング対象者の見識不足について（社会経験が不足しているとはいえ目に余る）
ア．福島第一原発事故の影響を最小化するのは勝手（忌避してて悪うございましたネ）だが、以下の事例を知っているのか？これでも謝罪の必要無いかね？
・2022/7/13東電株主代表訴訟一審判決の東電旧経営陣に対して賠償命令額13兆3210億円
・水素爆発後の建屋様子をGoogleEarthにて確認試みる。
・電源が無いからとホームセンターにバッテリーを買いに行こうとする（結局買えない）。
↑何れも東電自身が公開しているTV会議動画に当該模様あり。
・事故前に如何に津波対策をせずに済ませるか専門家に根回しする。
元東電フェロー山下和彦の検察官面前調書より’「保安院の職員の意見はどうなる」という検察官の問いに、「専門家の委員さえ了解すれば職員は言わない」’と爆弾発言。
↑裁判記録でも閲覧できるから、法学部学生が所属する団体なら公的記録を照会したら如何？
・津波対策を打ち合わせる会議から原発所長が携帯電話掛かってきたと中座。その後も重要情報を部下と共有を試みない。
↑2024/8/19東電株主代表訴訟第五回口頭弁論の証人尋問より。本当に事故当時の原子力部門 No.2がこう証言。
イ．福島第一原発事故後の東電に関する体たらくに関する無見識
・柏崎刈羽原発重要エリアの入退室生体認証情報を書き換えて不正入室（北朝鮮の拉致事件発生した土地で何してくれてんだ？）。
・原発に勤務する東電社員が書類を通勤自家用車屋根に置いたまますっ飛ばし紛失する。流石、世界最高水準の原子力規制基準！！感動した！！！！",2024-10-08,2024-09-24,2024-10-03
578,064,50代,"2035年までに、原子力を使わずに電源の脱炭素化を
G7サミットで合意されている「2035年までに電源のほぼすべてを脱炭素化する」目標は、原子力に頼らず省エネと再エネで実現する必要があります。 COP28で合意された「化石燃料からの脱却」と「2030年までの再エネ設備容量3倍及びエネルギー効率改善率2倍」というグローバル目標に、先進国である日本として大きく貢献する必要があります。",2024-10-08,2024-09-24,2024-10-03
579,064,40代,"子ども達に負の遺産、核のゴミを残し続けるのは、今を生きている人間の無責任な行為です。エネルギーの使い方、他に作る方法があるのに、それを選択しないと言うのは愚かな行為だと思います。
今の自分だけのことではなく、これからを生きていく人たちのことを考え選択・行動していきましょう。",2024-10-08,2024-09-24,2024-10-03
580,064,,"①今回の脱炭素問題について、認識を改めていただきたいことがあります。
これまで日本の経済を支えてきた「お金の価値」は「自分の利便性のためにお金を必要する価値」（以降、価値1）です。一方で、今日の脱炭素問題の本質は、人権問題であり、「他者の命を奪わないためにお金を必要とする価値」（以降、価値2）が必要であることです。これ
は、これまでの経済を支えてきた価値とは異質です。
委員会はもちろん、これまで価値1に従ってしか動いてこなかった国民全体においても、少なくとも脱炭素問題の議論において、代表性の公平性が保たれるわけがありません。公平性を保つためには価値2の創出が必要です。
国民に負担をかけず、かつ国民自らの自主的な活動のみで脱炭素が解決するのであれば問題はありません。しかし、そうでないならば、2050年に脱炭素の環境を構築するまでは、政府は日本国憲法の基本的人権の尊重のもとで、国民に対して課税などの形で負担を強制する必要があります。
また、少なくとも政府は全国民に対して、『脱炭素問題は「救える命を救えない問題」でもなければ、「生きるために殺さなければならない問題」でもなく、「自らの利便性のために他者の命を絶ってしまう問題」である』ことを大々的に告知する必要があります。また、そのために家庭レベルでまずできることは「再エネへのパワーシフト」であることを告げてください。
②繰り返しになりますが、fip fitを含め、あらゆる側面において、バイオマス・バイオガス発電を再エネとして認めないでください。間伐材の燃焼については以前にこちらで述べたとおり、発電効率が悪いため、燃料に国産材を利用していたとしても、排熱利用なしで一般家庭に普及される場合、環境は悪化します。また、糞尿資源によるバイオガス発電に関して、その元となる牧草によるCO2固定は、既に土壌呼吸によるCO2排出で打ち消されている主張もありま す。その場合、糞尿資源の発酵によるバイオガスの燃焼は、単に火力発電よりも効率の悪い発電によるCO2排出ということになります。総じて、バイオ燃料によるco2固定量と発電設備におけるco2排出量とが正確に計算されているとは思えません。",2024-10-08,2024-09-24,2024-10-03
581,064,70代,新しい経産大臣は原発最大限活用とされてますが、石破首相とニュアンスが違うのではないでしょうか。原発再稼働は発電コストも安いし進めてほしいが、すでに西日本では12基再稼働させています。問題は1基も原発が動いていない関東・東日本なので、こちらのほうで極力進めてほしいです。このうち東京に一番近く、送電ロスも無いのは茨城県の東海原発なので、ここを最優先再稼働させてほしい。原発新設についてはコスト高で時間がかかり2050年以降にしか発電できないので、電源としては間に合いません。ましてや建設場所の合意も無く安全性確認などに時間がかかるので、まずは研究炉くらいからスタートさせるべきです。 再生可能エネルギーに適地が無いなどフェイクを流す人が居ますが、日本には耕作放棄地が30万ヘクタールもあり、農地法規制緩和してここに太陽光パネルを置くだけで、再エネ発電量は日本の総電気需要量の半分くらいをまかなうことができます。原発の日本でのポテンシャルはどれだけ頑 張っても2040年頃に日本の総電気需要量の15％程度しかないので、原発に過大な期待をすべきではありません。日本のエネルギーミクスは2040年時点で、再稼働原発15％、再エネ50％、Ｌ ＮＧガス火力35％が最適だと思います。,2024-10-08,2024-09-24,2024-10-03
582,064,70代,"CO2削減に本気で取り組んでください。
具体的な数値を上げて、具体的な取り組みを実践可能な行動を提起してください。再生可能エネルギー100%を目指してください。
原発は、福島第一原発事故の教訓を踏まえ、全て廃炉にしてください。
化石燃料でエネルギーを作ることは、CO2を削減するどころか、増やすことです。即刻辞めてください。新増設もやめてください。
地球の未来と未来に生きる子どもたちのために、宿題を後回しにしないでください。今を生きる大人の責任として。",2024-10-08,2024-09-24,2024-10-03
583,064,70代,原発だけはやめて欲しい。放射性廃棄物の処分が決まっていないのに後世にゴミを押しつけるのは偲びがたい。,2024-10-08,2024-09-24,2024-10-03
584,064,60代,温室効果ガスの影響について、今や誰も疑うべき事ではなく直ぐに行動に移す時です。日本として明確な将来像を描いて行動に着手して下さい。そのために第七次エネルギー基本計画の中に再生可能エネルギーの導入の加速と最大限活用するための施策の強化をお願いします。化石燃料に依存する日本にとって再生可能エネルギーに投資することは日本の経済発展にも繋がる事です。また、原子力発電は持続性のないエネルギー政策です。温室効果ガス同様に将来の子どもへの負の遺産は残さないことです。,2024-10-08,2024-09-24,2024-10-03
585,064,50代,"太陽光発電は廃棄物が問題だと言われますが、原発の廃棄物はその比ではないと思います。更に置き場所も決まっていないというのに何故推し進めようとするのでしょうか。また地震がどこで起こるかもわからず、3.11のようなことが再び起これば日本は住む場所さえなくなってしまう可能性があるのではないでしょうか。
日本人の叡智を集めれば新しい発電の方法も見つかるかも。そちらにお金を投入したほうが良いと思います。",2024-10-08,2024-09-24,2024-10-03
586,064,40代,"・計画の影響を長期に受ける、若い世代を含む多様な立場の専門家や環境団体、市民の声の確保
・COP２８で合意された「化石燃料からの脱却」と「2030年までの再エネ設備容量3倍およびエネルギー効率改善率2倍」というグローバル目標を達成、貢献できる計画
・廃棄物処理の方法が決まっていない原子力に関しては、再稼働・運転延長・新増設をやめる方針を盛り込む
・気候危機に関する適正で公正な情報を、国としてメディアと連携しながらしっかり報道すること",2024-10-08,2024-09-24,2024-10-03
587,065,40代,"0.原子力に関する貴省庁長期方針は、貴省庁所属トランスジェンダー職員への対応と同じ結末
（定年退職待って何もしない）を狙っているのだろうか？ (1)最高裁判決から1年ということで10/1議員会館で政府交渉レベルで申し入れが行われた模様を動画視聴した。
当該職員のお手洗い対応について苦慮されているだろうが定年退職を待って対応を長引かせているのではと感じられた。
これは2021/2/25原子力小委員会に出された意見書でも指摘された原子力の新規増設を意図的に諦め、老朽化させて脱原発を狙うと指摘されたものと同じでは？
当該意見を提出した委員の発言は好きではないが、これだけは納得できた。 (2)余談ながら、当該職員が発信したSNS内容に関して個人としてうーんこれは。。。と感じるところが多い。
いつもは貴省庁の原子力行政対応をキツク批判する自分も、嫌味ではなく常とは異なる司法対応／立法対応にあたる職員及び
日常的に接する職員の疲労には心配になる。何でもかんでも時と場所選ばず多様性言えばいいものとは考えない。
原子力ムラがProLGBTQを提唱しても若い人材は集まらないと思う。
1.9/12原発推進を謳った若者団体について (0)意見発表態度と資料記述に関して
・来週から活躍が期待されているサッカー日本代表選手特に初選出された選手に顕著な溌溂さ
＝自分がやってやる的な覇気が無い。
司令塔（代表監督に該当）も責任者（JFA会長に該当）も存在しない。
・原発推進を宣う若者出てきたと思ったら、ヨッコイショドッコイショ的な若年寄の如き腰の重さ感じる発言資料ばかり。
この調子なら日本人ではなく、外国人労働者に原発で働いてもらうとか言い出すのかな？ けどそんな方針打ち出したら与党の経済安全保障族や国防族の族議員が黙っていなさそう。
質問主意書回答とは比較にならないほど負担を感じるレベルで、ド詰めを与党部会で食らうと思うけど。
当該族議員の親玉が大臣離任して無役になったから、部会に手ぐすね引いて出て来そうだし。 (1)経済界の子供部屋オジサン：原子力ムラに対する評価表現について
・原子力の公益性を言っていたが、公害性の誤りだろう。
・米国について詳しいかと思いきやNYSE上場の原子力企業を集めたETF:NLRの値動きはご存じ無さそうだ。原子力ルネッサンスたけなわの2007/10/29に最高値を記録して以降一度も超えていない。
犬のクソを猫のクソで包んだと酷評された債務担保証券(Collatelized Debt Obligetion:マイケル・ルイス「世紀の空売り」内の表現）の方が
マシに見える金融商品を上場継続させる証券取引所も大概だ（東証もだけど）。
2.7/29に貴省庁と意見交換した若者団体が9/12提示資料に関して (1)短期に原子力利用というが、具体的な期間が不明。 (2)アンケート回答者の属性や有する知識が不明なので一概に言えないが、霞が関文学における用語の使い方に無頓着なのが極めて残念。
ガソリン暫定税率の継続’暫定’期間が理屈と塗り薬は後からついてくるの通りに、永続的になっていることくらいは意識高い系なら知っておいてほしかった。 (3)回答数26（当日資料P19）のサンプルで、統計上の有意性が疑問。但し、当該団体が統計有意性を認識し回答者数を増やすことを課題認識しているなら
問題視はしない。以前も原子力学術セミナー回答者のトレース（満足と回答した者が原子力産業に参画したか？）について言及したが
こういったものは継続してモニターしないと意味が無い。",2024-10-23,2024-10-04,2024-10-20
588,065,30代,"3％程度の排出量である日本で脱炭素を急ぐ意味とは？
電力については産業に必要なものであるため、安定的に安価なものを供給するべきであり、経済成長にも繋がる。
まずはそこに取り組んだ上で推進すべきではないか。
また、拙速に進める前に技術開発を行うことが先であり、そのためにも安価な電力が必要ではないか。
このまま脱炭素、再エネなどの言葉だけを一人歩きさせ、日本を疲弊させるようなことがあってはならない。
そのことを念頭に置いた計画を策定すべきである。
そのためにも原発の再稼働、新設、リプレイスは必要。原発なので、もちろんCO2フリー電源である。
原発をなぜ、そこまで忌避するのか。福島では事故が起き、女川は無事だった。その違いは分かっているとは思うがなぜそれを言わないのか。
以上",2024-10-23,2024-10-04,2024-10-20
589,065,30代,"エネルギー政策に関する「意見箱」へのご意見令和 6 年 9 月 26 日公表分（令和 6 年 9 月
10 日～9 月 23 日に頂いたご意見）の項番458に続いて意見させて下さい。
審議で「ウラン・プルトニウム・トリウムなど核燃料保存」の観点が無く、しかも原発活用が既定であるという意味の発言が多くかつ「原発事故よりも気候温暖化が危機」であると誰も仰らなかったので、ついかっとなって項番458のように書いてしまいました。屋内退避においてアポロ13号で行われたようなアルカリを使った二酸化炭素吸収は出来るでしょうけど、アルカリや吸入酸素の扱いに全住民が慣れるのも大変な事でしょう。
僕もとっさに考えて項番458を書かせてもらいましたが、それ以外の対策の仕方も考えられます、でもいずれにせよ現状対策不十分です。
原発を再稼働するのであれば、避難や屋内退避の準備にかかる時間や費用も原発のコストのはずです。
やはり原子力を「国策民営」とするのは良くないと思います。9月26日の審議で日米学生会議さんが「一民間企業が10年も前のことを謝るのはおかしい」と発言されてました。僕は改めて原発国有化を提案します。そして地元合意の下再稼働するなら、「現状、原発事故よりも気候温暖化が危機であり、事故時は全額国が賠償する。」と総理大臣が明言されるべきだと思います。それが出来ない原発は廃炉にして下さい。そして核燃料は、少なくとも恒星間ラムジェットの実用化など代替え技術の確立までは、枯渇させないで下さい。
僕も以前は20代の若者でした。以下参考までに2012年夏に資源エネルギー庁に送ったパブリックコメントを改めて付します。
***********************************
今回の事故で明らかになったように，安全対策さらに地層処分などの費用をかんがえれば原発は決して安い電源ではありません．一方で太陽系をとびだして今も観測をつづけるボイジャーなどの探査機に原子力電池がつかわれたように技術としては極めて有用です．50億年後，太陽が寿命をむかえるまえに，人類が系外惑星に旅立つとき，道中のエネルギー源につかえるとかんがえてます．
地球上に500万トン埋蔵されているウランをたかだか百年程度の「もしかしたら不要不急かもしれない豊かさ」のために消費してしまうのはもったいないことです．私も探しましたが，資源エネルギー庁の基本問題委員会でこのようなウラン保存政策の観点がみつかりませんでし た，残念です．
原発20％で技術維持の寺島委員には原発国有化など共感するところもおおかったのですが，これは多すぎます．また原発0％の枝廣委員などの発言をみるとこれは技術放棄を意味しないこともわかりました．
なので私は想定外の選択肢かもしれませんが， (1)採算度外視で原子力技術の維持， (2)原発0％によるウラン保存政策， (3)使用済み燃料の全量再処理，
を支持します．",2024-10-23,2024-10-04,2024-10-20
590,065,70代,第6次計画では「原発の可能な限りの依存度軽減」をうたっていたのに「GX2040ビジョン」では「原発の最大限の活用」が盛り込まれるとの見方かある。 2011年の福島の原発事故をなかった事のように原発利用を推進する国の方針は到底認めるわけにはいかない。廃炉もままならない、今の状況をみても原発利用推進はもってのほか。原子力ムラの利権のために動いてはならない。,2024-10-23,2024-10-04,2024-10-20
591,065,70代,"第6次計画では「可能な限りの原発依存度軽減」となっていたのに「GX2040ビジョン」では
「原発の最大限の利用」が挙げられ、それに沿ってエネルギー基本計画にも盛り込むとらしい。
福島はまだ終わっていない。原発は要らない。原子力ムラの暗躍があるのか？利権の大盤振る舞いは決して許されない。",2024-10-23,2024-10-04,2024-10-20
592,065,40代,"原発再稼働、新規建設について反対します。
福島原発事故の後、燃料デブリを取り出すことに、大変苦労されているのを知りました。また汚染物質の処理の問題、まだまだ安心して生活できる土壌ではないということも知り、現地に住む方たちの悲痛な思いを感じます。なぜ、こんなに危険なことがわかっている発電方法にこだわるのかが理解できません。全く安心できません。世界では再生可能エネルギーが主流と、なっています。国民の健康や安全を守るため、未来世代には温暖化のない地球を残すため、再生可能エネルギーを使った発電を国として進めてほしいです。
どうぞ、よろしくお願い申し上げます。",2024-10-23,2024-10-04,2024-10-20
593,065,60代,石破氏も原発活用に舵を切りましたが、次世代原発新建設に国が大金を投じることに反対します。原発再稼働には賛成します。原発再稼働については西日本はリスクを取って原発12基を動かしていますが、関東東日本はまだ1基も原発を動かせていません。これは国の責任です。東京の政治家は、関東東日本の原発を再稼働させる責務があります。東日本の原発が再稼働すれば日本のエネルギーにはゆとりができます。その後に次世代原発をどうするか検討に入っても十分です。 2050年のエネルギーミックスは、再稼働原発17％、再エネ発電43％、ＬＮＧガス火力発電40％で日本は生き生きとやってゆけます。次世代原発投資は国民の税金を無駄に使う施策です。,2024-10-23,2024-10-04,2024-10-20
594,065,50代,"原子力発電は他のエネルギー源と比べ、以下のような根本的な問題がある。
・特にバックエンドに関して将来にわたる管理が必要であり、人材と資金の浪費となる。
・事故が起きれば被災者、事故がなくても被曝労働者を生み出し、人道上問題がある。
・放射性廃棄物処分、核セキュリティ確保、保障措置、「安全対策」、「地元対策」、過酷事故後の除染や補償など、余計なプロセスすなわちコストを必要とする。
・税金や電気料金による国民負担を前提としており、産業として採算がとれていない。
・他国からの攻撃目標となる、余剰プルトニウム問題など、国家としてのリスクを不必要に高める。
このような問題がある発電手段を選択することは賢明とは言えない。日本はこれから人口減少社会に向かっていくことから、闇雲にエネルギー消費を拡大すべきではない。データセンター等による電力需要の増大が叫ばれているが、際限のない電力需要増大を前提にするのは方針として誤っている。ついては、問題の多い原子力発電は使わないという選択を上位に置いたうえで、再生可能エネルギー及び省エネルギーでの対応を原則とし、可能な範囲でやりくりする知恵を絞るべきである。そして原子力については既存施設の廃止措置や放射性廃棄物処分といった後始末に専念するべきである。",2024-10-23,2024-10-04,2024-10-20
595,065,40代,"0.総選挙に合わせて分科会・小委ともに小休止と見たので、原子力に関する今後の有り得るシナリオを想定してみた。 311時のプラント事故挙動データベースシステム（PBS）想定結果と同じくらいの精度を目指してみる（「福島第一原発 メルトダウンまでの50年」烏賀陽弘道著P256～参照）。 (1)原発立地自治体を新規に探すのは無理ゲー。
(2)とすると以下の2つしか選択肢が無い。
・革新炉⇒開発費に1兆円ほど掛かるが、総括原価方式とクリソツな規制資産ベースを適用しても
公益電源として卸売り電力市場に放出するなら新電力を利する。手間暇かけて自分の首絞めることは、ホラッチョ：原子力ムラでもやらないだろう。
・老朽オンボロ原発の運転延長⇒一番可能性高い。維持管理コストが収益を上回る結果になり結局稼働不可となる。
理由：結局点検漏れやドキュメント整備不良が原因のトラブルで長期間停止に追い込まれるから。雑誌'選択'2022年11月号＜三菱重工「原発新設」への渇望＞に準拠
※80年運転させるというが、80年前の日本海軍空母＝翔鶴瑞鶴を海上自衛隊が望むだろうか？そんなこと申し出たら、怒りを買って魚雷発射管に詰め込まれて放り出されそう。
各電力会社原子力部門は老朽原発運転延長を選ぶだろうが、2022/7/13東電株主代表訴訟13兆 3210億円の賠償命令を経営企画部門は気にするだろう。
運転40年を越えた福島第一原発事故の例を見て、老朽原発運営リスクを役員賠償保険で賄われるか気にしてどう行動するか？（雑誌選択2022年8月号「東京電力 旧経営陣13兆円賠償の衝撃」準拠）
原子力燃料資源は世界で分散して存在するから、エネルギー安全保障に資するという論について
ウラン鉱石をすぐ核燃料へ生成する錬金術存在するならその通りだが、途中にウラン濃縮という過程が不可欠
（F・フォーサイス「神の拳」（角川文庫）下巻P204～が分かり易かった）。 (1)エネルギーセキュリティに資するなら、ウラン鉱山の所在地ではなくウラン濃縮工場の存在を論ずるべき
本当にウラン鉱山が核燃料製造に直結するなら、イラン核武装を懸念するイスラエルがウラン濃縮工場や遠心分離器に
スタックスネット等のマルウェアでサイバー攻撃仕掛けない筈。 (2)世界で半分以上のウラン濃縮工場をロシア中国が占めていることから、原子力の方が国際情勢の動きを他資源より受けやすい。
ウクライナ危機以降、ロシアからの核燃料に依存できなくなった東欧諸国の原発にアメリカから供給することになった現実を見ると
核燃料を自国製造できない日本として、確実な補充が出来るエネルギー源とは考えられない。燃料被覆管つくるベンダーは撤退したし。 (3)そもそも資本市場も原子力を持続的に高い収益が保証される有効なエネルギー源とは見ていない 1973年ヨムキプール戦争（ゴラン高原とシナイ半島運河沿）以来イスラエルが自国南北で紛争始める状況で産油国動向が注視されて、原子力に再度ルネッサンスが来ているかと思いきや NYSE上場のウラン関連企業株式と連動させたETF:URAは30ドル前後を境にして値上がりしていない（ちなみに最高値は2011/2/4の129.3ドル）。
新任経産大臣の柏崎刈羽原発ジャンジャンバリバリ稼働するぜ発言について
是非ドンドン言わせてほしい。あの軽くてパーな（小沢一郎議員的表現）大臣が再稼働叫べば叫ぶほど
立地自治体住民の反感を買って再稼働が遠ざかるからだ。能登半島地震から
・繋がらない筈の活断層が想定1.5倍以上の長さで連動して自信を起こす
・屋内退避しようにも家屋自体が潰れる（今回は雪がそれ程でもないが大雪の場合は当然考慮要）
・4m以上の海面隆起発生時に冷却水取得できるのか疑問＝少なくとも絶対実地の稼働運用試験は実施していない筈
実態を目の当たりにした新潟県内の空気は、与党系自治体議員ですら
過酷事故起きたら放射能被ばくする他無いじゃないかと感じている模様。
ましてや原発構内立入監視カメラが故障したら警備員に目検代替（北朝鮮拉致事件発生した土地で何さらしとんねん）
させていた東電の体たらくに立地自治体は、3年前から呆れかえっている。
そこにビシバシ再稼働やったるでーなんて言ったらどういう感情を惹起させるか想像に難くない。
総選挙後は立地自治体からの選出議員から発言に関して質問主意書がガシガシ来るだろうからよろしく準備されたい。
最後に
審議員・委員が、米国大統領が方針決めるまで、用意された原稿を読み上げる体をつづける
（残業代稼ぎのサラリーマンぽく見える）も大概だが、
原子力に感動して原子力の未来を信じて行動する政治家もいない。
新増設原発を是非自分の選挙区に誘致するとは、現大臣も言っていないし
（言ってたら名古屋市民が織田信長の稲葉山城包囲ばりに批判するところ）、
昨年の放射能汚染水海洋放出でも、当時の総理や経産大臣が安全で安心できると言っておきながら
自分の選挙区である瀬戸内海で流せと言わなかったのを見ても、政治生命を賭ける気が無いのが分かる。
消費税導入に道を開いて落選した山中貞則議員や
沖縄米軍基地射撃場を北海道の自選挙区内に持ってきた鈴木宗男議員のように
本気の政策課題として、自身の落選を覚悟しても取り組む議員が原子力ムラにいない。
渡部恒三みたいに「原発が出来て福島県民は長生き」（’誰が新井将敬を殺したか’大川豊著 P125より）と
左斜め上から熱中されても困るが。",2024-10-23,2024-10-04,2024-10-20
596,065,70代,これからの未来の子ども達に残すものとして、原子力発電ではない、再生エネルギーを使った発電を推し進めよう。今の地球の温暖化による、気候変動、様々な災害から目を背けてはならない！,2024-10-23,2024-10-04,2024-10-20
597,065,30代,子供たちのために、co2を排出しない発電方法を推進してください。,2024-10-23,2024-10-04,2024-10-20
598,065,30代,"10月8日の審議を踏まえた上で、エネルギー政策に関する「意見箱」へのご意見令和 6 年 9
月 26 日公表分（令和 6 年 9 月 10 日～9 月 23 日に頂いたご意見）の項番458に続いて意見させて下さい。
以前、ベルギーの方と議論したのを思い出しました。彼は、「宇宙で原子力をしながら系外惑星を目指すのはいいが、大量の核燃料を地上から打ち上げてもし失敗したらチェルノブイリのようになってしまう」と言っていたのを思い出しました。もしもの事を考えれば原発事故も同じですが、もし小惑星などにもウランが埋蔵されてると仮定するなら新宇宙探査のための核燃料は宇宙で仕入れるのもありかもしれません。ボイジャーなどの探査機に使われた原子力電池は例外として、地上のウランは大方地上で使っていく方が良いというのも一理あるのかもしれません。ただ原発容量を3倍にするとそれだけ速くウランが枯渇する訳です。現状、「ウラン埋蔵量は70年分」とするなら「23年で使い切っていいのか？」考えないといけません。脱原発依存しようが原発推進しようが、地上には240兆キロワットアワー(電力)分のウランしかないので。
約100万キロワットの既存炉でいうと2～3万炉年分でしょうか、この程度だと大数の法則が利かないので、福島第一原発のような事故が今後起こるとも起こらないとも言えません。大数の法則を利かすために「100回、福島第一原発のような事故が起こっても潰れない保険」を考えます。福島第一原発の賠償が30兆円(現状物価を仮定)として、その100倍の3000兆円を保険で賄うには12.5[円/kWh]の保険料となります。電力会社としては概ね利益を全て保険料として支払う事になります。この場合、世界の全ての原発が無事廃炉となった場合、割戻金が一気に支払われる事になるでしょうが、はっきり言ってバクチと同じだと思いませんか？あと原発の周辺住民について郷土愛を持たないよう努力するのも酷な気がしますし、個人的にはやはり脱原発依存でいいと思います。
あと集中電源(海沿いに建っている原発や大型火力など)よりも分散電源、枯渇性資源依存よりも再生可能エネルギーがいいのは明白だと思います。集中電源が何らかの理由でダメになる と、計画停電をしなくてはならない訳です。集中電源の近くにデータセンターなど大事な設備を(その集中電源のみを頼りに)立地させるのは逆に危ないと思います。
以上提言します。",2024-10-23,2024-10-04,2024-10-20
599,065,30代,"先ほどの意見に追加があります。10月8日の審議を踏まえた上で、エネルギー政策に関する
「意見箱」へのご意見令和 6 年 9 月 26 日公表分（令和 6 年 9 月 10 日～9 月 23 日に頂いたご意見）の項番458に続いて意見させて下さい。
原発容量を3倍にすると現状70年後だったウラン枯渇が23年後になります。つまり「新設炉は平均すると60年も使うことは出来ない」という矛盾が生じます。",2024-10-23,2024-10-04,2024-10-20
600,065,60代,安全性やエネルギー原料(化石燃料)の確保の観点から、再生可能エネルギーを最大限増やしてください。また、電気を多く使うと言われ始めたデータセンターなどは、再エネ電気をメインに使うはずです。再エネの最大限導入を希望します。,2024-10-23,2024-10-04,2024-10-20
601,065,40代,"○二酸化炭素削減（脱石炭火力）、再生可能エネルギーの電力比率が高まるような政策をもっともっと考え実行して欲しい！
○脱原発！こんなにも危険性が証明されたのにこれ以上原発を増やさないで欲しい！
気候変動に対し、原因が分かってきたにもかかわらず何も変われないのは罪なこと。これ以上将来にこのつけを押し付けたくない。
便利な世の中を昔の生活に戻すことは私も出来ないが、知恵を出し合いもっともっと出来ることがあるはず。またそれが加速しやすい法整備や補助金などの手立てもあるはず。行政には もっと本気で取り組んで欲しい。",2024-10-23,2024-10-04,2024-10-20
602,065,30代,"炭素税という不勉強なことを言ってるのが
小泉進次郎議員や環境省などですが、ドイツはあれだけ再エネ増やしたのに420g/kwhも出ておりこれは東電管内の370g/kwhよりも悪い数値です。
さらには、原子力中心のフランスは28g/kwhしか出てません。
よって、再エネ推進によるCO2削減ができるというのはそもそもデータから完全に間違ってます。
火力発電の高効率化と原子力の稼働割合が増やせないとCO2は減らないのです。
北電も40%再エネをやってますが、CO2は500g/kwh以上も出ていますが、鈴木知事はまだ再エネを増やそうとしてます。
しかも北電は全国ワースト2位の電気代の高さです。つまり再エネを増やしても電気代が安くなる
とかCO2が減るというのはデータから言うと完全なるデマです。
これはドイツの家庭用電気代が日本よりもはるかに高いことからも明白で再エネには調整力の火力もしくは蓄電池のコストとさらに面積が莫大なので送電網増強費用もかかります。
しかもドイツは調整力の国外依存度はすでに40%を超えておりこれを日本がモノマネしたら間違いなく停電リスクがあがることも見落とされてます。
再エネは増やせば増やすほど出力が変動し調整力の火力に皺寄せがいきますしもし蓄電池で代替えすると数日溜めるだけで発電コストは青天井で増えます。
国家単位の火力や原発を全て再エネと蓄電池で置き換えると900兆円以上かかるという専門家の試算もあり極めて非現実的です。
しかも10年ほどで劣化して蓄電池は交換が必要になりますがレアメタルの資源から足りませんしLFPの場合はエネルギー密度が小さく肥大化するだけでなくリサイクルも極めて困難です。つまり、原発や火力を40年運転する場合同じ期間で少なくとも再エネは一度新設、処分、リプレイスコストがかかり蓄電池は3回も交換が
必要です。
よって原発や高効率火力の方がコスト、安定供給、CO2削減いずれも優れています。
いい加減環境省はデータにも基づかず再エネと蓄電池、EVのゴリ押しや炭素税の検討はやめるべきです。
電気代が上がり停電リスクが増えるだけです。いい加減にしてほしいです。
この意見箱でも不勉強な左翼などが再エネをゴリ押しするよう求めてますが、いい加減
会見をやってメディアを通して再エネをやってもドイツはCO2削減ができてない、電気代も日本より高い、再エネと蓄電池では原発や火力のように数日間の天候不順に対応はコスト面からも不可能であると説明しないといつまでもこの意見箱でも的外れな意見、メディアでも的外れな報道が繰り返されてしまいます。",2024-10-23,2024-10-04,2024-10-20
603,065,30代,原発からの脱却がエネルギー政策の大前提だと思います。原発ありきのエネルギー政策からの転換を求めます。,2024-10-23,2024-10-04,2024-10-20
604,065,30代,"この意見箱でもあまりにも不勉強な感情論をぶちまける反原発、反火力の連中が多すぎるのでより科学的なコメントをします。
1.放射能汚染の表現の誤り: 「放射能汚染」という用語は不適切であり、放射性物質の被曝量で判断する必要がある。低放射線量の影響は明確に分からず、日常生活と比較して相対リスクで推定するしかない。特に、数ミリシーベルトの自然被曝は日常生活で避けられないものであり、その影響を啓蒙することが重要である。例えば、CTスキャンでは局所的に7ミリシーベルト程度の瞬時被曝があるが、福島の年間被曝量はそれよりも低い。 2.日常生活リスクとの比較: 野菜不足や運動不足による健康リスクは、100から200ミリシーベルトの被曝に相当し、福島の年間被曝量よりもはるかに高い。したがって、100ミリシーベルト未満の被曝量を理由に避難を強いることは、実際にはより危険な選択であると考えられる。これは、適切な情報に基づかない恐怖を煽ることになりかねない。
これは新潟や北海道など原子力のある自治体のトップなどと話すべき。 3.確率的影響と確定的影響: 確率的影響、確定的影響ともに、100ミリシーベルト未満では認められないことを強調すべきである。
4.3.11における女川原発の安全性: 3.11の東日本大震災においても、女川原発は事故を防ぐことができた。津波対策を適切に行うことで、安全性が十分に確保できることを示している。このような実例をもとに、原子力発電の安全性を訴求すべきである。 5.LCAと再生可能エネルギー政策の課題: 再生可能エネルギーやEV、蓄電池の導入について、 LCA（ライフサイクルアセスメント）の視点が欠如している。特に、レアメタルの採掘や製造過程から発生するCO2排出が評価に含まれていないため、単純にこれらを導入したらCO2削減になると考えるのは科学的にも誤りである。
ドイツのデータを見ると実は東電管内のCO2排出係数よりも悪い数値なためそもそも再エネに CO2削減効果があるとは言えない。
これは環境省や外務省は国際会議に出る前にも経産省から伝えこれらの知識を省庁間で深めデータに基づいてEUや国連など各国に反論する必要がある。
特にcop会議は感情論ばかりで不毛なため
国連の事務総長など不勉強な連中にデータを
用いて徹底反論し内政干渉をやめさせるべきです。それをやめないならばパリ協定からの離脱、
国連分担金の支払いのストップなど厳しい対抗措置を取らなければ内政干渉され続けます。 メディアにも上記の科学的な説明を会見を行うことやメディアの取材も受けて彼らにも少し勉強させてください。
また、政治家でも小泉進次郎議員など不勉強な与党の再エネゴリ押し議員たちにも啓蒙してそろそろ的外れなことを言うのを黙らせてください。
国民からすると小泉進次郎議員など再エネ議連関係者のせいで電力は毎度節電を呼びかけられ大変な迷惑をしています。
有権者からの厳しい意見だと伝えないと小泉進次郎議員のようなエネルギー政策において不勉強かつ思い込みの激しいタイプは聞き入れないでしょうからこれは必ずやってください。",2024-10-23,2024-10-04,2024-10-20
605,065,,"気候変動に関する政府間パネル（IPCC）は1.5℃目標の実現のために、CO2排出を2019年比で 2030年までに48％、2035年までに65％削減するよう求めています。日本は先進国であり、より高い排出削減が求められます。日本の2030年目標である2013年度比46％削減は、2019年比に換算すると37％削減（CO2は36％削減）です。
現行の2030年削減目標は科学が求める水準を下回っているだけでなく、水素・アンモニア混焼やCCSといった技術的にも未確立で排出削減効果が乏しい技術に依存して石炭火力などを利用し続けるもので、極めて不十分です。
石炭火力発電所を2030年代前半までに段階的廃止すると明記した今年4月イタリアで開催されたG7サミット合意の抜け穴探しをして、世界の足を引っ張るようなことはしないでくださ い。科学に基づく世界のコンセンサスの水準の排出を超えないことは、人権を保護するための日本政府の責任です。
オランダ最高裁（2019.12.20）では、危険な気候変動による悪影響は現実の人権侵害との判断をしました。人間が生きていく生存権を、政府が侵害することはしないでください。これは国際社会の公序を守ることです。
また、「可能な限り原発依存度を低減する」としてきた政策から原発推進への転換は、福島原発事故の反省と教訓を投げ捨てるものであり容認できせん。子どもたちの世代に「負の遺 産」を押しつけるのは止めてください。
昨年12月、COP28（第28回国連気候変動枠組条約締約国会議）で合意された2030年までに再生可能エネルギーを３倍に増やす約束を日本も守ってください。2050年に再生可能エネルギー 100％社会を目指すことを求めます。",2024-10-23,2024-10-04,2024-10-20
606,065,40代,原子力について、再稼働、運転延長、新増設・リプレースや新型炉の開発をやめてください。未来を生きる子ども達のためにも、手に負えない原子力をこれ以上増やさないでください。,2024-10-23,2024-10-04,2024-10-20
607,065,10代以下,女川の原子炉を29日に稼働させることをやめてください。,2024-10-23,2024-10-04,2024-10-20
608,065,40代,"原発の新増設に反対です。
事故が起きたら取り返しがつきません、
コスト、自分たちの利益のためしか考えていない企業、政治家のいいなりはやめてください。国内の資源で発電できる自然エネルギーの推進をもとめます。
0.9/20福島第一原発現場に視察に行かれた審議員の方にはお疲れ様と申し上げたい。
同時に株主として被ばくリスクを背負わせてしまい（年齢老若は関係無い）、申し訳ない。 出来れば最寄り駅～現場視察まで、原子力推進意見の審議員及び原子力推進＆容認の若者団体そして銀行・証券・生損保会社も同行して、投融資出来るか？役員賠償保険引き受け保険会社は
電力会社が原子力過酷事故時を防ぐための方策を徹底しているか任務懈怠していないか監視方策など議論していただきたかった。",2024-10-23,2024-10-04,2024-10-20
609,065,40代,"1.9/26参加した原発推進的意見を述べるヒアリング対象者の見識不足について
福島第一原発事故を起こした電力会社がもう謝る必要無いと主張するのは勝手だが、一度くらい賠償請求裁判傍聴してから物を言うことをお勧めする。現地説明会や４号機使用済み核燃料プール「＃工場萌え」インスタ発信など目に余る酷い事例はいくらでもあるが、放射能被害賠償裁判での酷い言い草に限って以下の通り紹介する。
（通っていた高校を訴えた経験ある漫画家西原理恵子は’裁判は性格が悪い方が勝つ’と吐いたが、東電の主張は事故直接被害だけでなく法廷で二次被害を与えていると言って良く、弁護士会に懲戒されるのが妥当）
・福島県内ゴルフ場芝生に飛散させた放射能＝無主物と言い放つ。
・自殺した農業関係者遺族に、自殺原因は’個体の脆弱性’と傷口に辛子と練り山葵を塗り込むような主張をぶつける
・転居を余儀なくされ、離婚／学校のいじめで苦しむ避難者に
「転居前から夫婦仲が悪かった」「いじめられる方にも原因がある」と公金投入された会社に雇われた弁護士が主張。
詳しくは第百回東電株主総会第8号議案を参照されたい。↓ https://www.tepco.co.jp/about/ir/stockinfo/pdf/240524_1-j.pdf
・株主総会では無配当を詫びることは最近無い。おためごかしの’福島への責任’とは言いつつ、「放射能汚染水という言葉を使うな」と実害加害者＝東電の分際で言ってくる。
・裁判の傍聴は無料だし、株主総会は7万円も出さずに株主になれば参加できる。意識高い系も結構だが、地道なフィールドワークも提案したい。
2.意見箱を黒塗りする基準について
基本的に公開公共情報（国会図書館など公共の場所で閲覧できるレベル）で明らかになったことをのり弁にする理由が分からない。
国会図書館で確認できるレベルの公開公共
情報を隠そうとするなら情報収集能力と個人情報基準の判断に疑問を感じざるを得ない。ブリキのパンツを履く（’運命の人’山崎豊子著より）用心深さがあって、公衆衛生的にも経済合理性の面からも危なっかしい原発には平気な理由が分からないが。",2024-10-23,2024-10-04,2024-10-20
610,065,50代,原発再稼働はありえない、新増設もありえない。再生可能エネルギーを促進して欲しい。,2024-10-23,2024-10-04,2024-10-20
611,065,40代,日本のエネルギー基本計画に原発を選択する事は無い。考えてはいけない。何故なら、福島原発事故は未だに収束していないし、その試験ですら失敗し続けている。そんな事故からまだ13年しか経っていない、未だ解決方法すら示せていない中、また事故が起きたら壊滅的な状況になるのは考えなくても分かる。地震大国の日本で一番の防災は原発を無くすこと。化石燃料の使用での気候変動と一緒に一度の原発事故での自然破壊や損害について、もっと検証するべ き。環境リスクが少ない自然エネルギー研究に積極的になるべき,2024-10-23,2024-10-04,2024-10-20
612,065,30代,"エネルギー基本計画は、ぜひ再生可能エネルギー100％への転換を進めるものにしてくださ
い。そちらのほうが、年間数十兆円にもおよぶ化石燃料輸入の負担を減らすことができて、国民生活にとってもいいと思います！",2024-10-23,2024-10-04,2024-10-20
613,065,,エネルギー基本計画を再エネ100%への転換を進めるものにしてください。そちらのほうが年間数兆円にもおよぶ化石燃料輸入の負担を減らすことができて、国民生活にとってもいいと思います！,2024-10-23,2024-10-04,2024-10-20
614,065,20代,排出削減目標を考慮すると、化石燃料から今すぐ脱却する必要があります。それを賄うために原発やアンモニア混焼などの、高コストで持続不可能なエネルギー源を推進するのではなく、再生可能エネルギーを増やす必要があります。,2024-10-23,2024-10-04,2024-10-20
615,065,,"エネルギー基本計画では、再生可能エネルギー100％への転換を野心的な目標を持って推進させてください。いつかではなく、今すぐ転換に向かってください！
化石燃料由来の発電では、燃料の輸入コストも掛かりますし、日本のお金が海外に流出してしまします。再エネ100％を国内で進めれば、お金も国内で回るので経済効果も高いと思いま
す。
原発も廃炉までを考えればどう考えてもコスト高ですし、核廃棄物の処理には何万年もかかるため、誰も責任が取れず、未来に負の財産を押し付けるのはやめてください。",2024-10-23,2024-10-04,2024-10-20
616,065,,"再生可能エネルギー100%を実現するエネルギー政策にしてください。
化石燃料の輸入をし続けることは、日本の経済にとってもプラスにはならないからです。
また、原発を増やすことも、大きなリスクを伴います。国民の安全を考えると、原発や石炭火力発電ではなく、再生可能エネルギー100%を進めることが重要であると言えます。",2024-10-23,2024-10-04,2024-10-20
617,065,10代以下,女川原発２号機の再稼働をやめてください。加えて、原発稼働推進をやめてください。,2024-10-23,2024-10-04,2024-10-20
618,065,40代,"原発の再稼働の中止 原発の新設今すぐ中止
コストのかかる原発より再エネを増やしていきたい",2024-10-23,2024-10-04,2024-10-20
619,065,30代,"水素エンジンを普及させるために重要なのは水素単価と製造量を増やすことですが、その意味では高温ガス炉など原子力由来とホワイト水素の二つがカギだと思います。高温ガス炉ならＩ Ｓプロセスで水素を作れるし基本的
には熱と硫黄、ヨウ素などを利用するので追加の電力消費もないです。硫黄とヨウ素は極めて日本にしては珍し
く自給率が高いのでここもＩＳプロセスによる水素製造のメリットです。これで水素の自給率は上がります。再
エネ由来のグリーン水素にいつまでもこだわってると中東などにパネルを設置して輸入せざるを得なくなります
しそもそもパネルの材料はほぼ中国依存なのでそもそもエネルギーは発電設備から見ると再エネ由来では自給率
は上がりません。グリーン水素では性質上再エネの設備利用率が低すぎるため頭打ちで水素製造装置の稼働率が
下がり値段も下がりません。ホワイト水素は、地球上に自然に存在する水素で、環境に優しく低コストで生産で
きる可能性があります。その埋蔵量は、年間消費量の５万年分に相当する５兆トンと推定されています。このた
め、ホワイト水素はレアメタルよりも長期間にわたり利用可能である可能性があります。ただし、商業生産可能
な量の見積もりや環境への影響については、さらなる調査が必要ですがここの探索の支援をすべきです。ホワイ
ト水素の埋蔵量が多いと推定される国には、米国、オーストラリア、ロシア、オマーン、フランス、マリなどが
あります。これらの国々では、地質条件がホワイト水素の生成に適しているとされています。特にオーストラリ
ア南部のヨーク半島では、高濃度のホワイト水素が発見されています。この辺りに日本は重点的に採掘や水素貯
蔵技術を活かして技術支援してその引き換えに安価に提供してもらうディールを結ぶべきです。これをガソリン
スタンドなどから気軽に供給できるための支援や法改正を行うこと、そしてそれを水素エンジンに供給する仕組
みを作るべきです。ＥＶや燃料電池車だとレアメタルやレアアースを使うので結局中国に頼ることになるし地政
学的リスクも高まります。水素エンジンならレアメタルの消費を抑えつつもＣＯ２を減らしさらには部品点数も
減らないのでサプライヤーの雇用維持に繋がります。ＥＶやＦＣＶだと部品が減りサプライヤーの雇用維持が困
難になります。ここはぜひ政府関係者、経団連、経産省、環境省、外務省などともお話しください。特に環境省
や外務省はよく理解せずに国際会議に参加してるのでこういうことを理解させてから参加しないと水素エンジンへの不当な評価なら繋がってしまっています。
ちなみに、水素エンジンが必要な理由は部品点数を維持してサプライヤーの雇用維持をすること、そしてCO2の削減につながることなどです。
水素エンジンは、レアメタルの消費を抑えつつCO2排出を削減し、部品点数を維持することでサプライヤーの雇用を守る利点があります。 EVや燃料電池車（FCV）は、部品点数が少なくなるため、サプライヤーの雇用維持が難しくなる可能性があります。
また、EVやFCV、発電分野の蓄電池はレアメタルやレアアースを多く使用するため、中国への依存が高まり、地政学的リスクが増すことが懸念されています。",2024-10-23,2024-10-04,2024-10-20
620,065,40代,"再生可能エネルギーに全注力してほしい。特に地熱発電に本腰を入れてほしい。
日本の火力発電は優秀であり、再エネへの移行中も稼働してよいと思うが、原発は全て今すぐ廃炉作業に転換すべき。省エネは進んでおり蓄電池も進化している。危険な古い原発稼働は論外として、深刻な事故やそれの隠蔽、経済不効率を考えれば現役の原発も廃炉にすべきと考える。原発労働者の被曝や労働環境の悪さも深刻な問題である。人権も何もない。こんな人権侵害の罷り通るエネルギーは即刻停止すべきと考える。使用済み核燃料の問題も解決しないなかこのまま漫然と原発稼働続けるのは狂気の沙汰。核サイクル事業も画餅。まともな廃炉作業人材が居る間に早く取り掛かってほしい。",2024-10-23,2024-10-04,2024-10-20
621,065,10代以下,"女川原発が10月末に再稼働されますね。
島根原発2号機も12月上旬に再稼働されますね。
昨今、原発再稼働が多発していることをご存知でしょうか？
みなさまは、 2011年3月11日の東日本大震災での悲惨さは忘れてしまいましたか？
当時、東日本壊滅の危機に晒されていたことを忘れてしまいましたか？
それとも、高リスクな原発に頼らなければならないほど日本の電力確保は難しくなりましたか？
ロシアによるウクライナ侵攻後から、燃料価格は急激に高騰しました。そろそろ、
再エネ推進に本腰を入れていただけませんか？
ただし、外国で導入が不可になったことで、日本に風力発電を売りつけようとしている外国企業からは発電の購入を控えてください。
また、山奥のメガソーラー建設で生物多様性を破壊することもお控えいただきたいです。
環境負荷の少ない再エネの推進をよろしくお願いいたします。",2024-10-23,2024-10-04,2024-10-20
622,065,40代,"原発の再稼働はやめろ！
既に電源構成割合では数%しかない原発、無くしても何ら問題はないです。
再エネコストもかなり下がってきているし、蓄電技術も発展し、需給バランスも十分コントロールできる時代なのだから、いつまでも再エネが不安定というまやかし的な言い訳をせずに、とっとと再エネにシフトして下さい！",2024-10-23,2024-10-04,2024-10-20
623,065,10代以下,温室効果ガス排出量を増加させたくないので、再エネを推進して下さい。,2024-10-23,2024-10-04,2024-10-20
624,065,10代以下,"生物多様性･森林破壊をこれ以上加速させたくないので山奥のメガソーラー建設をやめてください。
また、山の斜面を大幅に削る
太陽光パネル発電をやめてください。 土地をこれ以上痩せさせないで下さい。",2024-10-23,2024-10-04,2024-10-20
625,065,50代,"一度事故を起こした今、原子力依存はもう選択肢として有り得ない。
事故の難しい後始末に向き合いつつ、省エネと自然エネルギーの活用を進めていくべきです。子どもや孫に、これ以上原子力依存で被害もゴミも押し付けることは許されない。
福島の事故は取り返しがつきません。
でも、繰り返さないことくらいはできるはずです。",2024-10-23,2024-10-04,2024-10-20
626,065,70代,"原子力発電はやめて欲しいです
危険だしゴミの処理がとても大変です",2024-10-23,2024-10-04,2024-10-20
627,065,,原発反対です。原発のリプレースや、新増設などの原発推進の政策にも反対です。原発がなく、国民が安心して暮らせる日本に戻してください。,2024-10-23,2024-10-04,2024-10-20
628,065,70代,"意見
“使えるものは何でも使おう”みたいな対症療法的で先進国にふさわしくない政策は止め，早急に自然エネルギー100%を最終（2050年）目標とすべきである．世界の衰勢から見たらかなり遅れている．
説明
おそらく先進国と称する国の中で2050年のエネルギーミックスの比率を明記できていないのは日本くらいではなかろうか．しかも日本は3年ごとの基本計画見直しに明け暮れており，その都度私どもはあたふたしている．その6次基本計画では'30年の，今度の7次では'40年のエネルギーミックス比率をやっと決めると言う段取りである．なにか“出たとこ勝負”みたいで，これを原因を問わない対症療法というのではなかろうか．最終目標の'50年の在り方を決めてからそこにどのようにたどり着くかを検討し，実施し，必要なら検証・修正し，というようなプロセスが論理的で科学的と言うのであり，それを行って初めて先進国と呼ばれるのではなかろうか．
一方で，日本では議論の参考というレベルで'50年のエネルギー比率を示しているが，議論の前提として再エネ比率は60%とされがちになり，それ以上にはできないと印象を与え，結果として根拠も明確にせずに宣伝されているように思える（注１）．諸外国では'50年までに自然エネルギー100%を目指していたり，すでに自然エネルギー70%以上を実現したりしていると聞く．あいまいな根拠に基づかずに諸外国の状況もきちんと研究したうえで'50年の最終目標を明確に設定すべきである．「もし自然エネルギー100%を不可能にするものがあるとすればそれは政策だけである」と，現状ではそう言いたい思いである．
繰返しになるが，対症療法的な政策でエネルギー問題を考えているとしたら，自転車操業的なイメージが付きまとい，それは先進国とは呼べない状況と言え，たいへん寂しく思う．多くの活動や暮らしの場面で基本中の基本になるエネルギーをなめてかかってはしっぺ返しを食らう（既に何度も食らっているのでは？）．現実性を無視したかのような無理な背伸びはせず，仮定や希望的観測を宣伝・駆使した政策誘導はせず，日本だけの都合に埋没することなく諸外国の状況や流れなどもきちんと研究し，現状からの単なる類推に留まらないでより確実性を 持って人類の未来を想像してエネルギー政策をしてほしい．特に，日本における核のごみの再処理技術は50年という長い時間をかけても，莫大な資金をかけても完成していないという事実に鑑みれば再処理工場に期待をして原発を動かすことは燃料や核のごみ処理を外国に依存し続けることを意味するのであり，結果としてエネルギー自給率を下げることになるので，原発は早期にやめるべきである．当初の計画になかった中間貯蔵施設がなぜ必要になったかをよく考えるべきである．より高い防潮堤，テロ対策施設の次は何が必要になるのでしょうか．50年経とうとも今でも原発は未完成なままであることを忘れてはいけない．また，化石燃料に依存 し，CCSと称してCO2を回収・貯留してCO2の放出を減らす方式の火力発電や，化石燃料の分解から生成する水素やアンモニアの利用についても，早晩やめるべき方式といえる．貯留の貯は価値のあるものをためる意味があり，CO2は貯めるのではなく出さないに務めるべきで，真にやむを得ない（ほかに手段がない）場合に限るべきであると敢えて付け加えておきたい．大気にも地下にも限度があることを忘れてはいけないのである．世界中でCCSをはじめたら地球はどうなるのでしょうか．以上
（注１）例えば，「第36回 総合資源エネルギー調査会 省エネルギー・新エネルギー分科会新エネルギー小委員会／電力・ガス基本政策小委員会 系統ワーキンググループ（’ 23.03.14）」の資料５では'50年における再エネ導入比率を50~60%（参考値）としている．参考値なので，特に説明はないのである．",2024-10-23,2024-10-04,2024-10-20
629,065,30代,"再生可能エネルギーの割合を40%になるように進めて欲しい。
夏の気温が上がりすぎている。90年代は30度を超えたら暑いといった感覚だったが、現在では 30度を切ることが少ない。夜でも30度に迫る。これ以上の温室効果ガスの排出を防ぐよう、再生可能エネルギーの利用割合を増やして欲しい。
化石燃料の扱いについてもだ、EVを普及させろとは言わない。日本では無理だろう。
ただしハイブリッド車を増やすことはできていると思う。今も補助金はあるが、更に補助金を出すか環境を汚すような車は税金を上げて欲しい。",2024-10-23,2024-10-04,2024-10-20
630,065,50代,国は再生可能エネルギーをただ増やすのでは無くて、自然環境を考えて欲しい。太陽光、風力あちこちにできて、動物たち居場所無くて、田畑を荒らし人を襲うようになってる。施工業者が儲かるだけです。災害有れば土砂が襲うようになってる。又業者が儲かるようになってる。再生可能エネルギーの看板の元、末端の私達が被害受けてます。原発は無くし、エネルギー政策ちゃんと考えて欲しいです、,2024-10-23,2024-10-04,2024-10-20
631,065,40代,"衆院選挙中ということ及びFACTA11月号’「軽量大臣に落胆」経産省の目を覆う地盤沈下’を読んでの雑感をお伝えする。 (0)昨年のGX方針全国説明会的なもので、GX推進機構のガバナンス責任は誰にあるのかと質問したら
経済産業大臣だという回答だった(いつどこでの会場だったかは失念)。 (1)現在絶賛総選挙中だが、自身の人生賭けて戦っている現大臣がGX推進機構のガバナンスや
日本国債とGX債の利回り差分が意味するものなど気にしている様には見えない。
最近の大臣任命基準が不思議でならない。以前の大臣には選挙区内のお祭りにモノを供出
（統一教会問題で名をはせた鈴木エイト氏にカニメロン大臣と言われる）して辞任の上、公民権停止したようなのもいたし。当該大臣から気に入らない記者を会見場から締め出すよう言われた貴省庁広報担当職員の疲弊は同情する。
そもそも不都合な真実を追求する記者に直面しなくて原子力に向かい合うことは出来ないだろう。当該大臣経験者の選挙区が近所なので筆が多くなった点はご容赦を。 (2)「文藝春秋」1998年11月号に『通産省の恥部 石油公団を告発する』論文を掲載した堀内光雄議員レベルの議員がいつも経産大臣に就任してくれれば良いのだが。 (3)石油公団と言えば、上記論文を読んだ警視庁捜査二課情報係が汚職を疑い調査していたとのこと（清武英利著’石つぶて’P54）。GX推進機構でも同様の疑いを招かないようしっかり監督指導されたい。 (4)補足して言えば、公務員に関する汚職を摘発する司法機関は代々職員に「体制を外から破壊するのが革命なら、公務員汚職は内側から体制を蝕む」と伝えられているそう。（同著 P47）
この点も心されたい。
10/16開催原子力小委員会を参照して
再原子力ルネッサンスだと言いかねない海外事例の紹介（アマゾンだマイクロソフトだ）しながら
日本国内の人材育成については、電力業界の同人誌みたいな媒体を証拠？として挙げてくる落差に笑った。
日本経済の頂き女子（※）：原子力ムラらしいといえばらしい。
※女子と言われる年代の女性要員がどれだけいるかは知らんけど。",2024-10-23,2024-10-04,2024-10-20
632,065,60代,審議員の構成に女性、若い世代がとても少ないです。偏った層での審議は国民の意見、意思とは全く異なることになる可能性が高いと思われます。これからの世代が生きて行けるかどうか 20年、30年先ではなく、50年、100年、その先を見すえた審議をお願いします。,2024-10-23,2024-10-04,2024-10-20
633,065,30代,"エネルギーを化石燃料から再エネへという動きがありますが、その前にエネルギーの使用量を減らすことを目指してください。
エネルギー消費が少ない企業への減税、個人に対しても電気料金の割引、また、夜間、オープンもしていないのに、ショーウィンドウに灯りを灯すなど、無駄な電力を使用することを公にやめるよう呼び掛ける。バスや電車、公共施設は寒すぎ、暖かすぎが多いので、室温28-29度を目指すよう、国から通達を出し、空調に使用する電力を減らすなどして欲しいです。
その上で、まずは個人の屋根に太陽光が搭載できるよう、更なる支援をすること、そして、山林を切り崩して、太陽光を設置するのはやめてください。自然を破壊して、太陽光を設置しても、地球温暖化は止まりません。
また、二酸化炭素の回収に関しては、人工林になってしまった山林の杉などを伐採して製材した次には、多様な木々を植えるよう国から通達して下さい。
昔は杉で儲かるという理由で、どんどん杉が植えられましたが、今では全く売れないという理由で、管理されず荒れた山林がたくさんあります。そこには草も生えず、動物も暮らすことができません。そこに多様な木を植林し、豊かな生態系を取り戻すことで、二酸化炭素も吸収されます。
まずはエネルギーの消費を減らすこと、そして、自然を取り戻すことを目指してください。サイエンスの力だけではこの温暖化は絶対に解決しません。",2024-10-23,2024-10-04,2024-10-20
634,065,60代,原発の再稼働と運転延長をやめて、新増設、リプレースや新型炉の開発は中止すること。既存の原発も期限を決めて廃止するべきだと思います。,2024-10-23,2024-10-04,2024-10-20
635,065,60代,「2035年までに電源のほとんどを脱炭素化する」目標を、原子力には頼らず省エネで実現してほしい,2024-10-23,2024-10-04,2024-10-20
636,065,60代,"政府はGX推進の中で、データセンターの拡大等により電力需要がたかまることを根拠に、原発の推進が必要と述べています。
しかし、最新のIEAのEnergy Qutlook2024では、2023年から2035年の電力需要の増加は3％という予測です。危険な原発を推進しなくても、既存技術の太陽光や風力発電で十分対応できま す。安全性もコスト面でもメリットの少ない原発に固執して推進することはやめてください。",2024-10-23,2024-10-04,2024-10-20
637,065,50代,"原発は絶対に反対です。
稼働するなら、今までの核廃棄物を全て廃棄してからです。一時保管とか、その場しのぎではなく、確実に核のゴミを処理してからにしてください。",2024-10-23,2024-10-04,2024-10-20
638,065,40代,原子力発電はできる限り早く削減すべきだと考えます。なぜなら核廃棄物の最終処分について目途が立っていないからです。今後新設は一切せず、既存施設は無理に延命させようとせず、 30-40年の耐用年数で廃止すべく計画を立てていくことが必要です。,2024-10-23,2024-10-04,2024-10-20
639,066,50代,地震立国日本の上に乱立する原発は、戦争以上に怖いですん。気候危機を少しでも遅らせ回避するためにはCO2の削減も必須。再生可能エネルギーも完璧ではないけれど、現在の選択肢の中では最善だと思います。経済よりも安全を優先する政策に転換を！,2024-12-03,2024-10-21,2024-11-28
640,066,30代,エネルギー政策を決める過程の透明性を高めてほしいです。もっと市民が議論に参加する場を増やしてください。,2024-12-03,2024-10-21,2024-11-28
641,066,30代,"審議会の構成員のジェンダー比や年齢構成が偏りすぎています。
ジェンダーバランスを考えたり、もっと若い世代の意見を聞いてほしいです。",2024-12-03,2024-10-21,2024-11-28
642,066,50代,1.5℃からの逆算を真剣に考えましょう,2024-12-03,2024-10-21,2024-11-28
643,066,40代,"環境を破壊しない再エネ（屋根上太陽光発電、ソーラーシェアリング、風力発電、地域熱利用、地熱）を一気に増やしてください。
即時の実用化が見込めない技術への投資はやめてください。",2024-12-03,2024-10-21,2024-11-28
644,066,30代,もっと一般市民の意見も取り入れてください！,2024-12-03,2024-10-21,2024-11-28
645,066,30代,"エネルギー関連の政策づくりの過程をもっと多様なステークホルダーが参加できる形で進め、透明性を高めて開示してほしいです。
エネルギーは産業や経済だけの問題ではありません。気候変動対策は人権問題です。
全ての人がステークホルダーですから、マイノリティや社会的に弱い立場のひとの意見も取り入れてください。",2024-12-03,2024-10-21,2024-11-28
646,066,40代,脱原発・脱炭素を進めて再生エネルギーへの転換をして欲しいです。また、国民代表がエネルギー政策に関する議論の場に参加できるようにして欲しいです。,2024-12-03,2024-10-21,2024-11-28
647,066,,"再エネをもっと増やしてください。
また、「有識者会議」に環境団体や気候学者、市民や女性の声をもっと反映してください。",2024-12-03,2024-10-21,2024-11-28
648,066,30代,"再生可能エネルギーを増やしてください。脱炭素計画を盛り込んでください。
また、リスクを伴う原発を減らし安全な国づくりを目指してください。",2024-12-03,2024-10-21,2024-11-28
649,066,50代,日本のエネルギー政策が「ガラパゴス」と揶揄されている事実をしっかりと認識頂き、国際的な視点に立った公正で公平な政策立案と推進をお願いします。目を醒ましてください！,2024-12-03,2024-10-21,2024-11-28
650,066,40代,"次の世代、さらに次の世代へ。
地球を残す視点で、持続可能なエネルギー政策を、真面目にお願いします！",2024-12-03,2024-10-21,2024-11-28
651,066,30代,"気候変動によってすでに住むところや命を奪われている国の人々がいると知ってとても不安に思うと同時に日本のCO２排出に責任を感じます。
早急に石炭火力を廃止するために今実用可能な再生可能エネルギーの比率を90％以上に引き上げるための道を考えてください。
今すぐシフトしないと日本は国際社会から取り残されていくのではないでしょうか。",2024-12-03,2024-10-21,2024-11-28
652,066,40代,"再エネを増やしてください。
諸々の決定ではジェンダーや年齢のバランスをきちんと考えた議論をしてください。即時の実用化が見込めない技術への投資はやめてください。",2024-12-03,2024-10-21,2024-11-28
653,066,40代,"科学的知見に基づく政策をして下さい。
現実的でない新技術も、利権まみれで地球を汚す原発もいりません。再生可能エネルギーに投資して下さい。",2024-12-03,2024-10-21,2024-11-28
654,066,30代,"再エネを増やして下さい。原発を減らしてください。
建設地、労働者、地球環境、どれをとっても負担になる。
地震大国である日本で、事故が起こった時に背負うものがあまりにも大きすぎる。
日本の開発力、技術力、勤勉、勤労を、再エネへのシフトに是非とも投入してください。
負の遺産を清算することに労力を使うのではなく、未来構築に労力を使える仕組み、環境、エネルギーシフトをお願いします。",2024-12-03,2024-10-21,2024-11-28
655,066,40代,"エネルギー政策に、温暖化対策・脱炭素と科学の視点を入れてください！
原発も、国際的にはとっくに相手にされていない役に立たない新技術への投資も、いりません。再エネへの速やかなエネルギー転換を全力で図ってください！",2024-12-03,2024-10-21,2024-11-28
656,066,,エネルギー基本政策を検討するメンバーを多様化してください。また、透明性の高い情報開示を希望します。,2024-12-03,2024-10-21,2024-11-28
657,066,,"大阪はインドよりも暑くなってしまっています。
気候変動問題は遠い未来の話ではなく今の問題です。
そして人権の問題です。福島の原発被害を受けてしまって関西まで逃れている人たちがたくさんいます。
原発はグリーウォッシュであることも明白です。
利権のためにエネルギー政策はやめていただきたい。",2024-12-03,2024-10-21,2024-11-28
658,066,40代,"東日本大震災での原発事故のようなことが、今後どこでも起きないように、原発廃止を求めます。
よく、原発に関わる人の仕事が無くなる。電力供給が間に合わないなどの声を聞きますが、事故が起きてからでは取り返しがつかないことはもう体験済みです。
今から力を合わせて、脱原発に向けてあらゆる手を尽くせば、間に合うと思います。子や孫、自分自身のためにも今すぐ脱原発に進む事を望みます。
お願いします",2024-12-03,2024-10-21,2024-11-28
659,066,,"エネルギー政策に関する意見書
生活クラブ生活協同組合・東京
私たち生活クラブ生活協同組合は、人間が人間らしく自然と共生して持続的に生きていくために「食料」「エネルギー」「ケア」の自給ネットワークづくりをめざし、エネルギー政策においては「省エネ」「脱原発」「エネルギー自治」「CO２削減」を基本に事業をすすめていま す。2012年には秋田県にかほ市に「生活クラブ風車夢風」を建設し、その後も再生可能エネルギー発電所を自ら開発し広げています。また、2016年には新電力「㈱生活クラブエナジー」を立ち上げ、再生可能エネルギーを中心とした「生活クラブでんき」の共同購入をスタートし、現在全国で2万人近い組合員が参加しています。
近年、日本各地で酷暑や集中豪雨など、気候危機により災害が激甚化しており、危機的な状況に陥っています。これは世界的な状況で、今、人類が存在できるかどうかの大分岐に立たされています。エネルギーの自給は「国民のいのちを守る」安全保障の観点からも大変重要です。第7次基本計画が、再生可能エネルギーを中心とし、持続可能な未来を実現できる計画となるよう、以下意見を申し述べさせていただきます。 1.脱原発、脱石炭火力を脱炭素政策の柱として早急に実現することを求めます。 EUや米国では自らの域内で再生可能エネルギー開発を加速し、気候危機やエネルギー危機の克服を目指しています。一方、日本は脱炭素化にむけたGX推進を打ち出し、原発の再稼働や次世代型新炉新設、60年以上の運転を可能とする稼働延長などの原発推進政策への転換や、 CCS/CCUS力で石炭火力の延命や石炭火力の温存政策をとっています。
東京電力福島第一原発ではいまだ廃炉の見通しも立たない状況の中、原発推進は容認できるものではありません。再稼働、運転延長、新増設・リプレースや新型炉の開発などの一切をや め、原発に頼らないエネルギーへの転換を求めます。また、「地球加熱化対策」は地球規模で最優先事項です。火力発電の中でも一番多くのCO2を排出する石炭火力の廃止期限を設定し、化石燃料からの脱却を求めます。
2. 2035年の再生可能エネルギー電力目標80％以上にすることを求めます。
2023年3月IPCC第６次評価報告書（統合報告書）で、「2035年までに世界全体で60%の温室効果ガスの削減、二酸化炭素でいうと65%、2040年までには80%の二酸化炭素の削減が必要」とし、 2030年目標に加え、2035年までの更なる削減を求めました。2022年G7サミットでは「2035年までに電力部門の全て、または大部分を脱炭素化する」目標が合意されており、70～80％という高い再生可能エネルギー導入目標をもっています。2035年の電力の脱炭素化を日本で実現するには、既に実用段階にあり、日本でもコスト低下のすすむ再生可能エネルギー電源の導入を いっそう加速するしかありません。政府は、古いエネルギー供給体制や産業の維持に固執するのではなく、再生可能エネルギーへのエネルギー転換をすすめるべきです。 3.エネルギー基本計画の議論への市民参加と策定にかかる主要会議の委員構成の改善を要望します。
現在エネルギー基本計画策定プロセスには、市民が参加する場がほとんどなく、委員構成も業種、年齢、性別に偏りが見られます。審議会における検討に若い世代を含む多様な立場の専門家や環境団体、市民の参加を確保するとともに、民主的で透明なプロセスによる「国民的議 論」を行うことを求めます。",2024-12-03,2024-10-21,2024-11-28
660,066,40代,福島第一原発のような事故はもう起こってほしくありません。能登地方の地震もあり、原発がいつ地震に遭い被害を受けるかわかりません。原発は廃炉に、新設は止め、再生エネルギーを推進して下さい。,2024-12-03,2024-10-21,2024-11-28
661,066,50代,"原子力発電のコストが安い、という表現は間違いだと思います。原発事故から電気代にいろんな費用が上乗せされてきています。しかもいつそれがおわるかもわからないです。
海外でも原発をすすめてるといいますが、こんな地震地帯にたくさんの原発をかかえてるところは日本ぐらいです。
珠洲に原発がたてられていたらと思うとゾッとしました。
なので、これ以上の原発を増やすのはやめていただきたいです。
また、原発利用期間延長もおかしな話です。経年劣化が原発だけ起こらないわけないです。しかも肝心な部分は放射能レベルが高くて取り替えもできないし、それを動かしつづけるのは危険しかないです。ゴミの問題も結局置いておくことしかできないのは科学技術とは呼べないと思います。これ以上の扱えない放射能のゴミをふやさないでもらいたいです。
電力会社の送配電部門もいまだに問題だらけ、関電にいたってはまだ性懲りもなくあかんことしてます。そんなところにあぶない原発をまかせとくのは困ります。この国土に住めない場所をふやさないでください。目先のお金に惑わされずに、子孫に負の遺産を少しでも少なくバトンタッチしていける方法をお願いします。",2024-12-03,2024-10-21,2024-11-28
662,066,50代,"私の「第７次エネルギー基本計画」に対する意見を９つの視点から以下述べる。
１、「地球温暖化防止・対策の視点から」・・・今、地球の平均気温の上昇速度は年々上がり続け、「パリ協定の1.5℃」に迫る勢いである事は周知の事実で、その事を踏まえるならば、これからのエネルギーは完全に「脱炭素」された形でなければならない。 つまり①再生可能エネルギーもしくは再生可能エネルギーを元とした燃焼物②CCS等にて完全に炭素（CO２）を除去・処分した化石燃料由来燃焼物③原子力、の三択となる。 楽観的工学者の中には、2040年頃に「核融合炉」が完成したり、より効率が高く安価な太陽電池ができ、ブレイクスルーすると考えている人がいますが、仮にその予測が正しかったとしても、それまで現状の様な世界的なCO２排出が続けば、パリ協定でいう1.5℃を超え、現在とは全く異なる気候にシフトし、人類文明の存続が危険にさらされる可能性が極めて高い。 従って今すぐ行動しなければならず、結果上記３択となります。 上記３択のうち②は、地震大国日本にCCS設備を作れる場所が極めて限定され、CCSを通して得た燃料の価格がかなり高くなりそうという２つの大きな問題点を抱えています。 ③は「東日本大震災」の時、もう少しで「東日本壊滅」となっていた事に象徴される様に、地震大国日本にとって極めて危険であり、安全性が高いとされる「新型軽水炉」はアメリカが開発を断念した様に極めてコストが高く、高レベル放射性廃棄物の処分をヨーロッパや北アフリカなどの永久岩盤層とされる地層を持つ国に海外委託するのか否か
（地震大国日本での処分・保管は危険）という、３つの大きな問題点を抱えています。 それに比して①はこれといった大きな問題点がなくあえて言えば「太陽光」が台風に弱く、太陽光や風力に使う希少金属を確保するのに少し難渋する位で、根幹に関わる大きな問題点は一切なく、またヨーロッパやアメリカのコスト解析の専門家が「再エネがエネルギー転換にかかる費用が最も低い」という論文を発表しています。 ここから、「再エネ資源大国日本」が取る選択が①「徹底した再エネ開拓・使用」である事は明らかです。
２、「再エネポテンシャル」の観点から・・・環境省が日本の「事業可能性再エネポテンシャル」は、現在の電力需要の150％となると言っている事、②環境NPO・NGOの試算・計算によれば、電力の100％は充分再エネだけで供給可能という結論が出ている事、「再エネを研究する学者（大学教授等）」が将来の人口減少も考えると電力需要の120％程度は「再エネ発電」で賄えると言っている事から、蓄電設備（揚水発電、水素備蓄、大型施設での蓄電池導入、AI等を使った電気自動車等のバッテリー活用システム、等）の導入・増強、連系線・変電所増強等の付帯工事は必要となりますが、「電力の完全再エネ化」は充分現実的プランですし、先に述べた様に再エネが最もエネルギー転換で安くなる事、電力が最も再エネ化が容易である事か ら、将来の電気自動車分は賄えないにしても既存電力需要は100％「再エネで賄う」野心的？プランを打ち出すべきです。
３、「エネルギー自給」、「エネルギー安全保障」、「国富の流出」の観点から・・・CCS火力（恐らく現実は強固な岩盤層を持つ海外のCCS設備にて製造された水素・アンモニアの輸
入）にしろ、原子力（恐らく高レベル放射性廃棄物は海外処理）にしろ、そのエネルギー源は海外で生産されたものであり、船舶にて輸送する必要がある。 エネルギー産地・輸送ルートで戦争等の有事が起きれば、たちまち日本は「エネルギー枯渇の危機」（輸送ルートでの戦争であれば、新航路にて高いコストを掛けてエネルギーを持ってくる事になる）にさらされる事となる（原子力の場合は日本を巻き込んだ有事の場合、その附帯設備が攻撃目標となる危険性もある）。 またエネルギーを海外依存しているうちは、毎年高いエネルギー代を海外へ支払い続ける事となる（外交面でも海外の顔色を伺い続けなければならない）。 この傾向は「日本のエネルギー自給率」が低ければ低い程、高くなる。 これは再エネ由来の水素等を輸入するエネルギーシステムでも同じ事となる。 それに比して「国内生産の再エネ」は海外の動向にほぼ無縁であり、エネルギー代を海外へ支払う必要もなく、エネルギー代が国内循環する事となり、経済の好循環の大きな要因となる（再エネのメンテ産業も国内に確立できる）。
従って、ここからも「従来電力需要100％（できれば120％）国内再エネ供給プラン」を打ち出すべきです。 仮に120％を達成できれば、有事の際にやはり産業や生活に大きな影響が出るものの日本社会そのものの「麻痺」という最悪の事態は回避できるはずです。
４、熱エネルギーを中心とした省エネルギーに関して・・・省エネルギーを考えるにあたって以下の３つの事が肝要と考えます。 すでに産業設備や各種機器の省エネルギー化はかなり達成されており、大胆な省エネを実現するには、①熱のカスケード利用を義務付けるか、カス ケード利用の達成具合によって税制優遇する。 たとえ上記電力需要に対する国内再エネ電力 120％を達成できたとしても、電気自動車にて電力が上記電力需用比20～25％が不足する事となり、電力から熱への転換は期待できない（事実上不可能）。 国内の木材由来の燃料や各種バイオマス燃料（木材やバイオマスで合成ガスを製造できれば、それからプラスチックを製造できるので、エネルギーとして供給できる割合は非常に少ない）、ゴミ発電排熱を合わせても熱として供給できる量はたかが知れた量にしかならず、多くは海外の再エネ設備かCCS化石燃料より作られた「水素・アンモニア」を輸入するしかない。 この輸入「水素・アンモニア」の量を削減するには、製鉄→化学プラント→食品工場等→オフィス・住宅、と熱の回収・再生
（再利用）を繰り返す熱のカスケード利用が最も効果的である。 ただし中京地区等現在も各種工場が集積している所でしか、多段のカスケード利用は期待できず、多くが各種工場→住宅といった１段の供給となる。 また地方活性化が重要となる中、特定の地方・地域に工場を集中し続けるのは問題となる可能性がある。 ただしこの施策を推し進めることが最も熱エネルギーの削減につながる。 この考え方を進化させ、将来的には町のパン屋・食堂等が「熱供給事業者」として、近隣住宅へ熱供給するシステムを作るべきである。 ②オフィス・住宅の高断熱化、特に窓断熱を義務化するか税制優遇すべきである。ただし住宅・オフィスの築年数と老朽化によって義務化等するか決定されなければならないと思われる。（法制化が非常に難しい分野） また将来的には間仕切りカーテンの部屋内設置と使用推奨によってそもそも就寝時やテレビ鑑賞等くつろぎ時間などに使用するエアコンエネルギーを削減する事を目指すべきである。 ③現況、太陽熱の利用率が極めて低い事が問題と思われ、初期投資も低いので、築３
０年以下など一定の基準を設けて、オフィス・住宅・商業施設に「太陽熱温水器」か「単純熱回収太陽電池（モジュールに貯まった熱を熱として回収するだけのもの）」の設置を義務付けるべきと思われる。 特に「公衆浴場（銭湯）」や「ラブホテル」等熱需要が大きい施設は早期に義務付けが必要と思われる。 ④都市部においてバス料金を高くし、運転手の賃金を上昇させ、公共交通機関の充実を計り、自転車の活用を呼びかけると同時に「都市自動車保有税」
（利便性によって税率の色分けが必要）を設立して、都市部における自動車台数と使用を制限する。 これによって電気自動車で不足する電力を賄うための「輸入水素・アンモニア」の量を削減する。 ④地球の事を第一に考えるならば、各種（工業）製品の地産・地消を推し進めるべきであり、それが世界的に進めばそもそも新規製鉄などの大規模エネルギー装置を大幅削減できる（鉄等金属は電炉か水素炉でリサイクルされる）。 また空き缶に代表される様に容器にエネルギーと資源を投下しすぎている。 こういった産業構造自体を世界的に見直す事ができれば、熱カスケード以上の省エネ効果が実現できる可能性が高い。 現在は無理でも今から議論する事は必要と考える。
５、農地でのソーラーシェアリングとダムのかさ上げ工事に関して・・・荒っぽい計算の結果となるが、農地の10％強に下部農地型の太陽光パネルを設置できれば、4500～5000億ｋWhを生み出せると思われ、「電気自動車分の電力以上の電力」を生み出す事ができ、余剰分は産業用熱エネルギーに使用する事ができる。 現況農作物への熱被害が発生しているので、農学的見地でどこに設置すれば熱被害対策に有効か、光合成を阻害しないか、大規模化や機械化にできるだけ邪魔にならないかを農業技術者に指摘・監修してもらい、大規模設置を目指すべきと思われる。 ただし近い将来の巨大台風に耐えれる構造体とする必要がある。 この考え方を拡張すれば、災害リスク等、場所によるが、川の上部にＨ型鋼などを使用したひどく簡略化された橋げたの様なものを設けてその上に太陽光パネルを設置するといった事が可能となる。（高速道路、鉄道高架、歩道橋などの上にも設置可能） また一部のダムなどですでに行われている浮体式大規模太陽光発電設備を湖などに展開できないか、浮体式洋上風力の付属設備（強い塩害対策が必要）として設置できないか検討を開始すべきと思われる。
ダムのかさ上げ工事は近年の大雨災害のリスクを見るに、その災害軽減効果（近年の精緻な気象予測により事前放流が可能になっているはずと思われる）と水力発電増強の意味から必須である。 このかさ上げ工事は、余剰再エネ電力の蓄電の意味からも非常に重要となる。
６、現行のFIT価格制度の問題点に関して・・・ＦＩＴ制度が開始された当初はかなり高いFIT価格だったので、太陽光パネルの価格低減や風車の価格低減に併せて、一定の価格の下げは必要であったと思われるが、現行「太陽光」、「陸上風力」のみほとんど儲からない様なFIT価格になっている。（そこまで下げられた） これではリスクのみ取って新たな「太陽光」、
「陸上風力」の事業者になる人が現れないであろう。
問題の「太陽光」、「陸上風力」のFIT価格は上げるべきであろうし、「洋上風力」、「地 熱」等高いFIT価格が提示されている発電設備に関しては開発期間を設け、その期間を過ぎた設備に対し（近い）将来逆にFIT価格を下げるべきであろう。（電気料金の国民負担の意味か
ら必要な措置） またドイツを見習い「家庭用太陽光」の買い取り期間を２０年に変更し、その代わり買い取り価格を少し下げるべきであろう。 また「倉庫・工場」に「蓄電池」を設ける事は奨励されるべきであるが、逆に「家庭用蓄電池」は地球資源の観点から制限されるべきであろう。（設置するなら地域ブロック毎に大型のものを設置すべきであろう） 「身近に安く発電できる、「太陽光」、「陸上風力」をもっと大切にしないと「再エネ電力100％社会の構築など夢のまた夢となるであろうし、「ソーラーシェアリング農家」の拡大も絵空事となるであろう。
７、「再エネ社会構築」の際のファイナンスに関して（税制含む？）・・・
①「再エネ設備」、「省エネ設備・工事」（エコキュートや家庭用蓄電池は対象外とし、太陽熱温水器は対象とする）を行った「家庭」、「企業等」に対し、年収や売り上げ、所有資産に対する「上記投資」の割合によって「税」の低減が計られるべきであろう。 ②「株式」の仕組みを変更し、発行株、すでに発行済の「株式金額」に対し、「再生可能エネルギー目的
株」、「省エネ目的株」を発行する事を「市場」に義務付けるべきであろう。 また株式購入者は株に並行して「上記目的株」を割合購入しないといけなくすべきであろう。③適切な（儲かる）再生可能エネルギー導入工事や省エネ工事を行うものへ、その工事金額分、銀行は貸出を行わないといけない様にする。具体的には適切な借り入れ申請を受理しなかった金融機関へ罰則を課す。④企業の内部留保に課税し、内部留保金額に対し一定の割合を超える「再エネ投資」、「省エネ投資」行なえば、課税免除となる形とする。⑤炭素税導入委員会を立ち上げ、
３、４年以内に「炭素税」を導入すべきであろう。
８、銅線盗難対策、台風対策等の「再エネ設備保護・強靭化」に関して・・・「太陽光」等の
「再エネ設備」を国家の重要設備に指定し、この「重要設備」へ損害を与えた者は損害金額の
４、５倍の「賠償金」を「再エネ設備所有者」と国へ折半する形で支払わなくてはならない法律を作る。 近い将来予想される巨大台風に耐えれる「太陽光」、「風力」の設計指針を差し示していくべきと考えます。
９、その他、産業の省力化・省エネ化や人々の暮らしぶりの再編に関して・・・ローマクラブ著「限界を超えて」によると、一人当たりの物質消費量は１９８０半ばのヨーロッパの消費量であった。 それから約３５年がたち、その間適切な環境対策を行わなかった事により、許される物質消費量はずいぶん減っているであろうが、この「許容消費量」以下に人々の「消費 量」がなる社会を国家として目指すべきであろう。 その暮らしぶりに沿ったエネルギー需給を考えていき、２０４５年位までに
達成すべきと考えます。",2024-12-03,2024-10-21,2024-11-28
663,066,30代,"高温ガス炉や他国のホワイト水素探索支援をしそれを活用した安価な水素製造に道筋をつけるべきです。
高温ガス炉の最大のメリットは、水素製造装置の併設を伴わずに
高温の熱を利用して天候に左右されずに水素を作ることができます。
しかも発電コストは既存の軽水炉よりも優れておりkwhあたり7円台です。ホワイト水素も極めて大量かつ安価に水素を生み出せます。
再エネ由来の水素では天候や時間帯の
影響を受けるので安定して水素製造は無理です。そもそも設備利用率の低い再エネ由来の水素で 水素社会の実現などただの空想に過ぎません。 そろそろこのことに気付いてください。
あと、高温ガス炉はウラン燃料のみならずプルトニウムとトリウムも燃料として使えるので既存の軽水炉から出たプルトニウムを消費し使用済み核燃料の放射線量を劇的に減らせます。 これは高速炉よりもよほど現実性の
ある話です。
高温ガス炉の燃料にトリウムとプルトニウムを使えば10万年の地層処分年数から800年くらいまで放射線量を低減できる可能性があります。
高速炉の300年までの低減には及びませんが、それでも高速炉よりは技術確立の可能性がよほど高いのが高温ガス炉ですし核燃料サイクルの新たな選択肢になる可能性は高いです。
ここの高音ガス炉によるサイクル技術を推進すれば使用済み核燃料の放射線量も低減できるので国家としてもっと予算をつけるべきではないでしょうか？
すなわち、高速炉ばかりに予算を注ぎ込むよりも高温ガス炉にも注ぎ込んだ方が水素社会の実現と使用済み核燃料の放射線量低減の両立ができますのでＧＸ債をぜひ高温ガス炉開発や新 設、リプレイスに充てるよう政府に提言ください。
なお、調整力は蓄電池では置き換えられないので高効率火力も引き続き新設が必要です。これらの建設費や追加の環境対策はGX債で
補填すべきですし電気代に表示させてはなりません。
この意見箱でも再エネを増やせ！蓄電池やEVを増やせ！と書いてる人間がいますが、彼らは軒並み勉強不足です。
そもそも設備利用率の低い太陽光発電や風力発電を増やしても結局出力調整や送電網整備に金がかかるので原子力や高効率火力よりも
莫大にコスト増加になりますしライフサイクルアセスメント評価をしても再エネや蓄電池はそもそも環境にすら良くないしレアメタルやレアアースを大量消費し資源枯渇や中国に加工が依存しており利益を渡すことになり
結果として間接的に軍事費に回されていることが世界で見落とされてます。これも国際会議で問題視すべきだし国連やIEAなどにも猛反論すべきです。
よろしくお願いします。",2024-12-03,2024-10-21,2024-11-28
664,066,60代,省エネと再生可能エネルギーの普及を最優先でとりくんで欲しい。2050年実質ゼロカーボンではなく、1.5℃目標が重要で、新技術や原子録発電ではなく、再生可能エネルギーが普及できる仕組みをきちんと作って欲しい。,2024-12-03,2024-10-21,2024-11-28
665,066,40代,"RABモデルの導入を強く反対します！！！
世界は再生可能エネルギーの拡大に注力する中、日本はなぜ、それに逆行する政策をすすめるのでしょうか？次を担う世代に負の遺産を引き継ぐわけにはいきません。こんな重要な政策をひっそりと進めようとするなど卑劣極まりません。
原子力発電は、建設コスト、維持費、危険性、さまざな観点からもう稼働すべきではありません。",2024-12-03,2024-10-21,2024-11-28
666,066,,"①エネルギー基本計画の策定にむけて、東北大学の明日香寿川教授と議論し、意見を一致させて情報を公開してほしいです。
②10月16日に「原子力に関する動向と課題・論点」という議題で議論があったと思いますが、最終的に「原発産業は衰退しているから国からの支援が必要」という主張があったと思いま す。衰退しているのになぜわざわざ支援してまで立て直さなければならないのか疑問です。衰退しているのであれば、基本的には他の世界の動向にあったエネルギーへと切り替えるのが普通ではないのでしょうか。 youtubeで公開されている議論をたまに目にしますが、その中で「再エネだけでは不安定なので、安定性の補完するのに原発には競争力がある」との主張がありました。しかし、①の明日香先生などは、原発に頼らずとも十分にやっていける道を示す資料を公開しています。すべてには目を通せていませんが、公開されているかぎりの議論では十分だとは思えません。
原発の悪いところ（非人道的なところ）は、「災害時、命を失うリスクを負ってでもその恩恵を受けたいという人だけが利用する」ということができないところです（災害が起これば反対派の人も含め、広く周囲の人の命を巻き込むことになるので）。その点で、本来競争力以前 に、原発は「ないに越したことはない」ものです。脱炭素電源オークションなどで全国民から電気料金として徴収するやり方も認められません。
人道的な政策を検討願います。
③次世代核融合炉について、何かの議論で「原発ではない」との主張がありましたが、技術的なことはわかりませんが、②のように災害時に他者の命を巻き込むような性格がある場合は原発と同じようなものなのでご注意ください。
④気候変動対策をするためには生活水準を下げなければならないと思っている人と、そのような考えは時代遅れだという人がいるようです。どちらなのか、あるいはどのような政策をとればどちらかの結果になり、その場合どのような人たちに影響が出るのかを早急に明確にする必要があります。難しいかもしれませんが、正確な情報をメディアで発信してください。",2024-12-03,2024-10-21,2024-11-28
667,066,80代以上,国の方策の原子力エネルギーを廃止し、 再生可能エネルギーにすべしと思います。,2024-12-03,2024-10-21,2024-11-28
668,066,50代,"脱原発、脱石炭火力を希望する。
再生可能エネルギーの利用を拡大する政策の強化を希望する。
私は補助金を使わせてもらって、太陽光発電を設置したが、もしもの停電の時に利用できるという安心感は大きいし、電気代が減少したこともありがたい。
目先の利益だけを追うのではなく、長期的な視野にたった政策を希望する。
原料に輸入し続けなければならない方法ではなく、国内の資源を使う方法を選んで欲しい。技術開発にもっと支援をすべきだ。",2024-12-03,2024-10-21,2024-11-28
669,066,60代,"太陽光や風力等の再生可能エネルギー推進に反対です。理由は以下の通り。
①自然が破壊される。
②太陽光パネルの設置で景観が悪くなる。
③電気代が高くなる。
④利権の温床になる。
⑤外国企業に日本人の税金が流れる。
小型原子力発電の推進を希望します。",2024-12-03,2024-10-21,2024-11-28
670,066,60代,"原発それぞれに関わる費用を公開して欲しい。
誘致から最終処分まで。電力会社と国が支払った額、将来的に負担が出る金額を。
これが無いと経済的にどうと言われても、わからない。原発関連で得る企業、地域等のプラス分も公開すれば、良いかと思う。
原発推進にかける費用をなるべく多く、他の電源開発に回して、安心安全な皆が頼れる電気ができればと考える。",2024-12-03,2024-10-21,2024-11-28
671,066,70代,"原発事故から何が回復されているでしょうか。13年経った今も、廃炉の行程も出ない、見通しは全くたっていない。汚染水なのに汚染水といってはいけないと海に放出している。まだまだ増える汚染水。どれだけの量になるか見通せない。国民の命を守る施策が求められています。老朽原発まで60年以上の運転を可能とする稼働延長など原発推進政策へと転換しているのは許しがたい。国民のことを考えての施策とは全く思えない。能登の地震の時には、珠洲原発がなくて本当に良かったと誰もが思ったことでしょう。なぜに原発へ戻ってしまうのか。そこには何があるのか。国民の利益とはならず危険な原発を何故推進するのか。お金がかからないということも全く事実に反していることは福島をみればわかることでしょう。事故がなくても、今や原発は金がかかると世界的にも明らかになってきています。原発に頼らないエネルギーへの転換を強く求めます。
エネルギー基本政策策定プロせつに市民が参加する場は殆ど無い。多様な立場の専門家や環境団体、市民の参加による国民的議論をおこなってほしい。
脱原発・脱炭素・再生可能エネルギーへの転換を求めます。",2024-12-03,2024-10-21,2024-11-28
672,066,60代,原発の新設反対、順次稼働停止、再生可能エネルギーの活用を促進する。気温上昇は止まらず、このままでは地球温暖化は止まりません。,2024-12-03,2024-10-21,2024-11-28
673,066,70代,"日本は、火山列島です。原発を止めて、もっと地熱発電に移行したほうが良いと思う。原発は、止めないといけない。
政府の方針は、逆行している。",2024-12-03,2024-10-21,2024-11-28
674,066,70代,"電気自動車の推進.
他各家庭の屋根を太陽発電にする。
それらを連動して蓄電池利用を進める。不定期発電、少量発電の利用を進める。",2024-12-03,2024-10-21,2024-11-28
675,066,50代,"脱原発、脱石炭火力を脱炭素政策の柱として早急に実現することを求めます。 EUや米国では再生可能エネルギー開発を加速し、気候危機やエネルギー危機の克服を目指しています。一方、日本は脱炭素化にむけたGX推進を打ち出し、原発の再稼働や次世代型新炉新 設、60年以上の運転を可能とする稼働延長などの原発推進政策への転換や、CCS/CCUS力で石炭火力の延命や石炭火力の温存政策をとっています。
東京電力福島第一原発ではいまだ廃炉の見通しも立たない状況の中、原発推進は日本ですべきでないことは明らかです。
再稼働、運転延長、新増設・リプレースや新型炉の開発などを一切やめ、原発に頼らないエネルギーへの転換を求めます。また、「地球加熱化対策」は地球規模で最優先事項です。火力発電の中でも一番多くのCO2を排出する石炭火力を廃止し、化石燃料からの脱却を求めます。
2035年の再生可能エネルギー電力目標80％以上にすることを求めます。
2022年G7サミットでは「2035年までに電力部門の全て、または大部分を脱炭素化する」目標が合意されており、70～80％という高い再生可能エネルギー導入目標をもっています。2035年の電力の脱炭素化を日本で実現するには、再生可能エネルギー電源の導入をいっそう加速するしかありません。政府は、古いエネルギー供給体制や産業の維持に固執するのではなく、再生可能エネルギーへのエネルギー転換をすすめるべきです。
エネルギー基本計画の議論への市民参加と策定にかかる主要会議の委員構成の改善を要望します。
現在エネルギー基本計画策定プロセスには、市民が参加する場がほとんどなく、委員構成も業種、年齢、性別に偏りが見られます。審議会における検討に若い世代を含む多様な立場の専門家や環境団体、市民の参加を確保するとともに、民主的で透明なプロセスによる「国民的議 論」を行うことを求めます。",2024-12-03,2024-10-21,2024-11-28
676,066,30代,"IPCC第６次評価報告書（統合報告書）では、「2035年までに世界全体で60%の温室効果ガスの削減、二酸化炭素でいうと65%の削減が必要」という更なる削減を求めています。先進諸国は、2035年までに電力部門の再生可能エネルギー導入目標を70～80％とし、再生可能エネル ギーへのエネルギー転換を加速しています。一方、日本政府はGX脱炭素電源法案を可決し、東京電力㈱福島第一原子力発電所事故以来、原発への依存度を下げるとしてきた方針を撤回し、原発推進に舵を切りました。事故の終息も未だ見えず、巨大なリスクを抱える原子力発電は即刻廃止すべきです。
しかし政府は原発のリプレース（建て替え）を進め、さらに新増設にも踏み込むために、発電事業者や投資家の要請に応じて、巨額の建設コストを含む原発のコストを、稼働して発電する前から電気料金に上乗せして消費者負担とする新たな制度「規制資産ベース（Regulated Asset Base, RAB）モデル」をこっそりと検討しています。実質的には原発の新規建設への新たな補助金制度であり、世界の潮流である電力システムの自由化や市場化の流れに逆行するものです。
現在、原発の建設費用は急上昇しています。今や１基数兆円にのぼる例もあり、建設期間は長期化し、発電コストは再生可能エネルギーよりはるかに高いものになっています。また、原発の新設および稼働延長の温室効果ガスの削減コストは、再エネよりも数倍高く、温暖化対策にもマイナスです。
このように状況にもかかわらず、政策決定に関わる政府の審議会や委員会の今のメンバーの多くは、原発と化石燃料に依存したエネルギーシステムの維持によって利益を得る人々です。このままでは、いびつで偏った政策決定システムによって、多くの国民が知らないうちに、 RABモデルの導入が決まってしまいます。RABモデルの導入や第７次エネルギー基本計画での原発新増設への方針転換に、強く反対します。
食とエネルギーの自給は「国民のいのちを守る」安全保障の観点からも大変重要であり、国産のエネルギーは再生可能エネルギーしかありません。私たちは、日本政府のエネルギー政策に対し、再生可能エネルギーへの転換の加速とそのための制度政策の転換を求めます。",2024-12-03,2024-10-21,2024-11-28
677,066,40代,"外国に頼らない、自分の周りからのエネルギーを使えるように整えていきたいです。
資源に限りがあること、地球や生き物の命を繋いでいくことも考えると、原発・化石燃料を使わないで、再生可能エネルギーへの転換が必要ではないでしょうか。
再生可能エネルギーの研究発展のために投資をしていくこと。課題はあるのだと思うのですが、課題の解決のためには投資と研究は必須だと思います。",2024-12-03,2024-10-21,2024-11-28
678,066,50代,まだ福島第一原発の件が終息してないのに、原発の再稼働や新規建設はあり得ないと思いま す。未来のためにも省エネと再生エネルギーで賄えるように進めていく方針にする必要があります。,2024-12-03,2024-10-21,2024-11-28
679,066,60代,"現在進行中の福島の惨事に目を向ければ、多大な資金を投入し続けても、未だ明確な解消方法も見つけられず、未来への不安も拭えない状況で、原発を推し進めていく理由はどこにあるのでしょうか？
人類が地球にかけている負荷の過大さを認識し、使いたいだけ電力を確保していくという考え方から、事故当時のように、必要な量に抑える努力を国民にも求めるとともに、再生可能エネルギーへのシフトをより加速していくことで、気候変動への対策を進めていくことを望みま す。",2024-12-03,2024-10-21,2024-11-28
680,066,10代以下,"今、国は将来電力需要が激増する前提で議論を進めていますが、実際に電力需要が激増する可能性は低いことが分かっています。グリーントランジション2035によると、2010年以降世界のインターネット利用者数は2倍以上、世界のインターネットトラフィック（一定時間にネットワークに流れる情報量）は25倍に拡大しましたが、世界のICT部門における電力消費量は2007年から2020年までの13年間で23％しか増加していません。また、2010年から2018年の間にクラウドを介したコンピュータの仕事量は550％増加したものの全世界のデータセンターのエネルギー消費量は6％しか増加していません。
そして、これから少なくとも短中期的にはICT部門において省エネ、再エネの導入拡大傾向が続く可能性が極めて高く、デジタルサービスの需要の拡大と同じペースで電力消費量が急激に増加する可能性は極めて低いと考えられています。そのため、今の方向性のまま議論を続けるとせっかく作った発電所が無駄になるだけでなく、気候変動対策も進みません。
電力需要が激増する可能性は極めて低いと考えられるので、議論の方向性を見直してください。",2024-12-03,2024-10-21,2024-11-28
681,066,30代,"北海道新聞など左派メディアが北海道での使用済み核燃料の地層処分に反対してましたが、この報道における非科学的な問題点を以下にまとめます。
1.長期管理期間の誤解の助長
「10万年」という長期管理が必要だと強調されていますが、実際には再処理をして高速炉を使えれば300年、高温ガス炉なら800年程度で放射能レベルが大幅に低下するため、管理期間は炉の種類によって異なります。これを無視し、「10万年」を強調することで、過剰な不安を煽っています。
極めてミスリードな報道です。
そもそも核のゴミというゴミを捨てるかのような言い方ですが、被曝量が重要ですのでゴミという言い方には猛反論すべきです。
ゴミではなく被曝量が重要でありそれはしっかり測定して他県と有意差がないことを示せば良いだけです。
北海道内での地層処分に反対する風潮が強いのは北海道新聞など反原発、再エネゴリ押しのメディアの影響と鈴木知事など自治体関係者の科学リテラシーの低さが原因です。
このような不勉強な知事には徹底的に国が被曝のところから説明すべきです。
彼は小池百合子や小泉進次郎などと同様に科学リテラシーの低さからエネルギー政策で再エネをゴリ押しし的外れな発言を繰り返してます。
再エネは蓄電池のコストや送電網増強費用を
除いてますがこれらは追加して計算すべきなのです。
ワーキンググループや専門家は蓄電池のコストや送電網増強費用はどのくらい入れるか分からないので加えられないとしてますがこれは将来入れようとしてる電源構成にした場合
どのくらい送電網増強費用がかかるか、火力を無くした場合に蓄電池をどのくらい入れる必要があるか、梅雨の時期に停電させないためにはどのくらい加える必要があるかなどを
本来ワースト条件で計算すべきなのです。これを計算せずに再エネを安く見せるのは現実のコストと大きく乖離してます。 2.火山リスクの過度な強調
地下300メートル以上の深さに埋設することで火山活動の影響はほとんどなくなりますが、報道では第四紀火山（258万年前以降）ばかりを問題視しています。
このような過去の火山活動のリスクを過剰に取り上げると、日本国内での適地選定が不可能に近くなりますしそんなことを言い出したら地熱発電も全て危険ということになります。
原発関連についてだけイデオロギーで反対しており非現実的なリスク評価がされています。 北海道新聞など左派メディアの本当の狙いは地層処分を断念させ自身のイデオロギーの反原発の風潮を煽るために記事を書いている可能性が極めて高いです。
そもそも北海道新聞や左派メディアの関係者は自身が存在していない10万年後の話など興味があるわけがありません。
綺麗事を書いて不安を煽り自身の反原発のイデオロギーで書いてるだけです。 3.技術進歩の無視
未来の技術進歩によって、放射性廃棄物の管理方法がさらに改善される可能性があるにもかかわらず、報道ではあたかも現行技術のまま10万年先まで管理が必要であるかのような印象を与えています。これは現実的な見通しを欠いています。
4.反原発視点からの偏った情報提供
地層処分の科学的な安全基準に基づいた冷静な議論ではなく、火山リスクや管理期間を強調することで、原子力反対の立場を支持するような印象を与えています。このような一面的な報道は、原子力エネルギーに関する建設的な議論を妨げる可能性があります。
これらの問題点から、北海道新聞など反原発メディアの報道、北海道の鈴木知事のイデオロ ギーを剥き出しにした反対の姿勢は非科学的な視点を含んでおり、科学的根拠に基づいた合理的な議論を阻害していると考えられます。
これは猛反論すべきです。
もし万が一本当に危ないならば、別の候補地を模索すべきです。",2024-12-03,2024-10-21,2024-11-28
682,066,30代,"化石燃料はやめてほしいです。
そして、気候危機に対する対策を国でしっかりやって欲しいです。
現状は悪化しているのにも関わらず、あまりにも問題を軽視しすぎていると思います。経済も大切ですが、このままではすぐ先の未来も危ないと思います。
0.衆院選たけなわなので、政党立候補者の政策を点検してみた。 (1)原発活用を訴える政党からして、原子力に関する人物金の経営資源確保を何も言わない現状からして、何も分かってなさそう。
産業界のキングボンビー：原子力ムラの労働組合に応援されている政党ですら、第一に言うことは’手取り収入増やします’だし。 (2)特に理工系人材が取り合い＝充足率最低（日経新聞10/23準拠）の売り手市場なら、男女問わず遺伝子が傷付く原子力産業に進まないし
何より親が’アンタがやらなくても別の人がやる’と止めるだろう。",2024-12-03,2024-10-21,2024-11-28
683,066,40代,"1.原子力発電所が過酷事故になった際に、安易に便利屋扱いして自衛隊員を犠牲にしないでほしい。
自分が幼い頃から自衛隊員を生身の人間として感じてきたので余計にそう感じるのだろうが、日本に取りついた貧乏神：原子力ムラは、自らの失敗を最後自衛隊に丸投げする傾向が強い。 (1)福島第一原発事故当時、東電経営陣が自衛隊幹部に「自衛隊に原発の管理を任せます」と口走り、頭の天辺まで真っ赤にさせる位怒らせた（出典：原発事故 最悪のシナリオ石原大史著） (2)ウクライナの原発をロシアが攻めた事象を何も振り返っていない。とある政党候補者が’原発攻めるのは簡単。外部電源を切断して復旧作業させないようにするなら自衛隊員10名もいらない。24時間電源喪失させれば良いだけ’と選挙演説で物騒なことを言っていた（↓24:58
～）。311後、欧州のドキュメンタリー番組で同様のテーマを取り上げていたのはご承知と思うので
これも公開公共情報だろう。
2.AI／データセンターやらで電力需要増大するから原発をと謳っていらっしゃるが、大元の半導体をはじめとする電子部品消費電力がどの程度減る想定なのか議論されないのが不思議。 少なくともムーアの法則（＊）を基にパソコン／スマホなどの過去データから推計できるし、電子部品の消費電力にも応用できる論理の筈。現にその方向で各社開発していると聞く。
＊これを知らない貴省庁審議員・委員・職員は無知蒙昧も程があり任に堪えないので、即刻辞めてほしい。
3.10/26夜時点で政権がどうなるかは分からないが、確実に貴省庁政務三役は代わると思われる。
秘書官の任命や再度の大臣等レク、そして国会招集後の質問主意書をはじめとする国会対応、一層ご奮闘いただきたい。何せ新潟県選挙区は原発再稼働に慎重な候補が席巻しそうだから。",2024-12-03,2024-10-21,2024-11-28
684,066,40代,"1.5度目標に整合した、温室効果ガスの大幅な排出削減を実現するため、太陽光・風力発電を中心とする再生可能エネルギーの大幅な導入、導入目標の引き上げをお願いします。
原子力発電は、日本における運転には、国土そのものを失うことを含む、大きすぎるリスクが存することから、早期の廃止が必要です。
石炭火力発電からの早期フェーズアウトも必要です。
太陽光発電には屋根置きや、ソーラーシェアリングを含む農地の活用に大きなポテンシャルがあり、これらが適切に活用されるよう、導入を促進させるような政策を望みます。
洋上風力発電にも大きなポテンシャルが期待されることから、こちらの導入加速も必要と思います。
環境省の調査からも明らかなように、わが国には再生可能エネルギーの大きなポテンシャルがあり、これらを活かし、化石燃料の輸入を減らしたり、原発を廃止して事故のリスクをなくしていくことこそ、わが国の安全保障や国益にも資するものと考えます。",2024-12-03,2024-10-21,2024-11-28
685,066,40代,原発は使わないでほしいです。,2024-12-03,2024-10-21,2024-11-28
686,066,10代以下,"ぼくは原発が嫌です。
原発が嫌な理由は、「安全」でないからです。
広島、長崎に原爆が落とされた後に原発を造り、そして2011年3月11日に福島第一原発の事故が起こりました。原発を作った時は安全でクリーンなエネルギーだったかもしれません。ですが、今では核のゴミをどこに捨てるかが問題になっています。そのままにしておくとぼくたちが大人になった時にとても困り、また次の代の人たちに任せてしまうかもしれません。日本の核エネルギー問題は全て人任せでここまで来てしまったのです。だから、原発を新たに造るのはやめて欲しいです。",2024-12-03,2024-10-21,2024-11-28
687,066,50代,"エネルギー需要が増え続けることを前提に原発を稼働させて将来の世代につけを回すのは絶対反対です。原発の恐ろしさや問題点はわかっているはずなのに、なぜ勇気をもって引き返さないのでしょうか。
モノやサービスをたくさん用意して必要以上にたくさん売ったり配ったりして景気を拡大するという今までの社会のあり方を変えなければ地球環境はもうもちません。本当に必要なエネルギーの量を見極めて、みんなで協力してそれを達成していかなければなりません。",2024-12-03,2024-10-21,2024-11-28
688,066,50代,"脱原発です。原発ゴミ問題。トイレの無いマンションと揶揄されてもなお稼働し続けるのは未来の子供達に負の遺産を残す事である。
再稼働や60年以上の運転を可能とする稼働延長など危険すぎます。
そもそも東京電力福島第一原発ではいまだ廃炉の見通しも立たない状況の中ての原発推進は容認できるものではありません。
普通に考えても南海トラフと騒ぎなから原発は動かしてるのはおかしいです。東京は不要な電力で溢れてます。作る一辺倒でなくムダを減らす事も必要です。",2024-12-03,2024-10-21,2024-11-28
689,066,50代,"気候危機がこれだけ深刻な中で、審議会に環境団体や若い世代の委員がいないことは大きな問題です。
原発増設は絶対に反対です。再エネをどうやって増やすかという点をしっかりと審議して、計画をつくってほしいです。",2024-12-03,2024-10-21,2024-11-28
690,066,20代,"1.5度目標に整合した計画を
気候変動を止めるため、再エネ優遇、石炭石油エネルギー増税など有効な対策をしてほしいです。
今年は10月になっても夏場が続き、明らかに国民の生活に異常をきたしています。私たちを助けてください。",2024-12-03,2024-10-21,2024-11-28
691,066,30代,原発を段階的に廃止して欲しいです。,2024-12-03,2024-10-21,2024-11-28
692,066,40代,"日本は脱原発を目指すべき。
原発はクリーンだとか、コストがかからないとか、他国と足並みを合わせるとか、事実に基づいた本当の説明をせず都合よい言い方をするのは国のやることではない。
優秀な人材を集めて国家プロジェクトとして進めることもできる。大学や企業などの民間の力を積極的に使うこともできる。
そういうことをして、放射能を経験している国として、世界をリードすることができると思う。",2024-12-03,2024-10-21,2024-11-28
693,066,50代,"私は気候危機対策としてCO2排出を減らすことが必然と考えていますし、その点は多くの人が合意すると思います。ただ、その手段として原発の延命、新たな原発を増やすこと、新型炉の開発がふさわしいとは思えません。
その理由は
①使用済み燃料の最終処分方法も決まっていない、地震や災害の多い日本ではリスクが大きすぎる。
②新しい原発の開発や安全対策にお金をかけるより、再生可能エネルギーを安定的に供給するための技術や送電網の整備にお金をかける方が合理的だから。
太陽光や風力は外国からの輸入に頼ることなく、エネルギーの国内自給という点からもすぐれています。
原発にかける国のお金を、使いやすく低コストの風力発電や太陽光発電、地熱発電などのための機材や、蓄電池の国内開発に使った方が有効だと思います。",2024-12-03,2024-10-21,2024-11-28
694,066,60代,"・報道によれば、エネルギー基本計画の議論の前提として電力需要の見通しが十数年ぶりに増加傾向とあります。節電効果と人口減少で家庭の電力需要は減るが、電力を大量に使うデータセンターや半導体工場の新増設で産業部門が大幅に増えると予測。電源構成は脱炭素を理由に国は原発を最大限活用する方針だと。ベースロード電源としての原発を手放さない理由をこのような事に置くのは後付けという理解しか思い浮かびません。
・脱炭素社会をめざし活動する若者の各団体の意見もそれぞれ。水素の活用に言及する所もあれば、水素活用には時間がかかる故、既存の再エネ（太陽光、風力）促進を重視する団体も。共通するのは有識者会議メンバーに若い世代を複数入れて欲しいと要求していること。ちなみに15会議の委員は50～70代の男性中心。ここを改善し、多様な世代の意見を反映できるしくみをつくるべきです。
・エネルギー源としての水素について調べてみました。
製造方法は化石燃料からと再エネからの二つ。前者は近年二酸化炭素は出さないが化石燃料を消費する点では。再エネ利用もあくまでも余剰を水素製造に使うという点では〇だが再エネ自体の利用価値を考えると×。むしろ貯蔵するような使い方を想定か。開発途上にあるのが木質バイオマスからの製造で国内の未利用材（間伐材など）を使うことで自給が期待できるが気候変動のスピードに追い付けるかどうかが課題。
・若者たちも気候変動対策や核兵器廃絶に声をあげ行動をおこしているというのに、15年も棚ざらしにしていた高速炉「常陽」再稼働容認のニュースは民意を無視しています。膨大な経費
（10兆円）を重ねた核燃料サイクルはとっくに破綻しているのに日本の原子力行政はこれを手放さない。その理由を核ナショナリズムと核抑止の温存ではないかと友人らと話しています。
・福島原発事故の廃炉作業は道半ば。能登半島沖地震による被害救済も進まない。避難経路の確保がすすんでいないのは他の原発も同様、この先も活断層の動きによってはさらなる地震も予測される、その調査も国民に分かるように説明されていない。
・結論は原発の再稼働には反対です。今ある原発は順次廃炉にすべき。新たな原発も必要なし。石炭火力も同様。
再生可能エネルギー（太陽光、風力、地熱、バイオマス）を最大限に活用するために投資、予算をまわすべき。",2024-12-03,2024-10-21,2024-11-28
695,066,40代,2011年の東京電力福島第一原発事故で原発事故の悲惨と被害の甚大さ、影響の大きさから原発の電力は使用したくないです。,2024-12-03,2024-10-21,2024-11-28
696,066,60代,"第7次エネルギー基本計画に対する単協たすけあい福祉委員会政策提案意見
日本は地震大国です。その環境下で起きた東日本大震災での福島第一原発事故は、いまだに終わりが見えていません。原発がある地域では、常に事故への不安を抱えながらの生活を余儀なくされています。
このような国民の安全を脅かす原発の増設・新設に対し、生活クラブは断固反対します。 G7サミットで合意された「2035年までに電源のほぼすべてを脱炭素化する」目標は、原発を推進するということとイコールであってはなりません。再生可能エネルギーへのさらなるシフトに力を注いでください。",2024-12-03,2024-10-21,2024-11-28
697,066,,"原発はひとたび事故を起こせば、取り返しのつかない被害が、広範囲に、長期間にわたって及びます。福島には、未だ帰れない方がおられ、住めない地域があります。そこにあることが当たり前だった日常が徹底的に壊され、これを取り戻すために艱難辛苦の道のりを歩まなくてはなりません。このような思いをする人を、もうひとりも増やさない、福島の事故は二度と起こさない社会にしていかねばなりません。そのために、原発のない社会づくりにわたしたちの英知を結集するべきです。原発の再稼働、稼働期間の延長、新設をやめ、今、動いている原発を直ちに停止し、再生可能エネルギーを主体とする社会づくりに取り組むことを方針としてください。
原料のウランは輸入です。ひとたび世界の情勢が不安定になると輸入ができなくなります。また、核燃料サイクルは稼働の見込みがありません。仮にこれらの課題が解決できたとして も、核廃棄物の最終処理方法は決まっておらず、今、わたしたちが出している廃棄物の責任を次世代に先送りしている問題は解決できていませんし、今後も抜本的な解決に至るとは思いません。原発を継続するために、わたしたちのお金と時間を使うのではなく、わたしたちが暮らす地域で自給でき、お金が循環し、無尽蔵の再生可能エネルギーが主体となる社会づくりに取り組むことを方針としてください。
能登の地震では道路が寸断され、もしこれが、原発事故の避難計画をたてている地域であったならば、その避難計画は全く役に立たないものになるという認識が広く社会に共有されました。このような実効性に危惧をいだくものに多くの力を裂くのではなく、その時間と人とお金を、このような計画を立てる必要の無い再生可能エネルギーを普及させることに使う方針を立ててください。
わたしたちは滋賀県に住んでいます。福井県で原発事故が起これば、放射性物質がびわ湖に降り注ぎ、水や土地が汚染されます。米を初めとする農産物や牛肉などの畜産物、その他、生産している食料のすべてに影響があります。加えて、びわ湖の水を利用する近畿1,450万人のひとびとの暮らしにも影響を与えます。また、避難計画もたてられていますが、およそ現実的だとは思えません。南海トラフ地震の発生も懸念されていますし、日本は、いつどこで地震が起こってもおかしくはない状況です。わたしたちの暮らしを崩壊させ、実効性に疑問と不安を感じる避難計画をよりどころをしなければいけないような状況は、原発を無くせば無くすことができます。原発を無くし、再生可能エネルギーが主体となる社会づくりを方針としてください。",2024-12-03,2024-10-21,2024-11-28
698,066,70代,"脱原発、脱石炭火力、脱炭素政策の柱として早急に実現することを求めます
エネルギー基本計画を改正し、２０３５年の再生可能エネルギー電力目標８０％以上に
発電と送配電の所有権分離と再生可能エネルギーの優先接続・優先給電政策にしてください地域ごとの発電を推し進めてください",2024-12-03,2024-10-21,2024-11-28
699,066,,"私たち生活クラブ生活協同組合（茨城）は、FECの自給圏づくりを掲げて、F（food）食を守 る、E（エネルギー）地球環境を守る、C（ケア）たすけあいの輪をひろげる活動に取り組んでいる消費生活協同組合です。これまでも「脱原発」「エネルギー自給」「CO２削減」を基本とし、省エネ推進活動や再生可能エネルギーの発電所の建設と供給事業をすすめています。
今回の第7次エネルギー基本計画の策定への意見要望を提出します。
・脱原発・脱炭素と再生可能エネルギーへのエネルギー転換の加速を求めます。
『2035年の再生可能エネルギー電力目標80％以上を求めます。』
今回の第７次エネルギー基本計画の策定に当たっては、世界各国の動向・G7サミットでの合意に基づいた高い目標を掲げて取り組むことで、国際社会への責任と貢献を期待します。 2023年にIPPCは「2030年に世界全体で温室効果ガスを43％削減する」目標に加えて「2035までに世界全体で60％の温室効果ガスの削減、二酸化炭素でいうと65％、2040年までには80％の二酸化炭素の削減が必要」としています。
また、2022年G７サミットでは「2035年までに電力部門の全て、または大部分を脱炭素化す
る」目標が合意されたおり「70～80％という高い再生可能エネルギー導入目標」を掲げて各国とも取り組んでいます。
日本でも高い目標を掲げ、更に目標達成していくには再生可能エネルギーの導入を加速させる必要があると考えます。 GX推進で打ち出された、原発の再稼働や次世代革新炉新設、原発の稼働延長には反対です。 国内初の原発の始業から60年が経過するも使用済み核燃料の最終処分がいまだに決まっていない状況にあり中間貯蔵施設も限界になりつつあります。老朽化した原発の稼働は事故や故障のリスクが高まります。複合災害として原発事故が起こった場合、避難も救援も復興も見通せません。
なにより、新設、増設は建設に時間がかかり、間に合いません。 CCS/CCUS火力で石炭火力発電の延命・温存する政策は、脱炭素化の流れに逆行しています。また化石燃料は全て輸入となります。安全保障上からも国内で調達できる再生可能エネルギーへの転換がふさわしいと考えます。
自然エネルギー財団による「2035年エネルギーミックスへの提言」によると、太陽光発電の普及、風力発電、農業、林業、酪農業等とともに再生可能エネルギーの開発等に最大限に取り組んだ場合、再生可能エネルギー導入80％も可能という提言が示されました。この結果、ＣＯ２排出を70％以上削減できると試算されています。
また、再生可能エネルギーの導入を加速させるには、手続きや審査の最速化等の制度整備も必要と考えます。
一方、再生可能エネルギーなら何でもよいというわけではありません。大規模集中型のエネルギー技術を単に小規模分散型の再生可能な資源に利用する技術転換だけでなく、より多くの 人々の生活に資する形の導入をすすめることが求められます。
深刻化する気候危機とエネルギー危機に対して、再生可能エネルギーによる脱炭素化の取り組みへの転換を加速化させていくことを要望します。",2024-12-03,2024-10-21,2024-11-28
700,066,60代,"政府は東関東大震災の（まだ終わっていない）悲劇を忘れたのでしょうか。再生可能エネルギーに変換を推進することを望みます。
国民を欺き、国民を犠牲にする原発は廃棄の方向に進めてください。その上で、地球温暖化に対してどのような対策ができるのか、「長い目で」考えてください。短絡的に、「CO2を減らすために原発依存」という考え方はやめてください。将来、子どもや孫たちに安心で安全な地球を残したい。政治家の皆さん、省庁の皆さん、そう思いませんか。",2024-12-03,2024-10-21,2024-11-28
701,066,70代,"現在クリーンエネルギーシフトとして車のEV移行が推奨されているように思います。車の排ガスが環境問題の悪玉にされているようですが、環境への負荷は実際にはもっと別の問題があるはずでしょう。目に見えるものを取り上げて騒いでいるのが自動車。
こんなことを次世代エネルギー問題への提案のトップに上げるのは相応しくないと思っていますが、このような一方的な問題提起こそ現在のエネルギー問題の底辺だと思います。
まず現在の最も自由度の高いエコエネルギーは電気でしょう。世界中のあらゆる産業、生活の基本として考えられるエネルギーですね。しかしその電気が何から得られているのかを見れば、化石燃料からですね。石炭、石油が筆頭でしょう。この悪玉化石燃料の燃焼から電気を得ている。しかし問題のCO2が副産物。これを減らそうと躍起になっていますが、それらが生み出す電気エネルギーに匹敵する電気エネルギーは現在の自然エネルギーでは賄いきれていないでしょう。
人類が今後とも地球上で生活をするためには、少なくとも現在行われているCO2削減努力と自然エネルギー促進を強力に進めながら槍玉に上がっている自動車のCO2問題はしばらく置いといて、自然への環境負荷を極力かけない方法でエネルギーを得らなければならない。たとえばソーラーパネルの問題。生産、管理、処分、リサイクルの適正管理。風力のバランスの悪い発電の管理。小規模水力発電、バイオマス発電。さらにパーム油での発電など、本当のエコ発電を真剣に検討して行かなければならない事態です。そして大問題の原発ですが、これがCO2を出さないからと言って、では廃棄物の処理は出来ていますか？ゴミ溜めの無い垂れ流しの施設を作り続けても良いものかどうか。
やっと提案です。原発はやめましょう。しばらくは動かざるを得ないけど。その間に自然エネルギーを進める。高効率バッテリーなどの開発に国力を注ぐ。EV自動車などの目先のごまかしはずっと先に電力が余るような場合にやっと出てくる問題でしょう。とは言え
自然エネルギー発電には十二分の注意を払って環境負荷を極力抑える政策も必要です。
電気エネルギーを自由に使ってる、今のうちに先を考えていかなければならないと思い、微力ながら提案などを通じて関わっていくつもりです。",2024-12-03,2024-10-21,2024-11-28
702,066,20代,"気候変動は差し迫った危機です。
すでに気候変動によって威力が増大した災害は、日本でも多く起こっていて、その中には死者が出てしまったものも含まれます。
今後温室効果ガスの排出の削減が充分に進まなければ、このような異常気象の威力はさらに強まり、頻度も高くなることがシミュレーション予測によって示されています。
この変化が不可逆になってしまう前に一刻も早い緩和策が必要となり、そのためには石炭火力発電など、温室効果ガスの排出量が多い発電方法はただちにやめ、脱炭素電源への移行を早急に進める必要があります。
また、火力発電のための燃料はほとんど他国に依存している一方、近年再生可能エネルギーは急激に安価な電源になっています。
日本のエネルギー政策において、上記の転換を図ることを望みます。",2024-12-03,2024-10-21,2024-11-28
703,066,30代,"RE100をAppleなど大手は求めてくる割に彼らはそのコスト上昇をサプライヤーに払わないし口だけ偉そうに出してくる悲惨な状態です。
つまり、アドバイスとか口だけは出してくるが最終価格には反映するなというめちゃくちゃなことをサプライヤーに求めてくるのがAppleやEUの大手企業です。
これは日本側から強く反論すべきで、RE100とやらを求めてくるならその上乗せでかかるパネルのコスト、蓄電池のコストなどをAppleなどに払わせる仕組みにすべきです。
それをAppleなどが断りサプライヤーに払わないなら導入するとサプライヤーの業績に深刻な影響があり給与も上げられなくなりますしサプライヤーに金を出さないならサプライヤーに偉そうに再エネ導入を求めてくるなと日本は
猛反論すべきです。
そもそも、RE100というのは環境活動家が騒いで求めてきてるものですがライフサイクルアセスメントというもので評価しレアメタルの採掘、精錬、加工の環境負荷や製造過程のCO2を含めると全くCO2は減ってないどころか一時的には火力発電よりも大幅に排出されます。
データをお伝えすると蓄電池のCO2量はkwhあたり数十kgから数100kgですが、最新の石炭火力のIGCCではわずか670gです。
よってむしろ蓄電池の方がかなり出ておりますしハイブリッドなどでも同様でEVの方がバッテリーが肥大化するので製造過程のCO2量は増えるのハイブリッドとのCO2量を逆転するのは電源構成によるものの10年近くかかるというデータもありその頃にはEVのバッテリーは劣化して交換する時期になりますので実は15年ほど同じ車に乗る場合はEVでバッテリーを一度交換するよりもハイブリッドの方がトータルCO2は少なくなります。
さらに再エネや蓄電池はレアメタルやレアアースを大量消費するため中国に加工の面で利益が渡りますし水質汚濁があるので日本が代替えは無理です。
つまりEVや再エネ、蓄電池が環境に良いというのもそもそも間違ってるので小泉進次郎などの再エネゴリ押し議員、環境省、外務省、与野党、経産省に上記を説明してください。
ちなみに、2022年のドイツのCO2係数は約430g/kwh、東電の同時期は約370g/kwh
なのでドイツなどから日本に炭素税を求められたらあんたの国の方が発電分野のCO2係数が悪いのだから逆に日本に払うべきだと反論
すべきです。 EU、国連、各国政府、テック企業にも面会し上記を伝えて猛反論してください。
そして、原子力由来や高効率火力の電気も工場の稼働として認めないとRE100なんかをやるとコスト上昇だけでなく電力が不足し工場がいつ止まるか分からなくなります。 AppleなどもRE100と言ってるが実際には彼らは天候不順の時は火力由来の電気も買ってきてますし蓄電池を入れる金があるからです。日本のサプライヤーにそんな金はありませんので
アップルやEU、国連連中の再エネをサプライヤーに強要する傲慢さは言語道断です。梅雨の時期などでバッテリーで安定供給するのは物理的に不可能です。
とにかくサプライヤーに過度に再エネや蓄電池を求めてくるEU、国連、アメリカのテック企業などにも上記を説明し反論すべきです。",2024-12-03,2024-10-21,2024-11-28
704,066,40代,"国民の限られたセクターの方だけでない議論を行った上で基本計画の見直しをおこなってください。
原発については廃棄物の処理問題が解決しない限り安全面の観点から頼ってはいけないものと考えます。
持続可能な自然エネルギーの活用を求めます。",2024-12-03,2024-10-21,2024-11-28
705,066,,"１．第7次エネルギー基本計画の目的は、2050年に平均気温を工業化以前から1.5℃未満に抑制することであり、そのためには脱炭素社会の構築が必要であることを明確にすべきです。
・「パリ協定」は、平均気温の上昇を工業化（1850年頃）以前から2℃を十分に下回るレベルに維持すること、1.5℃への抑制を努力目標としました。現在は2℃ではなく、1.5℃未満を目標とすることが国際的な合意となっています。
・2023年は世界の平均気温は、過去最高となり2024年はこれを更新すると予測されており、地球沸騰化の時代が始まっています。人類の健全な生存のために、脱炭素社会の構築が喫緊の課題となっています。
・しかし、石破首相の所信表明演説では、こうした気候変動への危機感はなく、エネルギー政策は経済政策としてしかとらえられていません。脱炭素社会をめざすエネルギー政策は、気候変動対策だけでなく、再生可能エネルギーによるエネルギーの自給自足による地域再生、自然災害を緩和させる防災対策にもつながるという位置づけを基本計画の中で明確にすべきです。
２．世界第６位の累積排出量の国としての責任を果たす温室効果ガスの削減目標に引上げ、その目標達成に見合うエネルギー基本計画を策定すべきです。
・現在の日本の温室効果ガス削減目標は、2030年に2013年度比46％削減とされ、50％の高みをめざすとされています。
・2023年に開催されたCOP28では、平均気温の上昇を1.5℃に抑制するためには、2019年比 で、世界の温室効果ガスの排出量を、2030年までに43％、2035年までに60％、2050年までに実質ゼロにすることが必要であることが確認されました。現在の2030年の削減目標を2019年度比でみると約37％削減に留まります。2019年度比で43％削減を達成するためには、2013年度比で約51％の削減が必要です。また、2035年の削減目標2019年度比60％をめざすためには、2013年度比で約66％の削減が必要です。
・過去のCO２排出量を足し合わせた累積排出量が平均気温の上昇と比例関係にあり、累積CO
２排出量が多い国ほど平均気温の上昇への責任も重いことを意味します。日本の累積CO２排出量は世界第6位です。日本は明らかに気候変動問題の加害国です。現在の削減目標では、加害国としての責任は果たせていません。加害国としての責任を果たすため、削減目標を大幅に引き上げるべきです。2025年2月には、2035年の削減目標を提出することになっており、第7次エネルギー基本計画は、2035年の削減目標については、少なくとも2013年比66％以上の削減を可能とする基本計画とされるべきであるとともに、世界全体の2050年カーボンンシュートラルを前倒しで達成されることが目指されるべきです。
３．2050年カーボンニュートラルに向かうシナリオと具体的な政策を明確にすべきです。
・第６次エネルギー基本計画では、議論を深めていくための参考値として、「2050年の発電量の約50～60％を太陽光、風力、水力、地熱、バイオマス等の再生可能エネルギー、水素・燃料アンモニア発電を約10％、原子力・CO2回収貯留利用（CCUS）前提の火力発電を約30～40％とする」とし、「現時点で実用段階にある脱炭素技術（CCS）、再生可能エネルギーや原子力に限らず、水素・アンモニア発電やCCUSによる炭素貯蔵・再利用を前提とした火力発電といった革新的技術（イノベーション）を必要とする新たな選択肢を追求していくことが必要とな る」という表現にとどまり、2050年カーボンニュートラルに向かうシナリオや具体的な政策が明確ではありません。
・国際エネルギー機関（IEA）の世界の電源構成の見通しでは、再エネの比率は2020年で 28.6％が2030年には61.2％、2040年には84.1％、2050年には87.6％となっています。
・「イノベーションを必要とする新たな選択肢を追求していくこと」をしなくても、再エネの拡大で
2050年カーボンニュートラルの実現は可能です。第7次エネルギー基本計画では、2040年の電源構成が議論されますが、2030年の目標の見直しとともに、2035年、2045年、2050年の電源構成を参考値ではなく、明確な目標にし、それに向かうシナリオや具体的な政策を明確にすべきです。
４．再生可能エネルギー100％をめざすべきです。
・脱炭素化のためには、徹底した省エネと、化石燃料から再生可能エネルギーへのエネルギーの転換が必要です。2050年脱炭素社会の実現のためには、2050年にはエネルギー源を再生可能エネルギー100％にする必要があります。
・再生可能エネルギーの電源構成割合は、2022年度で21.5％となっており、ここ数年は伸長率が低下しています。このままでは、第6次エネルギー基本計画の、2030年の36～38％は達成が難しい状況です。
・昨年のCOP28では、2030年までに、世界の再生可能エネルギーの設備容量を3倍にすることが合意されました。環境省の試算では、日本には、日本の電力供給量の最大2倍の再エネのポテンシャルが存在するとされており、再生可能エネルギーの導入目標を引き上げることは可能です。そのためには、再生可能エネルギーの優先接続、電力市場制度の見直し、送電線との連係ルールの見直し、所有権分離等による送配電会社の中立化の徹底などの電力システム改革を積極的に推進すべきです。そのためには、原子力や石炭火力への投資・依存ではなく、再エネへの投資を増やし、その普及を強力に進めるべきです。
・再エネを推進するにあたっては、地域の活性化をはかる視点も重要です。「地域との共 生」の中で、エネルギーの地産地消、市民や地域主体による再エネの普及政策を推進し、地域課題の解決や地域経済の立て直しにつなげていくことが必要です。
５．原子力発電の推進政策は中止すべきです。
・第６次エネルギー基本計画では、「経済的に自立し脱炭素化した再生可能エネルギーの拡大を図る中で、可能な限り原発依存度を低減する」としながらも、原子力発電を「安全性の確保を大前提に、長期的なエネルギー需給構造の安定性に寄与する重要なベースロード電源」と位置づけ2030年度の原子力発電の電源構成を20～22％としています。この20～22％は、当時基準審査中の原発を含めた27基すべてが稼働したとしても実現不可能な目標でした。
・その後、岸田首相が設置した「GX実行会議」（GX（グリーントランスフォーメーション）を実行するための必要な施策を検討するための会議）の第2回実行会議（2023年8月）で、突然、原子力の大幅な政策転換が示され、2023年12月の実行会議で「① （2030年の）原子20～22％のために原発再稼働、②「次世代革新炉」の開発・建設、③定期点検などの停止期間を60年の延長期間に算入しないなどの、原子力政策の大きな転換が決まりました。そして、国会に「GX推進法案」、「GX脱炭素電源法案」という束ね法案として提出され、法案は成立しました。
・このエネルギー基本計画の政策を、法的根拠もなく、首相の決済で設置した「GX実行会 議」で、しかも非公開の審議で勝手に大転換することは、民主主義に反する重大な手続き違反です。今回基本計画を議論している基本政策分科会が、この「GX実行会議」の内容を、第7次エネルギー基本計画の前提にするならば、重大な手続違反です。
・この「GX推進法」、「GX脱炭素電源法」の内容は以下のとおりです。
①原子炉の延長の許可権限すなわち、「規制」の権限が「推進側」の経産大臣に移りました。
②原子力事業の安定が「国の基本的施策」となり、国が全面的に支援することとなりました。
③定期点検などの停止期間を60年の延長期間に算入しなくてもよくなり、原発が60年を超えても運転できることになりました。
④「革新軽水炉」、「小型軽水炉」、「高速炉」、「高温ガス炉」、「核融合炉」の５つの
「次世代革新炉」が挙げられ、現在の発電所の建て替えということで開発が進められることになりました。
・原発の新設は、20～30年かかり、「決定的重要」だとされる2030年までにはまったく間に合いません。このことは、原発は気候変動対策としては有効な対策ではないことを意味しています。
・原発は、コスト面でも、他の電源に比べて圧倒的に高く、経済性にも重大な問題がありま す。このような原発の開発に多くの資金を投資することは、再エネの推進を阻害するものであり、脱炭素社会の実現を遅らせることになります。
・「GX推進法」、「GX脱炭素電源法」の原発政策の大転換は、明らかな原発推進政策であり、福島原発事故の終息の目途もたっていない中で、認められるものではありません。慎重な上にも慎重な検討と国民的な議論が必要です。
・福島原発事故の廃炉に向けた対策もまったく進んでいません。廃炉に向けた対策の抜本的な見直しをすべきです。汚染水の海洋放出についても、地元の反対を無視した対策です。信頼回復と福島原発事故被災者の立場にたった方法を検討すべきです。
・核燃料サイクル政策については、「もんじゅ」は廃止が決まり、核燃料サイクル政策は破綻しています。六ケ所再処理工場とMOX燃料工場の稼働の目途もたたないままで、今後も莫大な費用がかかる可能性がある「核燃料サイクル政策」は、中止すべきです。
・また、放射性廃棄物「核のごみ」についても、中間貯蔵問題や最終処分についても未解決です。 そのような状態でさらに原発を進めるべきではありません。
６．石炭火力は、2030年までに廃止をすべきです。
・第6次エネルギー基本計画は、「火力発電については、再生可能エネルギーの更なる最大限の導入に取り組む中で、当面は引き続き主要な供給力及び再生可能エネルギーの変動性を補う調整力として活用しつつ、非化石電源の導入状況を踏まえながら、安定供給確保を大前提に、非効率石炭のフェードアウト（段階的廃止）といった取組を進め、火力発電の比率をできる限り引き下げる」とし、2030年の電源構成は、石炭火力が19％、天然ガスが20％としています。
・2022年の石炭火力の電源構成は30.8％で2012年度からはほとんど変わっていません。
・一方、4月に開催されたG7気候・エネルギー・大臣会合では、「温室効果ガスの排出削減対策のない石炭火力発電を30年代前半あるいは産業革命前からの気温上昇を1.5度までに抑えられる時間軸で段階的に廃止」が合意されました。日本政府は、アンモニア混焼や高効率の石炭火力の設置は、「対策を講じた」石炭火力として、推進し、投資も行なおうとしていま す。しかし、IPCCは、「排出削減対策のある」とは、現状より90％削減程度の削減対策がなされたことを意味し、日本のアンモニア混焼や高効率の石炭火力は、「排出削減対策がなされた石炭火力発電」には該当しません。脱炭素社会の構築には、石炭火力発電の廃止は必須です。第7次エネルギー基本計画では、石炭火力の廃止を明確にすべきです。
７．政府が進める水素・アンモニアの導入やCCSの導入は石炭火力の延命策であり、まずは再生可能エネルギーの導入を最大限めざすべきです。
・第6次エネルギー基本計画では「水素・アンモニアは、多様なエネルギー源から製造することが可能であるため、国内資源の活用を含むエネルギー調達先の多様化を通じ、エネルギー安全保障の強化にも寄与する。余剰の再生可能エネルギー電力等から水素・アンモニアを製造することで、脱炭素電源のポテンシャルを最大限活用することを可能とするだけでなく、CCUSと組み合わせることで、化石燃料をクリーンな形で有効活用することも可能とする」とし、今年
「水素社会推進法」、「CCS事業法」が成立し、水素・アンモニア、CCS事業の推進が決まりました。
・水素は、代替技術が少なく、転換が困難な鉄・化学等に導入が望ましく、支援はその限られた分野に限定すべきで、その水素も再エネにより製造されたグリーン水素とすべきです。また電力部門は水素に頼らずとも再エネの導入だけで需要は賄えます。政府の進める化石燃料から製造されたグレー水素や、アンモニア、合成メタン、合成燃料などは、高コストで製造時にも大量のエネルギーが使われ、それらを海外からの輸入に依存するため、その輸送でも大量の CO2を排出します。
・CCS事業も、コストが高く、「脱炭素火力」でのCCSの需要は限られており、また日本では貯留番所も極めて限られています。必要性も実現可能性も低い事業です。
・水素、アンモニアそしてCCS事業は、石炭火力を延命させるためのものであり、削減効果も小さく、経済合理性のない技術に多額の投資をすることになります。
・水素・アンモニアの導入には、解決すべき課題も多く2030年までの対策にはなりえません。そのことは、エネルギー基本計画自体が2030年の水素・アンモニアの電源割合を1％しか見積もれないことからも明らかです。
８．排出量取引・炭素税を早期に導入すべきです。
・排出量取引・炭素税については、「炭素税や排出量取引については、負担の在り方にも考慮しつつ、プライシングと財源効果両面で投資の促進につながり、成長に資する制度設計ができるかどうか、専門的・技術的な議論を進める専門的・技術的な議論を進める」とし、排出量取引は、2023年度より企業の自主的な排出量取引制度を試行し、26年度の本格導入に向けて、法制化を進めています。また、炭素税については、2023年に「脱炭素成長型経済構造への円滑な移行の推進に関する法律」が成立し、2028年度から、経済産業大臣は、化石燃料の輸入事業者等に対して、化石燃料に由来するCO2の量に応じて、化石燃料賦課金を徴収。 2033年度から、発電事業者に対して、一部有償でCO2の排出枠（量）を割り当て、その量に応じた特定事業者負担金を徴収し、有償の排出枠の割当てや単価は、入札（オークション）により、決定することが決まりました。
・排出量取引・炭素税が、脱炭素化の手段として有効なことは、すでに世界で実証済みであり、日本での導入は、著しく遅れており、速やかに実施すべきです。
・排出量取引制度は、排出枠（キャップ）を設定し、排出削減の確実な実施を担保する制度にすべきです。
９．省エネルギーのさらなる推進を実施すべきです。
・第6次エネルギー基本計画では、2030年の最終エネルギー消費量は2013年度比で約23％の削減と
なっています。CASAの試算では、現存技術の実施だけでも、2030年には、39％の削減が可能としています。
・脱炭素社会の実現には、再エネへの転換だけでなく、エネルギー消費量の削減も、決定的に重要です。
・COP28で、2030年までに、世界のエネルギー効率改善の平均年率を2倍にすることが合意されました。日本政府も、このCOP28決定に賛同したのであり、第7次エネルギー基本計画は、この COP28決定を踏まえたものにすべきです。
・企業や個人任せではなく、より野心的な省エネ政策が必要です。省エネ機器への転換への補助、住宅・建物の断熱規制の強化と補助など様々な分野での省エネ規制と支援の強化をさらに進めることが必要です。
・運輸部門でも、2035年のガソリン・ディーゼル車の販売禁止の予定ですが、ハイブリッド車の販売も禁止すべきです。
10.政策立案・決定プロセスの改革を進めるべきです。
・脱炭素社会の実現には、ライフスタイルを抜本的に変えることが必要です。そのためには、国民的な議論が必要です。第6次エネルギー基本計画では、「審議会や有識者会合等を通じた政策立案のプロセスは、最大限オープンにし、透明性を高めていく」とされていますが、基本政策分科会の開催予定は、もっと早くから公開するべきであり、会場の音声も視聴者によくわかるよう工夫をすべきです。
・また、「国民各層との対話を進めていくために、双方向のコミュニケーションを一層強化していく」とし、基本政策分科会に対して「意見箱」を通じて意見を提出することができるようになっていますが、提出された意見は分科会の中で取り上げられてはおらず、双方向のコミュニケーションにはなっていません。
・「2050年カーボンニュートラルの実現を当事者として担う若年層とのコミュニケーションを深めていく」とし、若者からヒアリングを実施していますが、政策を議論する審議会のメン バーに若年層を加えることが必要です。
・さらには、審議会のメンバーの多くは、原発容認の有識者が多いという現実があります。専門的な知識が必要な面はありますが、国民各層から選ばれた方をメンバーにすべきです。少なくとも若者と女性の比率を高めるべきです。
・また、国レベルだけでなく、地域レベルでの脱炭素化に向けた議論が不可欠であり、地域レベルでの議論や提案を、政策立案プロセスに反映するシステムを構築すべきです。市民の参加を保証することは、エネルギー計画の策定には決定的に重要です。
・「GX2040ビジョン」は、エネルギー基本計画案や地球温暖化対策計画改定案の素案を参考に策定されるとされており、「GX2040ビジョン」が、法定計画であるエネルギー基本計画や地球温暖化対策計画より上位に位置づけられています。総理大臣が法的根拠なく作った「GX実行会議」の策定する「GX2040ビジョン」が、国の施策の基本である「エネルギー基本計画」の上位に位置づけられるとすれば、民主的手続上も大きな問題です。
・「エネルギー基本計画」は、国会で審議を行うとともに、日本各地で国民各層が参加する公聴会を開催し、そこでの意見を国会審議に反映すべきです。",2024-12-03,2024-10-21,2024-11-28
706,066,50代,"エネルギー基本計画策定プロセスには、市民が参加する場がほとんどないので、審議会における検討には若い世代を含む多様な立場の専門家や環境団体、市民の参加を確保してほしいで す。ぜひ民主的で透明なプロセスによる「国民的議論」を行うことを求めます。
また原子力は新増設・リプレースや新型炉の開発をやめて、期限を定めて廃止を求めます。地球の未来のため、脱原発をすすめ再生可能エネルギーの割合を増やしてください。",2024-12-03,2024-10-21,2024-11-28
707,066,60代,"未来のエネルギー政策を決める際は若い世代が意見を言える場を沢山設けてください。
原子力、化石燃料から省エネ、再エネを中心とした社会構造にするための移行に注力してください。",2024-12-03,2024-10-21,2024-11-28
708,066,50代,"先日の衆議院選挙のように、エネルギー基本計画においても、国民の声はもちろんのこと、エネルギー基本計画の策定・立案において、また審議会自体に市民の声を反映させることが重要だと考えます。
それは今生きている中高年齢の私たち中心の考え方だけでなく、今後生まれてくる私たちの次世代において負の遺産を残すことのないよう、また恨まれることのない、恥じることのないような社会を作る責任があると考えます。
そのためにも、アメリカや欧州、中国、ロシア、その他海外の地域とは異なる、日本独自の地形や地理、環境を最大限に生かす形でのエネルギー源開発、そしてエネルギー自給率を上げるための研究開発が優先されるべきと思います。
GX推進法では、水素やアンモニアを使ったCO2削減の技術開発の研究に膨大な費用と時間を費やしていますが、果たしてその効果と成果は意図した目標に達する見込みが確実にあるのでしょうか？
確かに水素やアンモニアを活用してのCO2削減効果は、使用しない時よりもあるようですが、それ以前に水素やアンモニアを作る過程や日本に輸送するまでにどれだけのCO2を排出しているのか、その数値も含めた上で、評価すべきことです。
ドイツやデンマークなどでは水素の活用はされているそうですが、それはあくまで再生可能エネルギーで生み出され、その中で余ったエネルギーを自国で水素に還元し活用しているよう で、日本での活用の考え方が明らかに根本から異なります。
また日本では、ベースロード電源として石炭火力やLNG加力、原発からの発電を電力総量の基盤に据えていますが、その考え方も未来志向の点からは古いと考えます。
既に東日本大震災・福島第一原子力発電所事故以降、再生可能エネルギーの太陽光や風力、小水力の発電設備が増え、10年前より新電力の電源開発費用は格段に安くなり、原子力や火力発電の開発費用より安くなっています。それは電力自由化により得られた成果であるはずなの に、そうしたことを翻して、夏場に余り過ぎた電力をそぐために、せっかくの無害の太陽光や風力といった再生可能エネルギーを止めて、ベースロード電源として急に稼働を止められない原子力や石炭火力発電などを優先する九州電力などが行うことは、未来の人から見たら本末転倒とあきれられてしまいます。
また、本来これから育てるべく再生可能エネルギーの比率が高い小売事業者に過度な負担を負わせる容量市場という仕組みは、エネルギー自給を高めていくことを本気で考えているのか、よくわかりません。海外から輸入に頼る1次エネルギーを原料とした既存の大手電力会社を維持し、有利に働く仕組みを築いているとしか思えません。
ドイツやデンマークなどの国では脱原発を前提に再生可能エネルギーの比率を高めるべくフレキシビリティ運用を導入しているようです。太陽光など昼夜の変動が当たり前の再生可能エネルギーの供給を大前提とし、その電力供給の変化を柔軟に調整対応する仕組みと技術を自分たちで作りだし、そしてその仕組みを維持するための制度を国の政策として進めている点は非常に参考になると思います。
再生可能エネルギーを中心とした電力構造の基盤を据えた上で、余剰電力をいかに無駄なく活用するかという蓄電池の技術開発や熱源としてのエネルギー保持（温水変換）を地域で行ったり、また余剰に電力が生まれている時間帯には「マイナス価格」にするなど、基本的なエネルギー自給の考え方、次世代のために今の自分たちがすべき使命は何か、本質的に日本のやり方や覚悟が異なる気がします。
ドイツに暮らすエネルギー分野の専門家からの発言では、日本にも再生可能エネルギーのポテンシャルは非常に高いと考えられています。
島国日本の周りは海で覆われ地震大国の日本には、海洋を生かす環境もあり、風の強い地域もあり、温泉が湧くような地熱を活かす地理的条件もあり、大陸とは違って急峻で流れが速い河川環境もあります。そうした日本独自の環境をもっと武田信玄や徳川家康のように地理地形を生かす形で、太陽光発電一辺倒にならず、再生可能エネルギーの需給調整のバランスをマネジメントする力を高めていく必要がある気がします。そうした道筋をつけるようなことが、今度のエネルギー政策に盛り込まれることを期待いたします。",2024-12-03,2024-10-21,2024-11-28
709,066,50代,"地震大国に原発はいりません
福島の原発事故を忘れないでください！
再生可能エネルギーで電力をまかなっている他国をモデルに、自然破壊をせず再生可能エネルギーをしっかり増やしてください！",2024-12-03,2024-10-21,2024-11-28
710,066,50代,"エネルギー基本計画では、東日本大震災での東京電力福島第一原子力発電所で起こった原子力発電事故の経験や、そこへの反省・教訓が、2011年以降の日本のエネルギー政策の原点とな り、2030年代の原発ゼロ等が明記されていましたが、政権交代後、その内容が白紙の状態で審議が進んでいることは遺憾です。
現在の審議状況ならびに政府がすすめるエネルギー基本計画は、市民不在・国民的議論がなされないままに、原子力推進や*CCUS等の脱炭素新技術（高コスト）への資金投入が強まる見通しに対して、国民的議論を重ね、原子力に頼らないエネルギー政策の策定を希望します。
0.審議会特に原子力小委員会の議論を聞いていて
(0)政策論を語っているのか、 空想
妄想を言い合っているのかハッキリしてほしい (1)政策を語るなら実際に実施可能か／実施後に検証可能かという視点が必要な筈だが
・経営資源特に人材枯渇と原子力サプライチェーンが崩壊している状態＝実施不可という不都合な真実を見ないふりをしている
・検証可能なことすら、不都合な真実を見たくないという心理から検証自体を避けているように見える (2)日本経済の穀潰し：原子力ムラによる絵に描いたようなプロパガンダ事例として、興味深く拝聴している。
・情報発信するばかりで、検証／有権者国民からの意見を受信する姿勢が無いのは、天上天下唯我独尊：原子力ムラらしい。
・情報発信発注先との癒着や汚職にはくれぐれも注意されたい。
(3)一部委員の発言を除き、自発的意欲的な熱意を感じない。べき・必要・期待される発言は聞き飽きた。
主体的に一人称で動く意志の無い人間は出席しても無意味では？",2024-12-03,2024-10-21,2024-11-28
711,066,40代,"1.核燃料がどの程度必要になるかの議論を意図的に避けているのか？ (1)10/30原小委当日スライドP40にある運転炉に必要な核燃料本数は分かるはずだが、何故に記載しないのか？
日本にはウラン濃縮技術があると言いながら、具体的な過去の実績に触れないのも実際の技術不全を糊塗するものではないかと疑念を持たざるを得ない。 (2)電力エネルギー業界の燃料調達は「いついつにどこそこのLNG調達契約が切れるから、次の調達先はあそこにしよう」という クリティカルパスそのものの発想をするもの（黒木亮
著’エネルギー’上巻）と思っていた。 我が国に取りついた疫病神：原子力ムラの余りに粗雑な計画に驚きを禁じ得ない。 (3)少なくとも各原発の使用済み核燃料プール満杯になる見込み程度の精度が必要と思うが、無為徒食な原子力ムラに期待するこちらが間違っているのだろう。
2.女川原発2号機11/4（月）午前8:46トラブルで停止＆再稼働時期未定、ソラミタコトカ！！！
(1)次回エネ基審議会、原子力小委員会でどう語るのか極めて興味深い。 (2)本番環境で運用稼働試験出来ない代物は、案の定こうなるそして国会対応が倍増するといういい見本だ。
直近衆院総選挙で当該立地地域小選挙区は、原発再稼働に慎重な政党が大多数を占めたことから、11/11（月）招集の臨時国会や来年1月からの通常国会では、女川原発に関する質問主意書が雨あられと飛んでくるであろう。また国会答弁に備えて、真夜中に自転車で内閣総務官室へ答弁書届ける担当職員には予めご苦労さんと伝えておく。次の大臣など政務三役は誰が就任あそばすのでしょう？そもそも三役出来るだけの人材が与党に残っているのかも疑問だが。
（雑誌’選択’11月号「石破惨敗でドン詰まる原子力政策 待った無し原発廃棄物の新難問」準拠）",2024-12-03,2024-10-21,2024-11-28
712,066,60代,"2024年の夏は、人間が住めない地球への階段をまた1段登ってしまったようでした。政治家や官僚の皆さんは、この現実を見ないようにしているのでしょうか。なぜ、いつまで、火力発電に頼っているつもりなのでしょうか。そして、火力発電とセットで考えるしかない原発政策 に、いつまでしがみつくのでしょうか。
日本が様々な面で世界に置いていかれそうになっているのも、日本政府が気候危機を解決しようとするエネルギー政策を打たない事が要因のひとつになっていると思います。
これから先も巨大な災害が当然増えていくはずです。CO2による温暖化だけではなく、どのようになるかわからない海流の大きな変化も予想されています。海岸に建つ原発の安全性など蛇に睨まれた蛙のようなものです。
どうか一刻も早く、大幅な再エネ重視の政策に舵を切ってください。",2024-12-03,2024-10-21,2024-11-28
713,066,40代,"日本の再エネ・省エネポテンシャルは極めて大きく、建物の屋上や工作放棄地・荒廃農地を生かした太陽光発電や営農型太陽光など自然と調和した発電ができる例があります。
原発の活用は、世界の潮流である電力システムの自由化や市場化の流れに逆行するものです。エネルギーは自治できます。
戦争のもとになる事項を減らすためにエネルギーを国産してください。",2024-12-03,2024-10-21,2024-11-28
714,066,60代,"原子力について、再稼働、運転延長、新増設・リプレースや新型炉の開発をやめることを求めます。
原子力規制や避難計画なども見直す必要があります。既存の原発も期限を定めて廃止が必要だと思います。
子どもや孫の世代に危険で危ないゴミを残していくのは、心配でなりません。",2024-12-03,2024-10-21,2024-11-28
715,066,50代,年々異常気象による災害が増加している。先送りは子孫に負荷をかける。今できることを精一杯やる。自然再生エネルギー増設。原発縮小。そのための環境に配慮した省エネ啓発。時間はない。できることを早急に進め、都度修正しながらより良い環境整備を。議会・行政は対応が遅すぎる。抵抗や批判を恐れず、動くこと。動きながら修正し、それでも進んでいく。,2024-12-03,2024-10-21,2024-11-28
716,066,50代,年々異常気象による災害が増加している。先送りは子孫に負荷をかける。今できることを精一杯やる。自然再生エネルギー増設。原発縮小。そのための環境に配慮した省エネ啓発。時間はない。できることを早急に進め、都度修正しながらより良い環境整備を。議会・行政は対応が遅すぎる。抵抗や批判を恐れず、動くこと。動きながら修正し、それでも進んでいく。,2024-12-03,2024-10-21,2024-11-28
717,066,50代,"毎年のように観測史上最高気温が更新されたり、想定されない自然災害が日本のあちこちで頻発しています。この気候による影響は、日本各地で人々の生活を脅かしています。この原因の一つは化石燃料の使用によるCO2排出だと思います。できるだけ化石燃料を使わず再生可能エネルギーによる電源開発を検討してください。
COP28で合意された「化石燃料からの脱却」と「2030年までの再エネ設備容量3倍及びエネルギー効率改善率2倍」というグローバル目標に、先進国である日本として大きく貢献してほしいです。
また、立地地域の住民に大きな危険を伴う原発由来のエネルギーではなく、再生可能エネルギーの普及に力を入れて欲しいです。
外国資本による乱開発の太陽光発電ではなく、自然の景観や地域を守る方針をもった太陽光発電をすすめて欲しいです。",2024-12-03,2024-10-21,2024-11-28
718,066,60代,再生可能エネルギーの普及を求めます。今再び原子力の活用が推進されようとしていますが、一基を設置するのに１兆円を超えるといわれています。その建設費はすべて国民が支払うことになることを広く知らせてください。そうすればもっと議論が深まるのではないでしょうか。もちろん、災害が多い日本という国には原子力発電所は適していないということも理由の一つです。エネルギーの地産地消で地域が豊かになることを目指してください。それができるのが再エネだと考えます。,2024-12-03,2024-10-21,2024-11-28
719,066,50代,"環境に配慮したエネルギー基本計画の見直しと、世界では2035年再生可能エネルギー導入電力目標70％（2022年Ｇ７サミット）、温室効果ガス削減60％（2023年3月IPCC）と目指している中、日本では再生可能エネルギーによる電力の脱炭素化を実現するには遅れをとっていると思われます。
実用時期にある中、日本でもコスト低下のすすむ再生可能エネルギーの電源導入を加速する必要があります。それは以下の提言をもちまして意見します。
自然エネルギー財団による「2035年エネルギーミックスへの提言」（2023年4月）によりますと、建物屋上に設置可能な太陽光発電の普及、農・林・酪農業などと共に進める再エネ開発など普及に最大限に取り組んだ場合、80％までアップできると提言されています。また、発電部門のCO2排出を73．2％削減できIPCCで示した60％を実現できると試算されています。
また、市民の懸念している東海第二原発再稼働、大洗研究所に設置している高速実験炉「常陽」の使用許可も下り、不安を感じております。
わたしたち生活クラブ生協茨城におきましても、3センターのうち2センターに太陽光発電パネル設置、食と同様、電気も人や環境に配慮したものを使いたい！という想いでおります。",2024-12-03,2024-10-21,2024-11-28
720,066,80代以上,"第7次エネ基本計画に以下の見解を反映されるよう要請します。
１，福島第一原発事故は、今も原子力緊急事態宣言が出されたままで、帰還困難区域も広大な面積が残され、帰還できない県民もいまだに数万人もいるなど、原発が重大事故を起こせば取り返しがつかないことは明白。また原発の稼働ゼロでも電力は足りています。従って、エネ基本計画に原発を即時ゼロとすることを明記すること。
２，使用済み核燃料の再処理政策は、完全に破たんしており、再処理政策を廃止し直接処分を含む国民合意できる方策に変更すること
３，特定放射性廃棄物の最終処分に関する法律は、国民合意も科学者との合意もなく破たんしており、直ちに廃止し、根本的に見直すこと。その際、学者の国会と言われる日本学術会議の見解を尊重し合意が得られる内容とすること。
４，再生可能エネルギーを主力電源と位置づけ、早急に抜本的に引き上げること。気候危機打開の見地から、石炭火力は2030年までにゼロにし、その他の化石燃料電源も2050年を待たず縮減し廃止すること。",2024-12-03,2024-10-21,2024-11-28
721,066,10代以下,"低炭素の発電を全力で増やしてほしいですメタンも本気で減らしてください
今の目標は低すぎます",2024-12-03,2024-10-21,2024-11-28
722,066,70代,"１．石炭火力は、2030年までに廃止をすべき
・2022年の石炭火力の電源構成は30.8％で2012年度からはほとんど変わっていません。
・一方、4月に開催されたG7気候・エネルギー・大臣会合では、「温室効果ガスの排出削減対策のない石炭火力発電を30年代前半あるいは産業革命前からの気温上昇を1.5度までに抑えられる時間軸で段階的に廃止」が合意されました。日本政府は、アンモニア混焼や高効率の石炭火力の設置は、「対策を講じた」石炭火力として、推進し、投資も行なおうとしています。しかし、IPCCは、「排出削減対策のある」とは、現状より90％削減程度の削減対策がなされたことを意味し、日本のアンモニア混焼や高効率の石炭火力は、「排出削減対策がなされた石炭火力発電」には該当しません。脱炭素社会の構築には、石炭火力発電の廃止は必須です。第7次エネルギー基本計画では、石炭火力の廃止を明確にすべきです。
２．政府が進める水素・アンモニアの導入やCCSの導入は石炭火力の延命策であり、まずは再生可能エネルギーの導入を最大限めざすべき
・水素は、代替技術が少なく、転換が困難な鉄・化学等に導入が望ましく、支援はその限られた分野に限定すべきで、その水素も再エネにより製造されたグリーン水素とすべきです。また電力部門は水素に頼らずとも再エネの導入だけで需要は賄えます。政府の進める化石燃料から製造されたグレー水素や、アンモニア、合成メタン、合成燃料などは、高コストで製造時にも大量のエネルギーが使われ、それらを海外からの輸入に依存するため、その輸送でも大量の CO2を排出します。
・CCS事業も、コストが高く、「脱炭素火力」でのCCSの需要は限られており、また日本では貯留番所も極めて限られています。必要性も実現可能性も低い事業です。
・水素、アンモニアそしてCCS事業は、石炭火力を延命させるためのものであり、削減効果も小さく、経済合理性のない技術に多額の投資をすることになります。
・水素・アンモニアの導入には、解決すべき課題も多く2030年までの対策にはなりえません。そのことは、エネルギー基本計画自体が2030年の水素・アンモニアの電源割合を1％しか見積もれないことからも明らかです。
３．排出量取引・炭素税を早期に導入すべき
・排出量取引・炭素税が、脱炭素化の手段として有効なことは、すでに世界で実証済みであり、日本での導入は、著しく遅れており、速やかに実施すべきです。
・排出量取引制度は、排出枠（キャップ）を設定し、排出削減の確実な実施を担保する制度にすべきです。",2024-12-03,2024-10-21,2024-11-28
723,066,30代,再生可能エネルギーをもっともっと増やしてください。 2030年には3倍に増やすという国際的な約束を守ったエネルギー基本計画を策定してください。,2024-12-03,2024-10-21,2024-11-28
724,066,10代以下,気候変動対策のため、わたしたちの未来のために、原子力発電所、および化石燃料を減らすことを求めます。,2024-12-03,2024-10-21,2024-11-28
725,066,30代,"提言: 日米関係を良好にし追加関税や軍事費負担を求めてくることに対するディールのネタとしてアメリカからのLNG輸入拡大と輸送コスト補填政策（オーストラリアとの比較）
背景
日本のLNG輸入の約40%がオーストラリアに依存しており、供給体制の偏りが顕著。
アメリカのLNGはシェールガス革命により価格が安価で、安定した供給力を持つが、輸送距離が長いため輸送コストが課題。
アメリカからの輸入拡大により、供給源の多様化や日米関係の強化が期待される。
さらにトランプ政権はLNGの輸出拡大を狙っており日本にも強く求めてくる可能性が高くうまく交渉のネタにできれば追加関税の緩和や軍事費負担を増やしたことと同価値とみなす可能性があり事業者を輸送コストで補填してもトータルの国家予算はその方が節約できるため。
この提案をする代わりに日本は例外的に関税や軍事費負担を増やしたことと同価値とみなしてもらうようアメリカと交渉。
単に軍事費負担をするよりもあなた方の支持者に直接目に見える形の成果になるとトランプ政権がら支持者にアピールできるネタを与えることで日本側への関税や軍事費負担を求めてこないように進める。
説明の例「日本が追加の米軍基地駐在費や関税を追加負担というのでは成果が見えにくいですが、アメリカの雇用や輸出拡大という具体的な成功の方がより共和党の支持者にアピールできますよ。これはあなたにとって良い
ディールではありませんか？」
提言内容 1アメリカからのLNG輸入拡大
オーストラリア依存を緩和し、アメリカからの輸入量を年間1000万トン規模に拡大。
最初はアメリカ側には500万トンでどうかなどと少なめに言って交渉を進め徐々に増やしていき最終的に1000万トンで妥結するのが良いです。
事業者とは最終的には1000万トンになる可能性が高いと最終ゴールでも折りえるよう合意を得ておくべきです。
それが欧米流の交渉術です。 2.輸送コストの補填と事業者支援
アメリカからの輸送距離による追加コスト（約3ドル/百万BTU）を政府が補填。補填は事業者への直接支援として設計し、LNG輸入を促進。
目的:
年間約2300億円の事業者への追加でかかる輸送の補填を経産省が行いアメリカとのエネルギー輸出入を基軸とした交渉材料を得る。
追加の軍事費負担や関税引き上げを回避するためのディール材料として活用し、国家予算全体でトータルコストを節約。
3.事業者との合意形成 LNG輸入を担う国内事業者（商社やエネルギー会社）と協議を実施し、補填政策が輸入拡大を可能にする内容として理解されるようコンセンサスを形成。
事業者との協議の具体的内容:
補填の計算根拠や実施方法の透明性を確保。
市場価格変動や輸送リスクを政府がどのように補完するかを明確化。補填政策が事業者のビジネスモデルに適合する形で調整。 4.長期契約の推進
アメリカとの長期契約を通じて、価格安定化と供給の確実性を確保。 5.オーストラリアとのバランスを維持
オーストラリアからの供給を完全に代替するのではなく、輸入元を多様化することでバランスを保つ。
期待される効果 1.日米関係の強化
アメリカとのエネルギー協力を深化させ、外交交渉や安全保障面での日本の発言力を向上。 補填コスト以上の経済的・外交的メリット（軍事費負担軽減、関税緩和など）を得る可能性。 2.供給源の多様化
オーストラリア依存を軽減し、地政学リスクを分散。エネルギー安全保障を強化。 3.事業者の協力体制の確立
事業者との合意により、輸入拡大がスムーズに進行し、政策の実効性を確保。 4.国内経済への貢献 LNG価格の安定化により電力料金を低下させ、国民生活や産業競争力を向上。 5.環境政策の促進
アメリカ産LNGの利用を通じて石炭火力発電を代替し、CO2削減目標の達成に貢献。
財源と実現可能性
必要予算: アメリカからの輸入増加分の輸送コスト補填として、年間約2300億円（わずか0.2%の予算）。
財源: エネルギー政策予算や環境対策予算を活用。東電管内がドイツよりもCO2係数を減らせてるデータがありこれをエビデンスとして老朽火力をGTCCなどに置き換えることで CO2削減につながるという論理でアメリカからの輸送コスト補填にGX債を使うのも一案。
それが無理なら日米関係を良好にするための政策コストとして事業者支援金などとして新たに予算を確保。
事業者との合意: 事業者の本案の理解と協力を得ることで、輸入拡大の障壁を除去。
結論
補填政策が事業者にとって輸入拡大を後押しする内容として設計され、事前に合意を得ることで、政策の実効性が確保されます。
この政策は、日米関係の強化、関税や軍事費追加負担を求められることよりもトータルでは国家予算の節約になる、エネルギー安全保障の向上という多方面で大きなメリットをもたらすため、政府と事業者が連携して推進すべき重要な戦略です。
これは早急に案をまとめ事業者ともご議論ください。
トランプ政権はスピードを重視しますから早めに進めてください。",2024-12-03,2024-10-21,2024-11-28
726,066,50代,全ての原発を停止して、再生可能エネルギーの比重を大幅に高めるべき。,2024-12-03,2024-10-21,2024-11-28
727,066,50代,原発活用について二酸化炭素削減を名目にするなどは全くナンセンス。コストも高く、危険も多く大きく、廃棄物の問題に至っては全く解決されておらず。原発は削減して行き、０を目指す。それでもまだ、使わなくなった原発の解体、処理の問題は手付かずに等しい事をしっかり見つめて欲しい。負の遺産を子や孫、この先の子孫に押し付ける気ですか？,2024-12-03,2024-10-21,2024-11-28
728,066,,"巨額の税金をつぎこんでも核燃料サイクルは実現していません
いますぐに原発から撤退し 真の再エネ先進国、省エネ国になりたいです",2024-12-03,2024-10-21,2024-11-28
729,066,30代,"気候変動からこどもたちの未来を守ってください。
そのために、原発を減らし、再生可能エネルギーを増やしてください。こどもたちの未来が本当に本当に心配です。
どうか、こどもたちと地球のために、より良い選択をよろしくお願いいたします。",2024-12-03,2024-10-21,2024-11-28
730,066,30代,原子力発電所廃止、コンポスト・肥料回収サイクルの自治体単位の構築、バイオエタノール燃料のバス・運送車、量り売りの促進、プラスチックストロー禁止、割り箸有料化・マイ箸持参促進、テイクアウトのマイ容器持参促進,2024-12-03,2024-10-21,2024-11-28
731,066,60代,原発ゼロにむけた取り組みをしてください。放射性肺吉備津の処理は原発導入時からの課題でいまだに解決していませんし、重大な問題です。子孫に重い負担を残すわけにはいきません。,2024-12-03,2024-10-21,2024-11-28
732,066,30代,化石燃料の廃止、気候変動対策の強化、再生可能エネルギーの促進、地球の平均気温を1.５度に抑える目標に整合した目標設定をお願いします。,2024-12-03,2024-10-21,2024-11-28
733,066,30代,1.5度以内実現を目指した具体的な策を！,2024-12-03,2024-10-21,2024-11-28
734,066,40代,"これからの世代のことを考えたら、原発の新増設という危険な選択肢はありません！もう原発に頼るのは止めにしましょう！
環境負荷も少なく、未来への不安もない再エネのさらなる普及をお願いします！断熱、省エネの促進で必要な電力の削減もよろしくお願いします。",2024-12-03,2024-10-21,2024-11-28
735,066,40代,"「持続可能な再エネ100%と公正な社会を実現する新しいエネルギー基本計画を求めます」石炭火力、原子力に寄らない再エネ100%のエネルギー計画を目指してください。
気候変動により人類は絶滅期に入ったかと思われるほどの危機にあります。
若者がいつか子どもをもち、元気に年を重ねて普通に生きられる地球を残せるよう、
温暖化を少しでも遅らせる努力をしなければなりません。大人にはその責任があると思います。",2024-12-03,2024-10-21,2024-11-28
736,066,60代,日本政府は、本気になって気候危機に対応してください！気候危機を口実に原発を増やした り、再稼働することは辞めてください。気候危機による温暖化によって地球の生物が死滅するか、原発の新設、再稼働によって、地球の生物を全て被爆させ死滅するか、どちらにしても、地球の今後はありません。,2024-12-03,2024-10-21,2024-11-28
737,066,10代以下,1.5度目標に整合した削減目標を掲げてください。,2024-12-03,2024-10-21,2024-11-28
738,066,60代,"原子力発電が低コストなんてまやかし！
「もんじゅ」なんてまだまだ技術的には確立されていない。",2024-12-03,2024-10-21,2024-11-28
739,066,30代,"戦略の概要：日米ヘリウム協力を軸とした新産業構築
日本はアメリカにヘリウム分離・回収技術を提供し、共和党が多いテキサス、オクラホマ、カンザス州の高濃度ヘリウムガス田での増産を促進。これがトランプ政権が支持者へのアピールに繋がる上半導体分野で不足しているヘリウムの安定確保にも繋がり高利益になる。
アメリカはヘリウム増産を通じて、新たな収益源を確保し半導体業界をはじめとする産業基盤を強化。
日本は、提供した技術を活用し、安定的なヘリウム供給と市場シェア拡大を目指す。具体的な展開フレームワーク
日米連携の目的を明確化アメリカの利益：
高濃度ヘリウムが取れる地域（共和党支持者の多い州）での雇用創出。 高利益の半導体需要を通じた収益増加（TSMC、ラピダスなどへの販売）。 LNG以外の需要を取り込むことで、資源政策の多角化を実現。
日本の利益：
高い技術力を活用し、国際市場でのプレゼンス向上。
安定したヘリウム供給を確保し、国内産業（半導体、医療など）の強化。
技術提供による見返りとして、駐在費負担や過度な関税の撤廃を交渉条件とする。
技術提供のロードマップ短期的計画（1から3年）：
日米合同でプロジェクトを立ち上げ、ヘリウム分離・回収技術を現地に導入。日本が主導でプラント設計・建設を支援し、早期稼働を実現。
中期的計画（4から7年）：
アメリカ国内でのヘリウム供給増加を目指し、生産量を段階的に拡大。
ヘリウム供給をTSMC、JASM、ソニーセミコン、Samsung、SK、ラピダス、マイクロン、キオクシアなどの大規模な生産予定半導体企業向けに直接輸出するスキームを構築。
長期的計画（8から10年）：
ヘリウム生産拠点を日米の共同利益として運用し、安定供給を継続。
他国（カタールやアルジェリア）への依存度を低下させ、独自の供給網を強化。
政治的アピールポイントアメリカ国内向け：
「共和党支持基盤であるテキサスやオクラホマ、カンザスに新たな産業と雇用を生み出した」としてトランプ政権に手柄を与えアピールさせる。
日米連携の成功事例として外交力を強調。日本国内向け：
「半導体にも高音ガス炉にも必須な安定したヘリウム供給を確保し国内産業を守る」として、経済安全保障の一環として強調。
交渉のディール条件 1.日本側の要求
技術提供の見返りとして、以下を求める：
駐在費負担の軽減： 技術を提供し利益を打ち出させる引き換えとしてアメリカ軍駐留費を削減または据え置き。
過度な関税の回避： 自動車など日本製品に対する新たな関税を課さない。これもLNGや、GTCCなどの高効率火力、ヘリウムの生産技術を日本が提供しアメリカに利益をもたらす引き換え条件とする。
これにより技術提供の初期コストを相殺し、日本にとって実質的な利益となる。
最初のコストはアメリカは利益が出るまで金を出さない可能性があるため日本政府が事業者を説得して補填し日米連携プロジェクトとする。
初期の導入コストを日本が多くの割合補填し、その後、ヘリウム増産が利益を生む段階に移行した際に「受益者負担」にシフトするという条件を盛り込む形であれば、トランプ氏はこの提案を受け入れる可能性が非常に高い。
しかし以下は握っておく必要があります。利益の具体例を提示
ヘリウム増産による収益予測（半導体企業との長期契約収入など）。
雇用創出規模（テキサスやオクラホマ、カンザスでどのくらい雇用が生まれそうか、ベスト条件で試算。トランプは支持者にアピールできれば数年後には細かい数字は覚えてないはずなので手柄を取らせれば良いです。）
受益者負担の移行タイミング
「利益が年間〇〇ドルを超えた段階で、アメリカ側の負担に移行する」など、具体的な条件を設定。
3.日本の補填範囲を限定
日本は「初期段階の技術導入や設備建設費用の多くを補填しそれ以降は製造側の受益者負担に移行」と補填範囲を明確化し、日本側の負担が無限に拡大しないことを示す。
双方が納得するためには、日本が60～70％を初期コスト負担、アメリカが30～40％を負担する形が現実的。
日本側が初期段階の技術導入や設備建設費を担う一方でアメリカがインフラ整備や地域への影響を負担とする柔軟なアプローチが効果的です。
特にトランプ氏に対しては、「アメリカの負担は極めて限定的だが、雇用と利益は最大化できます」というメッセージが最も説得力を持ちます。
(2) 負担終了のタイミング
プロジェクト収益化以降、プラントの運営費、設備更新費、拡張費は全てアメリカ側が負担することも契約に織り込む。
4. プロジェクトの利益の一部を特許権を保持した上で技術提供したライセンス費として供給チェーンを通じて還元される仕組みもリカーリングとして払うよう契約に盛り込む。
これなら日本は技術提供後定常的に安定した収益を得られる。
この内容は日本への過度な関税を低減させるだけでなく日米連携の強化に繋がるのでトランプ大統領と関係が近い麻生太郎さんや茂木敏充さんなどと話してみてください。
（石破政権や外務省ではこういうエネルギー分野の高度な交渉は無理です。）",2024-12-03,2024-10-21,2024-11-28
740,066,40代,"驚きました。
原発の新増設を検討しているとの事。
事故が起きた際にかかる費用・リスク、将来への被害の継続性を考えると、全く賛成できません。
同様の理由により、原発の再稼働を目指している事についても到底同意出来ません。
危険性を提示する意見を聞き、改めて未来に安全を繋ぐエネルギー政策を行うよう求めます。",2024-12-03,2024-10-21,2024-11-28
741,066,50代,近年の異常気象は温暖化が原因であることは明らかであり、このままでは永久凍土が溶けてメタンガスが放出され、温暖化は止まらなくなります。早急に再エネにシフトすることが必要不可欠と考えます。住宅やビルなどの太陽光パネルの設置の義務化や、石炭火力からの脱却を求めます。また、原子力は今後の豪雨災害や台風の大型化、地震の危険性から縮小すべきと考えます。行政が主導すれば再エネ100%で電力を賄うことは可能です。そして、二酸化炭素を吸収して燃料に変える「ひやっしー」も開発されており、そのような民間の力も活用して、国を上げて取り組むべきと考えます。,2024-12-03,2024-10-21,2024-11-28
742,066,,"食とエネルギーの自給は「国民のいのちを守る」安全保障の観点からも大変重要です。そして自給できるエネルギーは再生可能エネルギーしかありません。地球温暖化を防ぐため、エネルギー安全保障のためにも再生可能エネルギーへの転換を加速させることが急務です。 1．脱原発、脱石炭火力を脱炭素政策の柱として早急に実現することを求めます。
2．エネルギー基本計画を早急に改正し、2035年の再生可能エネルギー電力目標 80％以上を求めます。 3．発電と送配電の所有権分離と再生可能エネルギーの優先接続・優先給電政策を求めます。",2024-12-03,2024-10-21,2024-11-28
743,066,30代,"経済産業省は「太陽光発電の事業者向けの給付制度について、発電量1キロワット時あたりの金額を現状の3倍程度に増やし、給付期間を4分の1程度に短くする。2026年度にも実施する。太陽光パネルなどの投資回収を短期間で終えられるようにして、再生可能エネルギーの導入拡大につなげる」と日経新聞が報じてますがもしこれが事実ならこれには断固として反対しま す。
そもそもなぜ再エネ業者ばかり優遇して統合コストや送電網増加費用すら払わない連中ばかりに優遇して国は金配りをするのでしょうか？
こんなことをしたらまた国民の電気代上がりますよね？
電気代が上がればあなた方官僚の可処分所得も減るのですよ。いい加減にしてください。
再エネの導入を目的化するなと何度政府や経産省、環境省は言われたら理解できるのですか？そもそも設備利用率も10%代しかないし夕方以降もろくに発電しない全く価値のない電源に今の3倍の値段を払うなど言語道断です。
こんなふざけた政策をやるなら国民は怒りがつのり国を相手に集団訴訟になりますよ。冗談じゃありません。
こんな愚策は即刻撤回すべきです。
大切な国益のためにこの案には命懸けで反対します。
そもそも再エネ賦課金について今までの国民の反対や懸念を何一つ踏まえてないではありませんか？
ドイツが再エネを広げてどうなったか少しは調べてください。再エネのゴリ押しは国を破壊しかねない愚策中の愚策ですよ。
CO2係数すらドイツは東電管内よりも悪いのに何のために再エネをやるのか理解不能です。ドイツの電気代、CO2係数を見たら再エネを広がるということにはならないはずです。
あなた方は国益をなんだと思ってるのですか？
いつからこんな環境活動家みたいな省庁になってしまったのか？
こんなことのために国民が再エネ賦課金を払うのは許すことはできません。
まず統合コストと送電網増強費用、蓄電池コスト、処分コストなどを再エネ業者の連中の売電価格から差し引くべきなのです。
こんな愚策は認めませんし与党政治家に知り合いはいますから頼み込んででも国益のために阻止します。
はらわたが煮えくりかえりそうになりました。こんなくだらないことを考えるならさっさと 東日本の原子力を稼働すべきです。
優先順位を明らかに間違えてます。/",2024-12-03,2024-10-21,2024-11-28
744,066,50代,これからの子どもたちが安心して、穏やかに暮らすには原発は必要ない。,2024-12-03,2024-10-21,2024-11-28
745,066,30代,パリ協定の達成のため、再エネの拡大が必要だと思います。,2024-12-03,2024-10-21,2024-11-28
746,066,80代以上,"原発をクリーンエネルギーと称して、再び推進の方向に進んでいますが、とんでもない間違いです。再稼働を続ける限り、必ず起きる巨大地震により、再び過酷事故を起こすでしょう。原発事故は福島の事故で学んだ通り、最悪、最長の環境汚染を広域にもたらし、住民の暮らしを根こそぎ奪い、深刻な健康被害をもたらします。それに、原発は海水を温め温暖化にも影響します。そもそも、核のゴミは日本の地層には何万年も安全に保管できる場所はなく、核のゴミを増やし続けるのは、未来世代に過酷な課題を押し付けることになります。加えて、ウランの採掘に始まり、原発の運転に関わる作業には被ばく労働が避けられず、人権問題として考えても余りにも理不尽な発電方法で絶対に続けるべきではありません。
当面は比較的CO2の排出が少ないと言われる天然ガスを残しつつ、早急にあらゆる方法による再エネの拡充を図るべきです。",2024-12-03,2024-10-21,2024-11-28
747,066,40代,再エネを増やしてほしい。そのための家庭や企業でかかる費用を助成してほしい。化石燃料をなくしてほしい。,2024-12-03,2024-10-21,2024-11-28
748,066,,"・温室効果ガスを排出しないための対策として、徹底した省エネルギー推進の施策強化を求めます。
・再生可能エネルギーの導入加速を求めます。エネルギー自給率を高め、エネルギー価格高騰による生活への影響を出来るだけ抑えることが必要です。
持続可能なエネルギーと、エネルギーの安全保障の観点から、再生可能エネルギーの導入・普及拡大を最大限に進めるべきです。
・化石燃料を使う火力発電の比率は、安定供給を考慮しつつ出来るだけ抑えるべきです。
・原子力発電については、可能な限り依存度を低減しながら、徐々に廃止していくことを求めます。使用済み核燃料の扱いや、放射性廃棄物の処分が進んでおらず、再稼働を進めればこれらがさらに増えることになります。廃棄物の問題が解決しないまま、原子力発電を活用することは難しいと考えます。また、原子力発電にかかわる費用が大きく増加しており、コストをかけて使い続けることを見直すべきです。",2024-12-03,2024-10-21,2024-11-28
749,066,,"現在の人類は石油・石炭・天然ガスなと地球40億年間の遺産を短期間で食いつくそうとしている。
現在の人類は、地球の石油・石炭などが枯渇する前に、将来の人類のために、地球で確保できる全く新たなエネルギーを実用化しておく義務がある。
それは、核分裂エネルギーであり、最終的には核融合エネルギーです。
核分裂エネルギーは、必要分のエネルギーを得るという制御が可能で実用化されている。核融合エネルギーについては、未だ制御可能な核融合が出来ていない。
核融合エネルギーは核分裂エネルギーに較べ、放射能の危険が極めて低い事、燃料となる重水素も海中から得られ、日本にとっては資源不足ということはない。無尽蔵と言ってよいほど得られる。
日本が制御した核融合エネルギーを完成させれば、世界断トツのエネルギー大国となる。実用化されれば、エネルギー問題はすべて解決する。",2024-12-03,2024-10-21,2024-11-28
750,066,70代,"地球温暖化を止めるためには、化石燃料を削減することは必須です。
ですが、その分を原発を頼るのは、あまりにも３．１１の教訓を顧みない愚かな行為です。再生可能エネルギーに代替する、省エネへの取り組み、送電距離を短く、つまり電力の地産地消などあらゆる可能性を最大限模索すべきと考えます。",2024-12-03,2024-10-21,2024-11-28
751,066,60代,"○原子力発電所の再稼働、並びに新増設はせずに原発ゼロを目標にすべきである。
理由①事故が起きた場合の被害、損害が莫大である。福島の事故の清算も済んでおらず、国民の不安が消えない内の開発を受け入れることはできない。
②核のゴミ（高レベル放射性廃棄物）を受け入れる最終処分場が国内にない。
③事故対策に費用がかかり、コスト面からも将来性がないと思われる。再生可能エネルギーに転換している他国との競争に置いていかれる。日本経済にとって損しかない。
④高コストが一般家庭への電気代に跳ね返る。
○再生可能エネルギーの普及に努めるべきである。
日本の国土特有の資源である地熱を利用した地熱発電の開発、洋上風力発電、ソーラーシェアリングの促進に期待する。",2024-12-03,2024-10-21,2024-11-28
752,066,30代,"「四国電力送配電は12日、四国4県で9日夜に発生した大規模な停電は、関西電力送配電との調整ミスで供給力の急激な減少が起きたことが原因だったと発表した。四国内の需給バランスが崩れたため、一部の地域で送電を自動停止した。関電側との間に認識の齟齬があったとした。停電は9日午後8時20分ごろ発生し、最大計約36万5300戸に上った。四電送配電は関電側と原因や対策を詳細に検討するとした。」
これそもそもの原因は、その地域の調整力が脆弱になり再エネがゴリ押しされる割に安定供給できる高効率火力への投資が遅れてるからとしか思えません。
電力融通で乗り切ろうとする考えが理解できません。
地域ごとの供給力を増やすことは、送電ロスを減らし、安定した電力供給を実現するために有効なはず。
そのためにも各地域ごとのベースロードとミドルロードの二つを投資しなければ安定供給はできないはずです。
不安定な再エネゴリ押しする割になぜ
安定供給電源に投資しないのか理解不能です。
これ以上再エネだの蓄電池だの言ってたら本当に電力がおかしくなります。
蓄電池もレアメタルの埋蔵量から言ってこれ以上闇雲に増やすと将来バッテリが作れなくなるリスクがあるしリサイクルだとコスト上昇や安定確保は難しくなります。
あと、火力へのアンモニアやCCUSは
コスパが悪すぎるしそもそもアンモニアの製造過程でもCO2が出てますのでほとんど無意味な政策です。
そんなことに金をかけても日本は世界の3%しかCO2が出てないので全て0%にしてもたかだか 0.01度の温度上昇抑制効果しかないし経済活動をするのにCO2をゼロになどできません。 そもそも人間が呼吸する時点でCO2は出てるのでゼロになどならないのです。
このようなほとんど効果のないことに金を注ぎ込むのはおやめください。
中国のように排出が多いところをやらないと日本がやってもほとんど温度上昇抑制効果はないことはいい加減理解してください。
こんなことのために税金を払った覚えはないです。",2024-12-03,2024-10-21,2024-11-28
753,066,30代,化石燃料は本当に化石なのか？,2024-12-03,2024-10-21,2024-11-28
754,066,30代,"原子力規制委員会の敦賀原発2号機への判断は工学をやってきたものから見ると明らかに審査が不合理です。
以下が理由です。
科学的根拠の不足 K断層の活動性や連続性に関する評価が、十分な科学的根拠に基づいていないことが明らかです 科学的な不確実性が高い状況で、重大な判断を下していることは問題です
過度な保守性
不確実性が高い場合、安全側に立つことは重要ですが、過度に保守的な判断は、合理的な意思決定を妨げる可能性があります
経済的影響の軽視
原子力発電所の運転停止は、エネルギー政策や地域経済に大きな影響を与えます そのような重大な決定を、不確実な根拠に基づいて行うことは適切とは言えません
透明性の欠如
判断プロセスや使用されたデータ、解釈の詳細が十分に公開されていない可能性がありますこれは、科学的な検証や第三者による評価を困難にします
バランスの欠如
G断層とK断層の評価に対する取り組み方に一貫性がないように見えます 両方の断層に対して同じ基準で評価すべきです
長期的視点の欠如
この判断が将来の原子力政策や安全基準にどのような影響を与えるかについての考慮が不十分である可能性があります
このような判断は、科学的な厳密さと社会的影響のバランスを取るべき規制機関の役割を適切に果たしていないと言えるでしょう より慎重で、科学的根拠に基づいた判断プロセスが必要だったと考えられます
規制委員会の審査のあり方、組織自体を見直して政治家も規制委員会の大臣として監査役で置く運用をしないと国民から見ても暴走している組織に思えますしGX推進の妨げになりかねない組織です
ちなみに、活断層審査は原発にしか持ち出してない話でロジカルではありませんし電源別の死亡率でも最も低いのが原子力発電です
そこを理解してないのが規制委員会は横暴すぎます 民主党政権の時にできた負の遺産とも言えるのが規制委員会であり組織改革しないと電力基盤がおぼつかなくなりいつ停電してもおかしくなくなります 極めて迅速に改革が必要な組織です。",2024-12-03,2024-10-21,2024-11-28
755,066,60代,"2013年比46%目標は他の先進国に比べて、とても消極的だと思います。
日本がもっと野心的な目標を掲げ、それを実行する適切な計画を立てなければ、たくさんの国や人々にそのツケを回すことになると思います。
そのツケは次世代にも及びます。
化石燃料を減らすには、再生可能エネルギーをもっと積極的に増やしていく必要があります。また、化石燃料が使えないからといって、原子力回帰は市民生活に不安をもたらします。
私たちは過酷な原発事故の当事者だからです。
日本は自然エネルギーのポテンシャルは高いのですから、国が先頭に立って自然エネルギーを含む再生可能エネルギーの推進計画をエネルギー基本計画に明確に取り入れてください。",2024-12-03,2024-10-21,2024-11-28
756,066,70代,危ない原発は、0%に、自然エネルギーの電気を80%以上にして下さい。,2024-12-03,2024-10-21,2024-11-28
757,066,50代,NHKのテレビで電源開発の方のインタビューをやっていました。石炭火力でも二酸化炭素を減らせる新技術のことを仰っていましたが、そのためのコストは結局電気代になってかえってくるのではないかと思いました。異常気象が続き目に見えて気候の変動を感じる最近では、石炭を使い続けるというのは悠長な話に聞こえます。電気はなくてはならないものですが、エネルギー源のことを考えると、やはり循環する再生エネルギーが一番良いように思いますが、いかがですか？,2024-12-03,2024-10-21,2024-11-28
758,066,40代,原子力発電の放射性廃棄物の最終処分地が決まっていない中、また女川原発を再稼働させたことに納得できません。あの震災は人災です。想定外のことが起こったのだと東電は隠蔽ばかりしており、いまも命を削る廃炉作業は続いています。私たち国民は原発、放射能について学ぶ機会はほとんどありません。原発が必要だというなら、核のゴミの最終処分地やエネルギー問題を日本全国の問題とし、今後大人になる若い人や学生に学ぶ機会、議論できる機会や教育を与えてください。,2024-12-03,2024-10-21,2024-11-28
759,066,70代,"福島原発の後処理について
何年で後処理が完了するのか いまだ 将来像が見えない状況なのに 他の停止中の原発を再稼働するのは 無責任です
福島原発の事故は 偶然だったという安易な考え方で 他の停止中の原発を再稼働するのも無責任です
今の時代は ドローンを悪用し、稼働中の原発へ攻撃されたら、何が起こるか 想像できないほど ドローンの技術も進化しているので 絶対に原発に電源を頼るのには反対いたします
実用時期にある中、日本でもコスト低下のすすむ再生可能エネルギーの電源導入を加速する必要があります。それは以下の提言をもちまして意見します。
自然エネルギー財団による「2035年エネルギーミックスへの提言」（2023年4月）によりますと、建物屋上に設置可能な太陽光発電の普及、農・林・酪農業などと共に進める再エネ開発など普及に最大限に取り組んだ場合、80％までアップできると提言されています。また、発電部門のCO2排出を73．2％削減できIPCCで示した60％を実現できると試算されています。
生活クラブ生協茨城におきましても、3センターのうち2センターに太陽光発電パネル設置、食と同様、電気も人や環境に配慮したものを使いたい！という想いでおります。
３．発電と送配電の所有権分離と再生可能エネルギーの優先接続、優先給電政策を求めます。電力の自由化のため、電気会社から送配電部門を法的分離したのにもかかわらず、大手電力会社による新規事業者顧客情報の不正閲覧、電力カルテルが行われ、新電力の参入が妨げられる結果となっています。
このままの法体制では電力会社同士の公正な競争が成り立たず、再生可能エネルギーの普及が進みません。
そもそも不正ができないような仕組みが必要です。
発電と送配電の所有権分離を導入することを求めます。
原発の出力は微調整できず使うほどコストが安くなるという理由で、再生可能エネルギーより優先供給させること、先着優先の原則により新規参入のエネルギーの接続が後回しになることは、持続可能な社会を目指す観点から合理的とは言えません。再生可能エネルギーには、安 全、コストがかからない、自給ができる、小回りが利く、二酸化炭素や放射性廃棄物を出さないなど、多くのメリットがあります。
私たちが安全に電気を使い続けて行くためには持続可能なエネルギーへの転換が必要だと考えています。それを実現するために、再生可能エネルギーの優先接続・優先給電政策を求めま す。",2024-12-03,2024-10-21,2024-11-28
762,066,60代,"１．石炭ガス化技術による石炭火力発電を積極導入するべき
石炭ガス化複合発電（IGCC)や石炭ガス化燃料電池複合発電（IGFC）は日本のエネルギー政策のセイフティーネットとして残すべきである。
理由
（１）高効率なのでｋＷｈ当たりのＣＯ２排出は精製後の天然ガス汽力（蒸気）発電と同等以下。
天然ガスは採掘時に３０～７０％のＣＯ２主成分のガスが混ざっているので ＬＣＡで考えれば品質によっては天然ガスよりもＣＯ２排出が少ない。
（４０～４７％の高いエネルギー変換効率）
（２）資源枯渇の心配がない（質が悪いとされる亜瀝青炭や褐炭まで幅広い石炭が使える）
（３）地政学的なリスクが小さい。オーストラリアやモンゴルなど幅広い国から輸入可能
（４）安定電源というだけでなく、変動再エネ系統接続の為の調整能力に優れる
負荷変化率（調整力）が従来の３％／分に比べて１６％／分 天然ガス火力は６％
（５）優れたＣＤＲ機能（燃焼前にＣＯ２を高い回収率で分離してＣＣＵＳが可能）
（６）日本が世界に誇る競争力のある技術
海外からどれほど批判を受けても上記合理的理由を示して説得するべきと考える。 それでも納得しないとすれば石炭火力が６割を占める中国の産業競争力を削ぐために石炭火力を排除しようとしているのではないか？とすら思う。
日本はＩＥＡに秘密にしても予算を付け２０５０年までに開発・社会実装を進めるべきだ。
参考
大崎クールジェン https://www.youtube.com/live/cDyWZEZ96-8?t=615s
２．変動再エネの系統接続量を増やすなら無炭素の調整力も増やすべきである
（１）調整力の必要性
再エネの最大限の導入には賛成するが、系統接続する為には火力に代わる無炭素の調整力も増やす必要がある。
ご存じの通り電力を大量に貯めることは困難な上、電力システムにおいては
需給の同時同量が常時求められ、１秒たりともバランスが崩れることは許されない。そもそも変動再エネ（以下ＶＲＥ）で電圧や周波数を一定に保つためには、
その変動を吸収するもう一つの電源すなわち調整力が必要である。
これがなければ主力電源にはなりえない。ＶＲＥと調整力は車輪の両輪なのだ。
従来は化石燃料の火力発電所があえて稼働率を９０％前後に落として、需要変動への調整力として出力を調整していた。
ところがＶＲＥの比率が上昇してくると、この調整力は需要変動としてだけでなく ＶＲＥの系統接続のための調整力としても＜消費＞されることになってきた。 ＶＲＥ比率が上昇してくると火力発電の調整力も減ってくるのでますます不足して新たに太陽光や洋上風力などのＶＲＥ発電を増設しても出力抑制などで系統接続 できない事態が現実のものとなりつつある。
（２）電力市場では生まれない調整力。当面はどうしても化石燃料火力が必要経済学者やＪＰＥＸなど電力関係者のセミナーに出席すると、
ベースロード市場スポット市場
電力先物市場容量市場
需給調整市場
非化石価値取引市場
カーボン・クレジット市場同時市場
などとにかく「市場」を作れば、見えざる神の手がこの調整力を生み出してくれると新自由主義者たちは本気で信じているのではないかと不安になる。
電力は基本的に保存できないことと、ＶＲＥは価格シグナルによって供給を増減できない事を忘れているのではないだろうか？
個人的にはＶＲＥ比率が上がるにつれて市場の需給調整機能は失われると考えている。
なぜなら、価格シグナルによって供給を増減できないＶＲＥの供給曲線は右上がりにはならない。
一方電気代が高いからと言って電車や病院で電気を止めるわけにもいかないので価格硬直性が極めて高い。つまり価格がいくら高くなっても一定以下に需要が減らない。
この結果供給曲線と需要曲線が交われない事態が発生するのだ。
調整力を含む供給力（ｋＷ）が需要に対して不足すれば出玉がなくなり価格は無限大へと上昇する。
反対にＶＲＥに余剰電力が発生すれば価格はマイナス無限大に下がる。
いくらマイナス価格を設定しても揚水発電や蓄電池の設備費用はまだまだまだ高いので発電した電力は捨てたほうが採算がとれるだろう。
このボラティリティーの大きさは収益の予見性を著しく低下させる。
将来、蓄電池の価格が著しく低下してコスト的にも容量的にも出力的にも揚水発電に遜色がなくなれば電力市場は成り立つのかもしれないが、現行では蓄電池への投資を回収しようとすれば、停電してから蓄電したわずかな電力を売った方が高く売れるので需給調整市場は 電力システムの安定化に役立つことはないと思う。
容量市場でＶＲＥ参入を認めることもいざと言う時に、出力を上昇させられないので反対である。
少なくとも２０５０年までは、ＩＧＣＣやＩＧＦＣがダックカーブに追いつける強力な調整力として
ＶＲＥの系統接続の為にも建設するべきであると考える。
電力市場の自由化に反するのかもしれないが、こと電力においては計画経済的な設備投資が必要だ。
（３）送電線の増設効果にも限界がある。調整力の代替にはならない。
アジアスーパーグリッドなど大陸と送電線で結べば調整力不足を解決できると考えている方もいる。
しかし調整力を増やせばＶＲＥ電力の地産地消が可能で送電線に頼らない事が可能だが、 理想的なグリッドをコストを度外視して建設しても同時同量が達成できないのは明らかだ。それに送電線は電力の消耗が激しいので何百キロも遠くに運ぶのはエネルギー効率が悪い。
（昔は首都圏の場合送電線で箱根は越えられないと言われていたそうだ）
最近、風力発電の資源が豊富な北海道に半導体工場やデータセンターを誘致すれば、送電線の問題が解決し ＶＲＥの比率も高まるという期待もあるようだが、これでも夕方や夜間に需給を合わせるには膨大な
調整力が必要になる。
このため米国のＧＡＦＡＭでは、ＶＲＥではなく調整力を必要としない出力が一定の原発を無炭素電源として
利用する動きが広がっている。
日本では地震津波の災害大国でもあり安全保障上も地元感情からもそう簡単に原発を増やすことはできない。 ＩＧＣＣやＩＧＦＣには限らないが天然ガスなど何かしらの化石燃料発電が調整力として必要になる。
（４）同時同量を考慮していない環境証書はうまく機能しない。電圧周波数を維持する義務がある企業が市場退出する。
ＣＤＰのセミナーに出席すると環境価値証書（グリーン電力証書・非化石証書など）で最終的にＲＥ１００を取得する
ことを奨励しているが、この環境価値証書は電力の同時同量を全く考慮していない。
この為、夜間使用分の電力も昼間に合わせて太陽光で発電しておけばＲＥ１００が達成できてしまう。
私鉄でもＲＥ１００を宣言している会社があるが、実際には夜間も電車を走らせているわけでこの電力をどこから
どのように調達しているのかが問題になる。もし電力会社に頼らずオフグリッドでＲＥ１００を達成しようとすると
太陽光発電所だけでなく風力発電所を建設するのはもちろんの事、調整力用に揚水発電所も建設する必要がある。
それがＴＳＯ経由で太陽光発電業者から電力供給を受けてこの環境証書を使うと、風力発電所や揚水発電所を
持たなくてもＲＥ１００を達成できてしまうのだ。この調整力の負担はいったい誰が負っているのだろうか？
すべての企業がこのように環境証書を使ってＲＥ１００を達成したらどうなるのだろうか？ 夜間は電力不足が起きて、こないだの四国のような広域停電が起きるかもしれないし、日中は逆に出力抑制でＶＲＥを
系統接続できなくなる。
供給に関して電圧や周波数維持の責任を負うＴＳＯやアグリゲータ、旧一電、電力広域的運営推進機関、
小売電気事業者などから見ると、環境証書でＲＥ１００を達成した企業の分の調整力の設備代も負担しなくては
ならなくなるばかりか、夜間に化石燃料火力で調整力を確保しようとすると、炭素税を払い排出権の
カーボンクレジットも購入しなくてはならない。
それでも揚水発電所や蓄電池といった火力に代わる高額の無炭素の調整力を確保するよりは ましかもしれません。まさに踏んだり蹴ったりで、送電線建設も含む統合費用を電気代や送電代に転嫁できなければ
市場から退出するしかなくなる。
オフサイト・オンサイトＰＰＡにも調整力負担の問題があると考える。 ＴＳＯや電力会社から見れば、売電量は減るにも関わらず同時同量の為の調整力は確保しなければならない。
オフサイトＰＰＡでは、余剰電力をグリッド側に流すことはできないが不足分はグリッドから供給して
もらうのでやはり調整力が負担となる。 このような制度が長続きするはずはない。
政府は揚水発電所の建設や、調整機能を持つ水力発電、排出ＣＯ２の少ない化石燃料火力発電の建設にも
調整力電源として支援をするべきだ。
計画的に調整力設備を建設できないのであれば、無炭素の発電量だけでなく、24/7カーボンフリー電力や、
発電時間帯や地域による環境価値が評価される新たな市場を設計するべきだ。 そうしないとカーボン・クレジット市場の排出権取引もうまく機能しなくなる。
（５）無炭素の調整力をいかに確保するか？
無炭素の調整力としては現在のところ揚水発電所が最も有効だ。水力発電所に調整機能を持たせる事も考えられる。
しかし揚水発電所新規建設維持するためのインセンティブが十分でなくＴＳＯや電力会社にとって
むしろ負担となっている。適地や豪雨対策、住民合意の問題もあるとは思うが政府はもっと積極的に
これらの調整力設備を支援するべきである。
そのほかの調整力としては蓄電池が考えられるが、いくらコストが下がってきてるとはいえｋ Ｗｈ
当たりの価格も容量的にも揚水発電には現在のところ遠く及ばない。
スマホやＰＣの電池でカップラーメンが何杯食べられるのか？ＥＶのバッテリーで風呂に何回入れるのか？
考えてみればわかる。
アグリゲーターによる調整力も期待されるが、消費者が天候や時間帯による電気代を気にしながら
電気自動車に充電したりお湯を沸かしたりするのは限界がある。また好きな時に好きなだけ電気を使えず
制限を受ける電力供給契約にどれだけの人が応募するのか市場性にも疑問が残る。
だがＨＥＭＳで自宅のＰＶ電力をグリッドに戻さず蓄電池やお湯に貯めてできるだけ自家消費するのは
変動を小さくするので調整力としても有効だ。
ただしそのいずれも調整力の規模としては現在のところ十分ではない。
やはりグリッド調整用蓄電池の容量性能コストが揚水発電に匹敵するようになるまでは当面ＣＯ２低排出の化石燃料火力発電に頼るのが現実的な対応策だろう。
３．水素・アンモニア発電
長期的な季節変動やバックアップ電源を考えると、水素やアンモニアとなるわけだがグリーン水素やアンモニア
のエネルギー変換効率（ＰＶ／風車→電力→水素→電力）は低く各段階で５０％と考えても１割程度に過ぎない。
さらにオーストラリアの褐炭で水素を作って発生したＣＯ２をＣＣＳで地中に分離圧入し、その水素を
液体のメチルシクロヘキサンに変換するか冷却して液体水素にして日本まで運び、再び加熱して水素とトルエンに分離し
その水素を国内で輸送して発電するというのは極めてエネルギーの変換効率が悪くコストがかかる
非現実的な方法だと考える。そんなことをして電力を作っても電気代が高騰して日本の産業競争力は失われる。
化石資源から水素やアンモニアを作るぐらいならＩＧＣＣやＩＧＦＣの方がはるかに効率がよいし
オーストラリアから褐炭を日本に運び日本で発電した方がはるかに簡単でコストもけた違いに安い。
それにそもそもＩＧＣＣやＩＧＦＣは前段階でガス化しているわけだからこれを貯蔵することも
産業熱やＦＡＳとしてプロパンのように利用することも可能なはずだ。
アンモニアやe-Fuelについては詳しく知らないが水素同様に発電に使うならば電気が３次エネルギーと
なりそのエネルギー変換効率からあまり実用的ではないと思う。ただし産業熱や運輸燃料としては将来的には有効かもしれない。
４．原子力発電の見直し
（１）バックフィット
高浜原発１号機の最長60年までの運転期間の延長が認めらたようだが、これは活断層上の敦賀原発２号機同様に危険だと考える。
ひとつには格納容器の金属疲労が心配だ。配管なら取り換えることが 可能だが、格納容器はそうはいかない。運転中と休止点検中の圧力差で金属疲労が進むはずだ。
しかしそれ以上にバックフィットの問題を懸念している。
福島第一１号機は４０年運転期間の延長検査の直後に事故を起こしている。
１～３号機の中でいち早く水素爆発した原因としては非常用腹水器：ＩＣがうまく機能しなかったことが指摘されている。
機能した２，３号機の原子炉隔離時冷却系（RCIC系）よりも古い型の冷却装置だ。型の問題だけではなく耐震設計が昔の基準のまま書類検査もされず
運転期間が認定されたのではないかという疑念も持ち上がった。
この為事故後にはバックチェックとバックフィットを行うこととされたはずである。ところが４０年を過ぎた原発ではバックチェックはできてもバックフィット
することは大改造となり容易なことではない。発電会社の資産を損ないかねず実質的に実施できていないのではなかろうか。
そのような状況にあって安易に最長60年までの運転期間の延長を認めることはエネルギー安定供給の為とはいえ許されることではない。
（２）新型原子炉とウラン供給のサプライチェーン
新型原子炉なら安全だとの主張もあるようだが実績のない新型の方が安全だとの根拠は薄い。
（ａ）高温ガス炉
冷却材にヘリウムガスを用いた黒鉛原子炉で高温になってもメルトダウンしないということだが
ヘリウムガスの熱容量は水や水蒸気に比べて低く、ひとたび空気が混入すれば練炭のよう
な
構造の黒鉛がチェルノブイリのように火災を起こす可能性があり、水で消火するわけにもいかない。
（ｂ）小型モジュール炉
大型原子炉が危険なら発熱量の小さくて建設コストの投資が少なくて済む小型モジュール炉を
たくさん作ればよいだろうという発想で、米国ではデータセンターに安定電源として併設する
事が検討されているようである。だが課題はたくさん作った場合、運用する原子力技術者
も
大勢育成できるのかという問題の他に、産業熱としても利用するようになった場合ウラン
や
プルトニウムサプライチェーンの安全を保障できるのかが課題だと思う。原潜の動力源として軍事転用される可能性も大きい。
（ｃ）大型非常用腹水器の沸騰水型炉
実績のある成熟技術という面では安心できるのか、基本的には福島第一１号機と同じ構造ということで不安なのか微妙ではあるが最大の課題は建設コストにあるようだ。
（３）核サイクルの再検討
当初核サイクルは高速増殖炉が完成することを前提に、使用済み燃料棒からウラン２３６などを
取り出すために核燃料再処理工場建設が計画された。
しかし、もんじゅの事故以来高速増殖炉実用化の目途はたっていないしフランスをはじめとする
他国もあきらめたようだ。一方で再処理工場で分離されるプルトニウム（MOX燃料）はプレサーマル
運転では使いきれず、海外から軍事転用が疑われてわざわざ混ぜ物をして燃料効率を落としている。
おまけにその核燃料再処理工場建設も技術的にハードルが高く計画期間延長を繰り返している。
たとえ順調に再処理工場が稼働しても、フィッサル値なるものがあってそう何度も再処理工場で
原発の燃料をリサイクルできないとも聞いている。国は
（ａ）資源を有効利用できる
（ｂ）高レベル放射性廃棄物の量を減らせる
（ｃ）高レベル放射性+C145廃棄物の有害度を低くできる
としているが資源の有効活用はコスト的には採算がとれないようだ ｂとｃの為にそれほどの財源とリスクをかけて開発する必要があるのか？
直接処理ではまずいのか？青森県が高レベル放射性廃棄物の持ち込みを断らないために再処理工場の建設を進めているのではないのか？
もう一度「核サイクル」の目的や意義をゼロから検討してほしい。
（４）ウラン・プルトニウムのサプライチェーンと安定供給
高速増殖炉が実現できず、世界中が無炭素の安定電源として原発建設を進めた場合ウランの資源枯渇は早まらないのかが疑問となる。ある推定では30年前後という 見通しもあった。もちろん価格によっては質の悪い鉱山でも採算が取れるので
採掘量は増えるだろうが100年は持たないかもしれない。
もう一つは、ウラン・プルトニウムのサプライチェーンの問題である。 実質的にＩＡＥＡを通じて西側のサプライチェーンは米国が握っている。
トランプ政権になってディールの対象になった場合日本のエネルギー安全保障は 根本より脅かされる。この意味からもエネルギー資源の多様化が必要なのである。
５．無炭素社会への移行リスクは温暖化リスクに匹敵する
無炭素社会への急激な移行にも社会的、経済的なリスクが伴うと考える。 具体的には南オーストラリアや最近四国で発生したような広域停電のリスクカーボンプライシングやカーボンキャップによる経済不況のリスク
さらにはＧＸ投資が回収できなかった時の金融恐慌リスクだ。
これらのリスクは政治的に不安定な状態へと導き世界大戦さえ招きかねません。 最近ドラギレポートが出されてカーボンニュートラルを最優先に考えるのではなく ＥＵの競争力についても考慮すべきだといった内容でしたが、
理系の人間から見ると、文系の新自由主義者や経済学者が唱える説は
物理法則を無視したあまりにも環境政策中心の市場主義理論のように思える。神の見えざる手が物理法則を超えてＶＲＥの調整力を調達できるはずはない。
省エネやリサイクル以上の無炭素化は商品やサービスの付加価値を生まないためにコスト上昇につながる。カーボンプライシングによるエネルギー価格の上昇が
国際競争力を上昇させることは決してない。 ＧＸ投資がうまくいくのは排出権取引で儲けられるほんの一握りの富裕層で
多くの国民は電気、ガス、ガソリン、灯油などをはじめとした物価高に苦しみかねない。北欧3国と人口規模が同じ佐渡が島程度の孤島を特別区にして、そこでＶＲＥ１００％の電力供給がが本州のグリッドから独立して実際にできるのか検証して、
そのうえで新たな市場が機能するのか？うまく無炭素社会に移行できるのか？試してみても遅くないと考えている。
ー以上ー",2024-12-03,2024-10-21,2024-11-28
763,066,,原発はいりません。誰もが安心できる日本にしてください。,2024-12-03,2024-10-21,2024-11-28
764,066,30代,"エネルギー政策に関する「意見箱」へのご意見令和 6 年 10 月 23 日公表分（令和 6 年 10
月 4 日～10 月 20 日に頂いたご意見）の項番589、598、599に続いて意見させて下さい。
項番598のような前提、「系外惑星探査に小惑星に埋蔵されているウランなどが活用できるかもしれない」は今のところ確証が持てない推測です。そして「宇宙で原子力をしながら系外惑星を目指すのはいいが、大量の核燃料を地上から打ち上げてもし失敗したらチェルノブイリのようになってしまう」という考えも、「一度に全ての核燃料を打上げる必要は無く、段階的に打上げ宇宙において探査機や宇宙船に組み立てれば良い」と反論できる訳です。
また項番599で指摘させてもらいましたが「原発容量3倍」は矛盾した政策ではないでしょうか？
繰り返しになりますが、地上の発電というつまらない用途でウランやプルトニウム、トリウムなどの核燃料を消費するのは止めた方がいいと思います。核兵器は国連移管の上で廃絶すべきです。そして、「木星衛星イオの火山を発見したボイジャー探査機に使われた原子力電池」のような「深宇宙探査および深宇宙開発」の用途に限定してつつましく核燃料を使っていくべきでは無いでしょうか？あと亀井敬史さんの本を読んで知ったのですが、もし高速増殖炉の開発が上手くいかなくても、トリウム溶融塩炉でプルトニウムを使用できるみたいですね、使用済み核燃料の全量再処理は良いと思います。その上で、核兵器廃絶および地球上における脱原発依存を提言します。",2024-12-03,2024-10-21,2024-11-28
765,066,60代,"原子力発電、化石燃料発電に反対し、安くて安全な再生可能エネルギーの転換を求めます。理由:①地球温暖化をストップするためには、
今後の数年間が正念場であることはお分かりかと思います。原発の再稼働、新増設に何年かか
りますか？間に合いません！炭素回収貯蔵についても核のゴミ同様、貯留する場所の確保など問題が山積みです。
②コスト的にも見合わないです。今でさえ、福島第一原発事故対策にも国税が投入され、電気代にも上乗せされています。原子力が電気料金の底上げをしています。これ以上国民を苦しめるつもりですか？",2024-12-03,2024-10-21,2024-11-28
766,066,,"原発運転期間延長、再稼働、新増設に断固反対します。 AIの普及が電力需要の増加を招くから
原発が必要という理由は、おかしい！！
なぜ、第６次基本計画ですでに予測されていた電力需要を新しい問題のように提起するのか？
AIが引き起こす電力危機については、IT業界からも否定的な見方もあり、技術進展等による
「大幅減」も予想されています。
日本のエネルギーミックスの考え方S＋3Eは、まず、基本はＳ(安全)なのでは？！
福島の原発事故を忘れないでほしい。",2024-12-03,2024-10-21,2024-11-28
767,066,,"エネルギー政策に関する意見書
23区南生活クラブ生活協同組合
第７次基本計画が再生可能エネルギーを中心としたものになるよう、以下の意見を申し述べさせていただきます。
・東京電力福島第一原発の廃炉の見通しも立たない中での原発推進はありえません。原発の再稼働、運転延長、新増設、開発は一切やめ、原発に頼らないエネルギーへの転換をすすめてください。
・世界でも日本でも今、温暖化による気候変動の影響が現実のものとなっています。脱炭素政策をすすめてください。CO2を多く排出する石炭火力の廃止期限を設定し、化石燃料からの脱却を求めます。
・第７次エネルギー基本計画では再生可能エネルギーへの転換を明確にし、2022年G7サミットで合意された「2035年の脱炭素化」を実現してください。",2024-12-03,2024-10-21,2024-11-28
768,066,60代,"原発を減らす方向で協議して欲しい。福島原発事故から、13年が経過。
いまだに、避難生活を余儀なくされている多くの国民がいる。
選挙の際には、大きな声で
「国民のために」と発言する議員がいる。
本気で「国民のために」と考えるのなら、原発を減らしましょう。",2024-12-03,2024-10-21,2024-11-28
769,066,30代,"気候変動対策のために、再エネを大幅に増やしてください。
また、廃棄の問題やリスクの高さ、経済的にも負担の大きいことから、原発は停止してください。
化石燃料から脱却を速やかに目指してください。 市民の意見を取り入れる仕組みを作ってください。",2024-12-03,2024-10-21,2024-11-28
770,066,70代,"今回の衆議院選挙で国民民主党が躍進しました。なぜこの結果に！国民が声を上げたからで す。ここ３０年間自民党政権は政治家が全て決め、決めて当たり前と思ってきました。そのあり方に国民は「NO」と言ったのです。各省庁も自民党に向き合い政策を進めてきました。国民を置き去りにしてきました。
憲法では、日本国の主権は国民です。そして時代は動いているのです。
私は高齢者です。７０歳以上の人は会議のメンバーに入れないでいただきたい。若い女性の参加の増員をお願いいたします。
「原発にNO」と言います。政治家は「原発は必要」と言いますが、原発抜きでエネルギー確保をどこまで検討されたのでしょうか。日本は地震大国、１３年前の東日本大震災のありさまは誰でも記憶にあります。その犠牲になった人々の苦しみも知っているはずです。１月１日能登沖地震でもその有様を国民は全員見ています。能登珠洲市に原発反対を３０年訴えてきた人達がいます。「もし原発ができていたら」と思うとゾーとします。
「原発の恐ろしさ」これが優先されるべきです。原発の処理技術がないことを含めて、人類にとってこんな恐ろしい原発は廃止することが必須であり、原発がないことが人類の未来です。人の犠牲の上に未来はありません。
重ねて言います。人の犠牲の上に未来はありません。
「原発にかけてきた費用」私たちの税金をどのくらい使ったか内容を知りたい。その決定はどのようにされてきたのか知りたい。今までの費用、これからもかかる原発費用を再生可能エネルギーに使われたらどのくらいの規模が実現できるのでしょうか。
太陽光、水力、風力、地熱、バイオマスなどのエネルギーで日本中のエネルギーを賄うための試算をもとにエネルギー基本計画を組んでいただきたい。海外からエネルギーを輸入せず「エネルギー自給率100％」になれば国力が上がります。再生可能エネルギーの技術開発、水素利用や蓄電池開発に費用を使ってもらいたい。そのための費用をGDPの2％まで上げてもらいた い。再生可能エネルギーを主力とすることを、防衛費と同じように、大きな声で国民に訴えてもらいたい。国民の意識なしには、地球温暖化防止もエネルギー政策もできない。
人の存在は自然を破壊します。人の活動は地球を傷めます。経済活動優先ではなく「地球を守るためには」の視点でエネルギー基本計画を立てていただきたい。
今回、意見を出せる場を設けていただき、ありがとうございます。これからも国民の声を聴く姿勢をお願いいたします。",2024-12-03,2024-10-21,2024-11-28
771,066,,"大学1年生です。いま、国がエネルギー基本計画をつくったり、NDC、温室効果ガス削減の国別目標について決めようとしていると思います。エネルギーのあり方、温室効果ガスをどれだけ減らすか、などはわたしたちの暮らしに直結する問題です。決めてしまう前に、国会できちんと議論をしてください。
特に、温室効果ガス排出量を削減できるかどうかは、重要な問題です。産業革命前と比べて 1.5度気温上昇が起きれば、気候変動を止めるのが難しくなると言われています。この夏は、昨年よりも暑くなり、「観測史上最も暑い」という言葉をよく耳にしました。未来世代のために、2035年までに81%温室効果ガス排出削減（3013年比）を目指していただきたいです。今
ニュースで聞くのは、60%や66%という数字ですが、それでは全く足りません。最低でも70%を目指して、動いていただきたいです。よろしくお願いいたします。",2024-12-03,2024-10-21,2024-11-28
772,066,60代,原発はすすめてほしくありません。子や孫、その先の子ども達に安全な環境を望みます。,2024-12-03,2024-10-21,2024-11-28
773,066,40代,"去年今年と夏が酷く暑く夏の期間も、昔と比べると増えていると感じます。
まだ世界的には平均1.5度上昇の入り口に来ている状態なので、これからまだまだ耐え難いほど暑くなり、
エアコンの設置できない家庭で過ごす人は多く命を落とすことになるのだろう、
エアコンを持っていても激甚化する台風や豪雨の影響で停電した状態で熱波に晒され命を失う人もこれから増えていくのだろう、
当然台風、豪雨、洪水によって家や命を失う人も増えていくのだろう（洪水対策で救われる家、命も多くあると思いますが、同時に全てのインフラに策を打つことも難しく）
また、食の面で、酷暑に耐えられる植物もあるでしょうし消費者もそういった食材を積極的に選択していくべきではありますが
全体としては、悪化していく酷暑豪風雨のもと多くが収穫量を減らし、酷暑下で農作業を続けられなくなる人も増えながら、食料の確保は年を追って難しくなり、他国でも気象による災害は激甚化していくので輸入によって賄うことも難しくなっていく。
国内の多くの人々の暮らしも年を追って厳しくなっていくでしょうが、ある国の累積的CO2排出量が多ければ多いほど、その排出を続けることによって（勿論他にも多くの側面はありますが）少なくともそれに関しては排出の少なく被害を強く受けている他国からの視線が厳しいものになっていき、尊敬できない国として見られるようにもなる。
そう思うと憂鬱です。
歴史的に日本が美しいとしてきた景色、固有種など、次々と失っていくことにもなります。基本政策分科会第65回配布資料
「エネルギーに関する国際動向等について」を拝見しましたが、
資料p.20に
・石炭火力発電の割合が低い国は全廃の年数を表明、石炭火力の割合が高い国は段階的な脱炭素化を目指す
と書かれており
「割合が高いから割合の低い国と比べると楽に減らせないんだ」と言っているような印象を受けるのですが
https://assets.publishing.service.gov.uk/media/664c827ff34f9b5a56adcb5d/UK_Energy_in
_Brief_2023.pdf
といったサイトを参照すると英国での石炭消費（Coal consumption, 1990 to 2022）は 1990年 108.3 Million tones
2000年 59.9 Milliton tones 2010年 51.4 Milliton tones 2022年 6.1 Milliton tones
と、元々少なかったから楽に減らせているのではなく、早くから別エネルギーへの移行に着手していたことが伺えます。
京都議定書採択は1997年でその頃+C177から人為的温暖化の問題に対して騒がれていたので 1990年代から石炭に代るエネルギーへ移行していたのは妥当であり
日本が（2011年不幸な原発事故があったとはいえ）現状石炭火力を減らせていない、寧ろ1990年代から石炭消費量を増やしてきたのは
長年効果的な手を打てずにいた結果、現状に違いが出ているように見受けられます。
また、資料p.22を見ると
・英国とは産業構造が違うからエネルギー構造の変革が容易でないという印象を持ちますが、また同時に
・仮に製造業比率が2倍であれば2倍難しいのだとしても、同ページの日本の石炭火力発電の発電量の推移の無さは何なのか？
と疑問を持たざるを得ません。
資料p.20に出てくるアンモニア混焼ですが、グリーンなアンモニアを何処から仕入れるのか目途が立っているとはとても思えません。
（アンモニア混焼以外にも特に海外から不評であり多くの反対意見を受けているものもあるでしょうが）
CO2排出量を全体として結果的に増やす方向にすらなり得るものを効率的な発電方法と謳わないで頂きたいです。
資料内にも出てくる地熱発電、プロブスカイト太陽電池ほか洋上風力などの積極的な導入によって、クリーンな、日本で暮らすことに安心を覚えるエネルギーへの移行を希望します。",2024-12-03,2024-10-21,2024-11-28
774,066,30代,"・再エネの比率を上げてもらいたい。
・温暖化の大きな原因である石炭火力を使った発電は止めてもらいたい。
・気候変動の影響を大きく受けるのは子供や我が物の世代です。計画策定に若い世代のひとたちの意見が反映されるようにしてもらいたい。",2024-12-03,2024-10-21,2024-11-28
775,066,80代以上,子育て世代に予算も必要ですが、それ以上に温暖化現象の被害が豪雨災害や台風の大きさとか身近にあり、支援を強化して各家庭に熱源の太陽光や水素系の良いと思われる設置補助金等もつと宣伝して、予算を使って欲しい。化石燃料はできるだけ使わない政策も強化すべき事と思います。,2024-12-03,2024-10-21,2024-11-28
776,066,50代,"１．2035年までに、原子力を使わずに電源の脱炭素化を原発事故を起こした責任と、先進国である日本として誠意ある姿勢を見せる必要があると多みます。G7サミットで合意されている
「2035年までに電源のほぼすべてを脱炭素化する」目標は、原子力に頼らない省エネと再エネで実現することができるはずです。
２．原子力の新増設やリプレース・新型炉の開発をやめて期限を定めて廃止をするべきです。既存の原発も期限を定めて廃止が必要です。先日、福島の東日本大震災・原子力災害伝承館と富岡町震災伝承施設「とみおかアーカイブ・ミュージアム」に行きました。13年も経った今も汚染土の運搬トラックが行き交い、未除染の森林や山。想定外は人災です。完璧な人間はいないのだから、人災は防ぎようがありません。二度と起こさないためには作らない・使わない以外に選択肢はありません。
３．原子力発電の単価数十円に対し、自然を活用したエネルギー発電は数銭円で作れるようになっています。原子力と化石燃料から、省エネ・再エネを中心とした人にも環境にも優しい産業・社会構造への公正な移行が円滑に進むよう、クリーンな雇用の確保や地域への支援、人々のくらしのサポート、格差や不平等の是正に取り組む方針が必要です。エネルギーも地産地 消・自給自足ができ誰もが安心してエネルギー供給される暮らしを国策として進めていただきたい。",2024-12-03,2024-10-21,2024-11-28
777,066,50代,私は原子力発電に関してはリスクが多く反対の立場です。日本は地熱発電が出来るはずです…,2024-12-03,2024-10-21,2024-11-28
778,066,70代,"もっとも気になるのは、原発への政府の考え方です。
再生可能エネルギーなどへの取り組みが、ほとんど聞こえてきません。その中で、原発の再稼働ばかりが声高に発信されています。
介護者のいる主婦で、勉強も不足ですが、地震国である日本が
これから先、孫子の時代に向けて、取るべき方向はどうしたらいいのか地球温暖化も含めて、国民に向けて議論の過程も発信して欲しいです。今の政府は「原発ありき」に思えてなりません。",2024-12-03,2024-10-21,2024-11-28
779,066,,"エネルギー政策に関する意見書北東京生活クラブ生活協同組合
私たち北東京生活クラブ生活協同組合は、持続可能なエネルギー政策を推進し、「省エネ」
「脱原発」「エネルギー自給」「CO２削減」を柱に運動をすすめています。2012年には組合員の声をもとに、秋田県にかほ市に「生活クラブ風車夢風」を建設し、2016年には新電力「㈱生活クラブエナジー」を立ち上げました。再生可能エネルギーを中心とした「生活クラブでん き」の共同購入をスタートし、現在全国で2万人近い組合員が参加しています。
私たちは現在、地球規模での気候危機に直面しています。異常気象の頻発、海面上昇、氷河の融解、生態系の破壊など、その影響は多岐にわたり、将来世代に深刻な影響を及ぼすことが懸念されています。現行のエネルギー基本計画を見直し、より持続可能なエネルギー政策をすすめることが最重要課題です。市民一人ひとりがこの問題に関心を持ち、積極的に意見を述べることで、真に持続可能な社会の実現に向けた第一歩を踏み出すことができます。現在の第七次エネルギー基本方針に対して、以下の点について意見を申し述べさせていただきます。
世界水準に合わせ、脱原発、脱石炭火力を脱炭素政策の柱として早急に実現することを求めます。
世界的には、気候変動対策として脱炭素政策が急務とされています。国際的な取り組みとしては、パリ協定に基づく温室効果ガス削減目標が設定され、各国が再生可能エネルギーの導入や化石燃料の使用削減を進めています。特に、欧州連合（EU）は2050年までにカーボンニュートラルを達成することを目指しており、再生可能エネルギーの普及促進や石炭火力発電の段階的廃止をすすめています。一方、日本は2030年までに温室効果ガス排出量を46％削減するという目標を掲げていますが、石炭火力発電も依然として重要なエネルギー源とされており、目標を達成するためにはさらなる脱炭素政策への取り組みが必要です。石炭火力発電の段階的廃止 と、それに代わる再生可能エネルギーの開発拡大を力強くすすめていくことが重要です。
また、東日本大震災での悲惨な事故の処理が未解決のままで、原発を推進・温存していく政策を容認することはできません。再稼働、運転延長、新増設・リプレースや新型炉の開発などの一切をやめ、原発に頼らないエネルギーへの転換を求めます。火力発電の中でも一番多くの CO2を排出する石炭火力の廃止期限を設定し、化石燃料からの脱却を求めます。
2035年の再生可能エネルギー電力目標80％以上にすることを求めます。 G7サミットで合意されている「2035年までに電源のほぼすべてを脱炭素化する」目標は、原子力に頼らず省エネと再エネで実現する必要があります。 COP28で合意された「化石燃料からの脱却」と「2030年までの再エネ設備容量3倍及びエネル ギー効率改善率2倍」というグローバル目標に、先進国である日本として大きく貢献する必要があります。
2035年の電力の脱炭素化を日本で実現するには、既に実用段階にあり、日本でもコスト低下のすすむ再生可能エネルギー電源の導入をいっそう加速するしかありません。課題を抱える古いエネルギー供給体制や産業の維持に固執するのではなく、地域で生み出し自給することのできる再生可能エネルギーへのエネルギー転換を強く求めます。
エネルギー基本計画の議論への市民参画と策定にかかる主要会議の委員構成の改善を要望します。
エネルギー基本計画は、すべての国民に影響を与える重要な政策ですが、現在の策定プロセスでは、市民の意見を十分に取り入れる仕組みが整っていない現状があります。広く意見を募集する公聴会の開催頻度が低いことや、意見提出の機会が限定されていることが問題です。また審議委員会においても、委員の構成が特定の業界や団体に偏っており多様な意見が反映されにくい状況や会議の透明性が不足しており、議事録の公開や会議のライブ配信などが十分に行われていないことが問題です。国民主体の議論の場を確保し、より民主的で透明性の高いエネルギー政策の策定を実現することを求めます。
以上",2024-12-03,2024-10-21,2024-11-28
780,066,,"小水力発電を増やしてください。
自然を破壊するメガソーラー施設はこれ以上建設しないでください。",2024-12-03,2024-10-21,2024-11-28
781,066,20代,"・気候変動がとても心配です。再生可能エネルギーのことを調べると今は初期投資はかかるものの長期的に見ると取り戻せると知りました。しかし、会議の中では再生可能エネルギーのコストを問題視ばかりされていて悲しいです。未来の私達のためにも今の安定性を求めるだけではなく再生可能エネルギーを増やして欲しいです。
・1.5度のディッピングポイントを超えると海外では気候変動の影響が激しくなり、土地自体に保険をかけることをやめ、住民は撤退を求められるということが現在起こっています。今 1.5度のポイントを止めなければ日本もさらに影響を受けると思うので1.5度目標に整合してほしいです。
・そもそも国民がエネルギーの実情をどこまで把握できているのかわからないですが、国民自身が一人ひとりエネルギーのことを知り、使い方を考える必要があると思うので学ぶ機会を増やして欲しいです。
・日本だからこそ原発を減らしい欲しい。
・一般市民や若い世代の意見を反映してほしい。",2024-12-03,2024-10-21,2024-11-28
782,066,20代,"原発の安全性確保にかかる費用を無視しないで欲しい。再エネの普及と稼働率改善のために、国として送電網の増強を進めて欲しい。
一企業や地方自治体において、再エネを導入する上での障壁となっている。また、希望観測的な技術革新に頼りすぎず、確実な脱炭素政策の実行を。",2024-12-03,2024-10-21,2024-11-28
783,066,30代,"3.11の原発事故も原爆も経験した日本で原発を推進していくのはとても怖いです。
日本はヨーロッパと違い地震大国と言われており、原発の安全性をどんなにあげたとしても、あの事故で""想定外""と言われたことでとても安心はできません。
原発は減らして気候変動を止めるために再エネを100%に向けて大幅に増やしてください。",2024-12-03,2024-10-21,2024-11-28
784,066,50代,エネ基分科会の会議メンバーに、2050年を生きる当事者（現在20代30代の世代）を多く入れるべき。2050年に生存していないであろう世代が中心になって決めるべきではない。,2024-12-03,2024-10-21,2024-11-28
785,066,20代,気候変動に関する科学者の警告を無視せず、政策に反映させてください。,2024-12-03,2024-10-21,2024-11-28
786,066,30代,"次の理由から、中長期的には再生可能エネルギー100%を目指してほしいです。
太陽光発電をはじめ、自然エネルギーの発電コストが下がってきており、将来的にはもっとも安い電源になることが確実だから。
核燃料サイクルが破綻しており、「核のゴミ」処分方法が確立していない中では、原子力発電は行うべきではないから。
福島第一原発の事故原因や全容が明らかになっていない段階では、新たな安全規制基準の妥当性が評価できないため、再起動あるいは新設原発のリスクが不明であるから。
再生可能エネルギーの多くは分散型電源であり、柔軟性があるだけでなく、協同組合方式の地産地消が可能であり、地域コミュニティ、地方自治の発展に資するから。
「ベースロード電源である」という粉飾がされているが、原子力発電は出力制御が困難であるから。",2024-12-03,2024-10-21,2024-11-28
787,066,20代,"いつもお世話になっております。
国のエネルギー政策についてお願いです。
今まで日本は石炭火力発電によって経済発展してきましたが、石炭火力発電は気候変動を促進します。
再生可能エネルギーを増やしていただきたく存じます。
気候変動が、どれくらい深刻化しているかご存知でしょうか。私は農家をしていますが、極端な気候のせいで年々作物がとれなくなっています。ただでさえ自給率の低い日本でこのまま作物が取れなくなれば、経済損失どころか飢饉が起き得ます。
再生可能エネルギーを促進すれば、今まで石炭火力購入費で国外に流失していた約30兆円が国内で循環し始めます。再エネは国にとって潤いをもたらしてくれるものではないでしょうか。
最近頻発する豪雨や台風での災害も、気候変動によるものだと言われています。気候変動対策をして災害を防げば、復興にかかる費用も抑えられます。
皆さんの中には、お子さん、お孫さんがいらっしゃる方もいると思います。未来のために、どうか気候変動に具体的な対策をお願いします。",2024-12-03,2024-10-21,2024-11-28
788,066,80代以上,"現在の人類は、石油・天然ガス・石炭などの地球40億年の遺産を食いつぶそうとしている。 1000年後・5000年後の人類から見れば、何とも酷い祖先が居たものと思うだろう。
今後重が増すエネルギーの供給源としては、太陽光発電は日本の九州全てを埋め尽くしても足りないだけでなく、設置地区で環境問題を引き起こしている。、風力発電も得るエネルギーは少なく低周波騒音・鳥類への被害も生じており、環境問題がある。
石油・石炭を食いつぶしている現在の人間は、500年・1000年後の人間に対して新たなエネルギー源を残しておく義務がある。
現在は、核分裂を制御した原子力発電があるが、これも限られたウランを食いつぶしている。現在考えられるのは、核融合を制御できる技術を完成させ、核融合発電を実用化することと思う。
核融合発電は放射性物質の発生も無い。
海水に含まれる重水素は大量にあり、海に囲まれた日本にとっては極めて恵まれている。
太陽光発電・風力発電・海流・地熱などに予算を使うことよりも、核融合の実用化に予算を使うべきと思う。",2024-12-03,2024-10-21,2024-11-28
789,066,50代,"原発をやめて。
再生可能エネルギーにしてください。",2024-12-03,2024-10-21,2024-11-28
790,066,60代,日本は島国、海に囲まれているというメリットがあるので、海洋発電に予算も人材も向けてほしいです。子どもたちの教育に再エネの視点を取り入れてほしい。未来を作るのは子どもたちだから。,2024-12-03,2024-10-21,2024-11-28
791,066,60代,"水素エネルギー政策について
最近の経済産業省殿の将来のエネルギー政策に関する審議会等を拝聴しておりますと、エネルギーの主力を水素に置いているように思えます。これ自体に異論はないものの、そのほとんどを海外からの輸入に依存する政策のように思えます。折角GX成長戦略で多額の投資を誘導するわけですから、水素の自給を促すような政策を行うべきだと思います。エネルギーは国民生活の要なので、他国の情勢に左右されない状態を作り出すことが肝要かと思います。この投資により国の産業構造を作り替えることができ、未来永劫の発展に寄与するものと確信しておりますので、ご一考をお願いいたします。",2024-12-03,2024-10-21,2024-11-28
792,066,,誰もが安心してくらせる社会のために原子力、火力発電はやめてください。,2024-12-03,2024-10-21,2024-11-28
793,066,50代,原発再稼働は、危険ということだけでなく、コスト的にも温暖化対策的にも、全くいいことなしだと思うので、脱原発脱炭素、再生可能エネルギー推進政策への転換を切に願います。,2024-12-03,2024-10-21,2024-11-28
794,066,80代以上,"第７次エネルギー基本計画についての意見
はじめに：エネルギー基本計画を考える上でのポイントを整理します
大事なことは①二酸化炭素排出削減のスピード、②いかに安価なエネルギーを将来にわ たって提供できるか、③安全性の問題：技術的な展望・安全性に限らず防衛･災害への対応の問題も考慮、④再生可能エネルギーの無秩序な展開をさせないで拡大する対策強化等の配慮が必要であると考えます。以下にその意見を述べます。
１．２０５０年にカーボンニュートラル（ＣＮ）だけではだめ。今、早く二酸化炭素排出を減らすことが肝要である。２０３０年、２０３５年の排出をいかに減らすか。
国連関係機関からは、現状の５０年目標（ＣＮ）のみでなく３５年、３０年の到達目標の提示が求められている。しかし、パリ協定の＋１．５度目標達成の可能性はどんどん少なくなっているのが現状で、一部機関からは既に超えているとも報道されています。今の各国の目標値では＋２．８度以上になるのが確実な状況になっているとも指摘しています。
第6次までの計画では、日本は＋１．５度目標達成に貢献できないことは次第に明らかになっています。いかに早く大胆な目標を出し、実施に移すかが求められています。 第7次基本計画が、第6次基本計画を継承するようであれば、たとえ仮に原子力発電が稼働時排出ゼロで
あっても、２０３０年、２０３５年には間に合わないことは明らかです。また石炭火力発電で水素やアンモニアの混焼を行っても、減らせる二酸化炭素はわずかで根本的に減らせ、ゼロになるわけではありません。今求められるのは「スピード感」をもって早く二酸化炭素排出を減らすことです。このどんなに早くても１０年先、１５年先の「（新型）原子力発電」や「石炭火力発電」を、いまだに「ベースロード電源」と位置付けて、そこに莫大な資金（国費）を投入し続けることは効果あるカーボンニュートラル対策を遅らせることになるだけで、許されない対応です。 なお原子力発電は出来上がって稼働時には二酸化炭素を排出しないにしても、ウラン鉱山から、原子炉建設、廃炉、放射能汚染物･使用済核燃料の保管までの長期の「原子力発電の生涯」を考えると、二酸化炭素の排出は石炭火力発電に次いで多いということが、既に福島第一原子力発電所事故の前に、アメリカの学者によって発表されていま す。そして福島の事故後は、安全対策でさらに材料（製造過程で多くの二酸化炭素を排泄する鋼材やセメントなど）製造には多くのエネルギーが消費され、二酸化炭素排出はさらに増加していくことは容易に推定できます。決して、二酸化炭素排出が少ない発電方法ではないことも留意すべきです。
２．建設経過中･建設稼働後のコストを考えた計画
発電源については将来にわたり、できるだけ安い電源を選ぶべきであす。
＊国民から電気料金と一緒に徴収したお金をつぎ込んだ額を別として、原子力発電は安い電源と声高く宣伝されてきました。国民から徴収されたお金を元に、多額の補助金で造られた「安い電源」だといえます。福島第一原子力発電所事故以後、安全対策が強化され、その対策で再稼働に必要経費を含めると、少なくとも倍増しています。事故前の建設費は、１００万ｋＷ当たり５千億円程度とされていましたが、最近の欧州の原子力発電所建設では、福島の事故後では２兆円前後にまでなっています。小型モジュール炉についても採算が取れないということで米国では撤退という事業者もでてきています。原子力発電依存ということは建設時から、高い電気料金を支払わされ、将来にわたって続くことを考えると安価に提供できる電源･エネル
ギー源とは言えなくなっています。廃炉後の核廃棄物管理も考えるとさらに増加するでしょ う。今後の原子力発電書建設は、建設途中から電気料金に載せて、隠れた負担を強制される可能性も沙汰されています。また建設費の高騰により、発電事業体単独での建設は負担が大きいから国庫からの補助も求める動きも出ていることも聞きます。将来に渡って「高い電気料金負担」が国民に強要されるのは避けるべきです。
＊石炭火力発電もＣＣＳ等の費用を考えると今後の発電経費は増加することが予想されます。さらに石炭を輸入に頼るとなると、これまでにすでに国富の流出ということ、価格の不安定さ等課題も多いことを既に経験しています。将来に渡って安いエネルギーとは言えません。
＊これまでエネルギー基本計画の「再生可能エネルギーを主力電源」という表現にしては毎年の予算の配分額は格段に少なく、その結果、世界の動向から大きく立ち遅れてきているのが日本のエネルギー政策の現状です。世界では再生可能エネルギーが「一番安い電源」になっているのに、日本では設置費も含めてやや高いレベルにとどまっており、結果として高い電気料金を国民が負担している現状は第７次基本計画では打開すべきです。
３．国土の安全を考えた：防衛上の課題･施設の安全性
＊東アジアの緊張を背景に、軍事防衛力を格段に増強する意見が大きくなっています。この意見の方達は同時に核施設・原子力発電施設の増強を迫っている方とほぼ重複しています。しかし、ロシアのウクライナへの戦争行為は、原子力発電施設は戦略上重要な利用価値のある施設となりました。陸続きの土地なので占領という形で軍事施設化しています。では東アジアでこのような事態が起きればどうなるのでしょうか？ まず、最初に戦車で占領ということは考えられません。地理的、および偏西風という条件を考えれば、大量の同時発射のミサイル攻撃でしょう。多数のミサイルをすべて迎撃できる保障は皆無と考えられます。１発でも施設に当たればそれだけで良い。特に福井県への攻撃は効果的でしょう。日本の半分が放射能汚染され、次いで米本土に流れ、地球を一周して攻撃者のところにくる頃には危険度はかなり軽減している事は計算できます。原子力発電施設を運営することは、こういうことを想定しておかなければならないのが東アジアの現況だといえます。そういう事態が起きうることも想定せずに声高に叫ばれているようでなりません。新増設は万が一のことも考えると絶対容認できません。
＊さらに日本の国土はプレート境界がいくつも接しており、活断層も無数にある状態で す。さらに近年は気候危機･地球沸騰化で災害規模の激甚化も進んでいます。原子力発電施設は原子炉本体の被害以外にも、外部電源、発電施設の設備（長大な配管施設やベント施設な ど）は自然災害や、人為的ミスなどが重なれば、極めて厳しい状況になったというのが福島第
１原子力発電書の事故の教訓です。
＊こうしたことを考えると、現行の原子力発電施設も早期にフェードアウトが必要です。特に
４０年超えの老朽原発は再稼働後も頻繁に小さなトラブルを起こしています。小さなトラブルのうえに大きな事故が発生するのは常識では無いでしょうか？
４．大型再生エネルギー設置可能のゾーンを指定することと拡大のために各種の規制を見直す環境破壊、ひいては災害発生が予測される危険性、水源破壊など住民の生活に大きな影
響を与える陸上風力･大型太陽光設備（メガソーラー）設置を無秩序に許可しないことが必要です。そのためには洋上風力と同じように、陸上風力およびメガソーラーを設置できるゾーンを検討する独立した委員会などを設置して、直接の住民の声も反映した設置可能ゾーンを指定すべきです。知事をはじめ自治体責任者はその指定地域内で、施設設置申請を検討できるようにすべきです。そのことが将来の災害の発生や、住民の不安を解消できるものです。
なお一般市民が関与できる電源としては、屋根型施設と、農地でのソーラーシェアリング、小型風力などは今後災害時などにも一定対応できるものとして、抜本的な飛躍を図れるものと考えます。 屋根型に関しては、
自己消費型設置も含め、市場価格が安くなるまで蓄電設備などへの一定の補助金制度を強力に進めれば拡大のスピードは加速されます。 ソーラーシェアリングについて は、現在様々な規制がどこでもかなりかかっていますが、農業振興策にもなる可能性は大き く、収入が安定した農業経営が期待できます。 また地球温暖化の中でソーラーパネルが耕地の気温上昇を和らげる効果も各地で実証されています。農産物収穫維持および食糧自給率向上にも貢献できます（水田でも可能）。農家にとっても継続できる農業を保障することにもなります。大幅に拡大できるように法的整備が必要です。",2024-12-03,2024-10-21,2024-11-28
795,066,60代,未来の子供達の為に原発や石炭火力発電をやめてほしいです,2024-12-03,2024-10-21,2024-11-28
796,066,50代,再生可能エネルギーは日本国民を殺す。経済、産業は破滅する。太陽光パネルは中国の利権。森林を削り、川を汚染させる。環境破壊。そもそも、co2排出量は、日本は３％。中国は３０パーセント以上。日本が０にしたところで、何の影響もない。,2024-12-03,2024-10-21,2024-11-28
797,066,50代,原発をやめてほしい。原発事故が起きた時、子どもが１歳と３歳でした。東京でも外に遊びに行けなかったし、目に見えない怖さがあった。地震が多い日本で、原発の完全な安全はない。今ある原発の処理だけで途方に暮れる作業が待っているのに、たとえ審査に合格したからと て、老朽化した原発を動かすのはやめてほしいし、新設もあり得ない。ひとたび事故が起これば、避難できない農産物海産物、野生動物に被害が及ぶ。避難計画も現実的ではない。やめてほしいもう一つの理由はウラン原料の採掘からして被ばくする。それを輸入し、お金がもったいない。日本でもできるエネルギーを最大限に利用すべき。その技術さらなるエコを目指してで競うべき。政策として、再生可能エネルギー100％を目指すと舵を切ってほしい。,2024-12-03,2024-10-21,2024-11-28
798,066,30代,"気候変動の影響を大きく受ける若い世代をはじめとする市民が、意見を述べる機会がほとんどないまま、限られたメンバーによる審議会で議論が進められている現状に、大きな問題を感じています。
偏りのない幅広い市民の声を、エネルギー基本計画に反映していただきますよう、強くお願い申し上げます。",2024-12-03,2024-10-21,2024-11-28
799,066,20代,エネルギー基本計画の策定に際して、若者の意見を聞く場を設けていただきたく思います。また、エネルギー政策に関しては、「戦争を止めることが1番のエネルギー政策となる」と思います。,2024-12-03,2024-10-21,2024-11-28
800,066,20代,"原子力発電所は危険だと思います。
減らしてください、日本には災害が多いです。
廃炉のコストや危険性など様々な問題があります。減らしてください。
そして、再生可能エネルギーに変換していって欲しいです。
将来、自分の子どもたちが枯渇した地球で前世代のツケを払い続ける未来はとても心苦しいです。
どうか、よろしくお願いします。",2024-12-03,2024-10-21,2024-11-28
801,066,30代,ヨーロッパ等と比較して、日本は火力発電を使い続けるなど、時代に逆行しているように思います。化石由来の燃料を使うのをやめてほしいです。,2024-12-03,2024-10-21,2024-11-28
802,066,50代,業界の利益を優先するエネルギー政策ではなく、決定過程の参加者に、科学者や市民の代表を増やしてください。,2024-12-03,2024-10-21,2024-11-28
803,066,40代,再エネを増やしてください,2024-12-03,2024-10-21,2024-11-28
804,066,30代,"発展途上国への資金拠出を増やすよう、G7の会議で伝えてほしいです。
また、福島での原発事故をもう起こさないよう、原発は少なくとも段階的にはゼロにしてほしいです。",2024-12-03,2024-10-21,2024-11-28
805,066,30代,気候危機を危惧しています。原発を減らし、再生可能エネルギーへのシフトを進めていただきたいです。,2024-12-03,2024-10-21,2024-11-28
806,066,60代,原発を使わないでください。事故が起こった場合に取り返しがつかないことになります。人命第一です。,2024-12-03,2024-10-21,2024-11-28
807,066,40代,"化石燃料由来の電気の生産を減らし、再エネを増やして欲しいと考えています。
ですが、再エネをするために土地を切り開き環境破壊をすることは望んでいません。
建物一つ一つに太陽光パネルなどをつけ、自分の電気は自分で生み出していくような環境整備をしていって欲しいです。",2024-12-03,2024-10-21,2024-11-28
808,066,50代,"2035年までに、原子力を使わずに電源の脱炭素化を。
原子力は新増設・リプレースや新型炉の開発をやめ、期限を定めて廃止を。化石燃料を延命する新技術には頼らないこと。
クリーンな雇用の確保や地域への支援、人々のくらしのサポート、格差や不平等の是正を。よろしくお願いします！",2024-12-03,2024-10-21,2024-11-28
809,066,30代,世界中で避難生活を強いられている人たちの多くが、気候危機のあおりを受けていると言われています。国内で暮らす人たちの命も遠くにいる人たちの命も踏みにじられないエネルギー政策が必要です。持続可能な再エネに、待ったなしで舵を切って下さい。,2024-12-03,2024-10-21,2024-11-28
810,066,10代以下,"原発を増やすのではなく、再生可能エネルギーを増やしていただきたいです。
今年の夏も昨年に引き続き暑い日が続き、秋もほとんどないような気候でした。このような気候はご存知のとおり気候危機だといえます。気候危機対策を強めてほしいので、ぜひよろしくお願いいたします。",2024-12-03,2024-10-21,2024-11-28
811,066,20代,"原発を減らしてほしい。
再生可能エネルギーをより多くの方が使えるように制度を整えてほしい。
また、こういった場で得た市民の意見を正しく集計し、活用してほしい。私たちの声を無視しないで！",2024-12-03,2024-10-21,2024-11-28
812,066,40代,私たち世代だけではない将来のためのエネルギー政策を切に願います。,2024-12-03,2024-10-21,2024-11-28
813,066,40代,"メタンを含めた温室効果ガスの排出削減を真摯に考え、再エネを最大限導入してください。化石燃料、原発は、地球上の人を、そして未来を幸せにしません。
政府が主張する日本のエネルギー安全保障を担保できるのも、再エネ以外ないです。",2024-12-03,2024-10-21,2024-11-28
814,066,30代,審議会に市民や気候変動対策を求める人々の声があまりにも反映されなさ過ぎだと思います。もっと本気で気候変動に向き合って、本気の対策をとってください。それと原発推進・火力推進は止めてください。,2024-12-03,2024-10-21,2024-11-28
815,066,50代,"再エネ増やしてください。
気候アパルトヘイトには加担したくないのです。",2024-12-03,2024-10-21,2024-11-28
816,066,30代,"未来のこどもたちのためにも、気候変動対策を強化してください。
原発はリスクも大きいため、持続可能な再生可能エネルギーを勧めてください。
日本の電力は再エネでまかなえることがデータとしてもわかっていますので、安全でCO2排出量を抑えられる再エネに切り替えることが可能だと思います。
よろしくお願いいたします。",2024-12-03,2024-10-21,2024-11-28
817,066,60代,"原発は万が一の事故によるリスクが桁違いに大きいということを忘れないでください。
日本は放射能汚染による被ばくというものを、広島・長崎に次いで、福島第一原発事故によって経験していますので、これ以上原発依存は続けないでください。
再エネは原料が無料の自然循環を利用するエネルギーです。
日本はさまざまな自然エネルギーの宝庫であると言われ、その技術も持っていますが、普及には課題が多くてなかなかひろまりませんでした。
再エネと省エネを組み合わせて、原発や石炭火力を使わなくても暮らしていける方策を望みます。",2024-12-03,2024-10-21,2024-11-28
818,066,30代,原発を減らし、再生可能エネルギーをより多くの方が使えるように制度を整えてほしい。私たちの声を無視しないでください。,2024-12-03,2024-10-21,2024-11-28
819,066,40代,"私たち市民は、廃棄物処理や安全性等に多大なリスクを有する原子力も、LNGやアンモニア・水素混焼といった化石燃料の延命のための悪あがきも、全く求めていません。
既得特権を維持したい大企業と経団連の方だけを向いて、国民のためにも地球のためにもならない政策に国民の貴重な血税を大量投入することは、いい加減、やめてください。
日本で再生可能エネルギーを最大限化することに資金とリソースを全振りするとともに、そのための法整備を早急に進めてください。",2024-12-03,2024-10-21,2024-11-28
820,066,40代,2050年再生可能エネルギー100％に向け、2030年の導入目標を国際的水準である 50％以上としてください。,2024-12-03,2024-10-21,2024-11-28
821,066,30代,"既に起こっている気候危機がこれ以上悪化することがないよう再生可能エネルギーの普及や省エネに本気で取り組んでいただけますでしょうか。
また原子力発電は必要ないと思います。万が一があってからでは遅いので稼働を止めてください。私たち一人ひとりの声を聞いてください。",2024-12-03,2024-10-21,2024-11-28
822,066,20代,期限を定めて原発廃止に向けて動いてください。再生可能エネルギーを最大限国内で広められるような制度を設けてください。そのほうが、国内の経済的にも安全保障的にも合理的です。日本が世界の先頭に立つのは再生可能エネルギーであってほしいです。よろしくお願いしま す。,2024-12-03,2024-10-21,2024-11-28
823,066,30代,"発展途上国への資金拠出を増やすよう、G7の会議で伝えてほしいです。
また、福島での原発事故をもう起こさないよう、原発は少なくとも段階的にはゼロにしてほしいです。",2024-12-03,2024-10-21,2024-11-28
824,066,40代,"環境に負荷がかかりにくいものを科学的に割り出してほしいです。負荷がかかりにくいと予想される方法を提案してもらいたいです。その方法の中でメリットデメリットを共有し、市民で選んでいけると良いと思います。
その方法の中には、原発や火力発電は決して含まれないと思います。誰の幸せも搾取しない方法を。",2024-12-03,2024-10-21,2024-11-28
825,066,30代,気候危機が年々、実感として感じています。原発再稼働ではなく、再生可能エネルギーに転換を進めてください。能登半島地震でも明らかになったように、避難経路は確実ではありませ ん。これ以上事故があってはなりません。私たちが安心して暮らしていけるような政策を展開してください。,2024-12-03,2024-10-21,2024-11-28
826,066,40代,"再生可能エネルギー100%に素早く移行することは、人権、倫理の観点で当然に必要ですが、経済的に日本が国際社会で生き残るためにも不可欠です。
気候危機の対策に間に合わない原発新設や、カーボン固定技術にお金を投じるのをやめて、再エネの導入促進に集中してください。
もう回り道している時間はありません。
もっともシビアな時代にはもういない人たちばかりで真剣度が感じられないエネルギー基本計画の議論が進んでいくことに怒りを感じます。",2024-12-03,2024-10-21,2024-11-28
827,066,,"エネルギー基本計画策定プロセスには、市民が参加する場がほとんどありません。
審議会における検討に若い世代を含む多様な立場の専門家や環境団体、市民の参加を確保するとともに、民主的で透明なプロセスによる「国民的議論」をお願いします。",2024-12-03,2024-10-21,2024-11-28
828,066,40代,気候変動への対策は今やるかどうかが重要です。元に戻せ無くなる前にまずは行動が必要で す。再エネの拡大と、火力発電と原発の廃止を求めます。今ある自然の豊かさを未来に残せなかった時、私たちは必ず後悔すると思います。CO2を世界で５番目に出している日本がどう行動するのか。世界をリードすべきところは気候変動への対策ではないでしょうか？私たちは見ています。確実に行動してください。,2024-12-03,2024-10-21,2024-11-28
829,066,20代,原発をこのまま使い続けていく未来は福島の未来も私が住む東京も地続きに問題と考えます。気候危機で世界各地で生存問題にも繋がっていきます。再エネを利用していく身を置ける安心した暮らしを国民全員で作りあげていく未来をしていきたいです。,2024-12-03,2024-10-21,2024-11-28
830,066,50代,"集落の近くの山頂付近で風力発電所の建設が計画されていると聞きました。四国の他の地域でも同じような発電所が多く計画されているようです。
風力は自然エネルギーなので、一見するとよいことのようにも思えますが、どんどん人口が 減っているこの地域で、建設はもちろん、維持や管理に巨額のお金がかかる大規模な発電施設の建設がはたして本当に必要なのか疑問に思っています。
発電に使用する発電機本体はヨーロッパの企業から輸入される、ということにも引っかかっています。近くに大きな電力し消費地がないことからも、決して効率のよい発電方法とは思え ず、税金を資金とする補助金を投入して施設を作るなら、水道施設に併設する小水力発電や、廃プラ発電所など、設営維持管理にきるコストが少ない施設を作るべきではないでしょうか。",2024-12-03,2024-10-21,2024-11-28
831,066,50代,"気候危機問題はとても重要なことだと思うのでもっとオープンな場で議論いただきたいですし、現状や解決策について発信をしていただきたいです！
地震の多い日本ではとくに原発は危険すぎるので廃止してください。",2024-12-03,2024-10-21,2024-11-28
832,066,,2030年、再生可能エネルギー３倍の合意に参加したと思いますが、もっと世界の中で目立てるように原発を進めるのではなく、再生可能エネルギーを増やすような政策を望みます。,2024-12-03,2024-10-21,2024-11-28
833,066,10代以下,原子力と石炭火力の発電をゼロにしてほしい。,2024-12-03,2024-10-21,2024-11-28
834,066,40代,"原発を減らして将来的にゼロにしてほしい。
再生可能エネルギーが普及するよう制度を整えてほしい。",2024-12-03,2024-10-21,2024-11-28
835,066,20代,"エネルギー基本計画の検討において、委員会の人員に偏りがあるように感じます。決定プロセスに若者や女性、再エネや省エネに積極的な人はどのくらいいるのでしょうか？あらゆる立場や考えのひとが決定プロセスに関わることは重要と考えます。
また、委員会の配信が行われる際、その開催日時の告知をもう少し早くお願いしたいです。日本に住む市民として、気候危機の影響をより受ける若者世代のひとりとして、エネルギー基本計画には関心を持っていますし、将来世代や気候変動の影響を強く受ける地域に住む人々のためにも再エネが進むことを強く希望します。",2024-12-03,2024-10-21,2024-11-28
836,066,50代,いつも国民にとって重要な問題に取り組んでいただきありがとうございます。私たちが暮らしていくためにもエネルギーの問題はとても重要に感じています。その中でも気候変動の対策を踏まえて再生可能エネルギーへの移行は、最低限の対策と考えます。簡単なことではないかと思いますが、次世代の人たちのことも考えて計画を立ててください。どうぞよろしくお願いいたします。,2024-12-03,2024-10-21,2024-11-28
837,066,30代,エネルギーは気候危機と直結しており人権に関わります。気候危機の煽りを受けるのは、二酸化炭素の排出をほとんどしていない国や地域の人たちです。すでに気候危機が原因で命や生活を奪われている人が大勢いる現状から目をそらしてはなりません。日本は責任を果たし、原発は廃炉へ、再エネを増やしてください。,2024-12-03,2024-10-21,2024-11-28
838,066,20代,"まず世界的にベーシックな気候変動対策をしてください。
例えば、アンモニア発電のような実効性の乏しい対策にコストをかけず、もっとエビデンスレベルの高い施策を進めてください。",2024-12-03,2024-10-21,2024-11-28
839,066,70代,今朝，新聞を見て，すぐに意見を出そうと思いました．COP29で，「脱炭素に原発」を活用しようという動きが加速しているというのです．私は単なる問題のすり替えに過ぎず，解決に向かうものではないと思うからです．気候変動問題にしろ，核廃棄物の増加にしろ，どちらも大問題で，未来に禍根を残す可能性が高いからです．日本が先進国を自任できるなら，「脱炭素に原発」などと，安易に賛成しないでほしいし，間違った判断だと世界を説得してほしいと思います．日本が先進国だと世界から言われるように頑張ってください．私は脱炭素と脱原発に未来を見たい．,2024-12-03,2024-10-21,2024-11-28
840,066,50代,"現在、第７次エネルギー基本計画の取りまとめに入っている段階ではありますがエネルギー問題が危機的な状態でさらにこの状態が深刻化していく状況が急速におきているにも関わらず国民の理解が進んでいないことに非常に危機感を感じております。国民に危機的状態、日本が国として存続できるかまで陥る可能性がある所まで追いこまれている事実を周知していただき、計画を取りまとめられることを切に願います。
１ 極度に低いエネルギー自給率13％を早急に引き上げていくこと
○現在の自給率は国家安全保障及び国民生活保障を考えた場合、国家存亡の危機になりかねずあまりにも危険であること
○ウクライナ戦争により、一時ロシア産LNG輸入が途絶える寸前までになったこと
○化石燃料輸入費が貿易で重荷になってきており、為替相場状況も相まって国民生活に多大な影響を与えていること
○エネルギー自給率が化石燃料及び化石代替燃料を輸入時の価格交渉に大きな影響をあたえること
○エネルギー自給率向上は温暖化物質排出削減・GX（グリーントランスフォーメーション）は密接な関係で共に成立すること
○電化及び省エネ機器導入を加速度的に拡大増加させること
○「再生可能エネルギー電源、原子力エネルギー電源・熱源、太陽熱エネルギー熱源、国産バイオマスエネルギー源（発酵・燃焼）、地下（電源除く）及び廃熱エネルギー（電源含む） 源、国産化石燃料エネルギー源等」の導入拡大を確実に行うこと
○エネルギーは電気エネルギーだけでなく、熱エネルギーや原材料としても大量につかわれており、全ての利用しているエネルギーが相関関係があるため、全てのエネルギーを議論対象にしていただきたいこと
２、国民に我が国のエネルギーが危機的状況であることを伝えていただきたいこと
○化石燃料費が電気代やガソリン代上昇の主要因であり、物価上昇に大きく影響を与えていること （再生可能エネルギーが電気代上昇の主要因ではなく、再生可能エネルギーが化石燃料費暴騰時に電気代上昇抑制をしたこと）
○エネルギー源は電気エネルギーだけでなく、熱エネルギー及び原料（化石燃料）も重要であること
○ウクライナ戦争後に起きている世界のエネルギー危機が知られていないこと
○世界有数のエネルギー消費大国であり、生活から産業、工業に至るまでにエネルギーを必要し、エネルギーがなければ国民生活が成り立たなく、崩壊の可能性まである状態まで日本は追い込まれていること
○エネルギーの実相をエネルギー白書にある「エネルギーバランス・フロー概要」などにより伝えていただきたいこと
○エネルギー自給率を上げるには省エネ機器利用及び再生可能エネルギー電源、原子力エネルギー電源・熱源、太陽熱エネルギー熱源、国産バイオマスエネルギー源（発酵・燃焼）、地下及び廃熱エネルギー源、国産化石燃料エネルギー源などしか国産エネルギーがないこと
○特にエネルギー源として「再生可能エネルギー電源、原子力エネルギー電源・熱源」が共に不可欠であること
○我が国のエネルギー供給の基本は「採算性・費用便益比・社会的必要性」や「Ｓ＋３Ｅ」等の様々な要素を複合的に組み合わせた中で得られる最大公約数であること
○人類が持っている技術の中で自給率を高められる原子力をどうしてもどうしても、、、、当面の間、使わざる得ないこと
○十分な予算を確保して、インターネット等も含めた各種メディアを使い国民に広報していただきたいこと
○電気代として徴収している再生可能エネルギー賦課金について、制度について内容をしらないため批判が起きているおり制度の説明をしていただきたいこと（特にまもなく賦課金価格が低下していくように制度や買取価格を設定変更してきたことを説明していただきたいこと）
３、原子力エネルギーについて
○福島第一原子力発電所の教訓から深層防護を基本に原子力をすすめること
○再稼働及び建設中原発早期完成、新設を進めること
○原子力の技術について、失わないようにきちんとした対応をおこなうこと
○発電だけでなく、熱エネルギー源として利用をおこなうこと（水素生成等及び熱供給等）
○核変換技術の早期確立（核融合技術より早いと見込まれる）を世界各国とも協調・加速的推進を行い核廃棄物激減を目指すこと
○大量に保有しているプルトニウム（使用済み核燃料の再度処理利用も含む）をプルサーマルで利用し早急・確実に削減すること
４、火力発電所について
○電力供給における同時等量を行うための最終手段の調整を行う電源であり、再生可能エネルギー電源が増加する中で電源量及び採算性低下による維持の在り方などを検討していただきたいこと（1993年米騒動を引き起こした1991年6月のピナトゥボ山噴火による日射量減少等や 2021年における欧州の風況不調などは今後もあり得ることであり、その際には再生可能エネルギー電源の発電量が中長期k間減少して、他の電源で支える必要が生じるなど）
○石炭はＬＮＧに比べて貯蔵性が高いことから安全保障及び調達地、調達方法、既存発電所維持・改造による高効率化、新設可否、石炭貯蔵体制、保管方法などについて改めて検討していただきたいこと
○Ｃｏ２排出量は石炭火力発電所、一般炭、原料炭、そのほか化石燃料を含めてトータルで考えていただきたいこと（温暖化係数が高いメタンをはじめとする他の温暖化物質排出も含めてトータルで考えていただきたいこと、）
○ＬＮＧについて、調達の長期契約の在り方など調達方法や調達地、都市ガス利用の在り方
（高温領域及び工業分野【電気や液体燃料に比べ応答性や詳細な調整、管理面などで確実に都市ガス化が工業分野で利用拡大が進んでいる状況】、電化不可能な建築物、電力負荷軽減のためにナチュラルチラーやガスヒートポンプ等）なども含めて検討していただきたいこと（国内で自然放出（天然、農林漁業、産業など）されているメタンの回収も検討していただきたいこと）
○火力発電所新設可否・新設発電所の方式（日変動など短期変動対応のため、起動停止ができ早期建設も可能な高効率内燃発電機利用なども含め）も含めてトータルで考えていただきたいこと
５、再生可能エネルギー電源について
（全電源共通）
○インバーター出力を多くで利用しているが疑似慣性力は未完成なことから早期に技術確立をさせるため、投資をしていただきたいこと
○同期電源（慣性力）問題について、多くの国民がしっていないため広報を確実にしていただきたいこと（過去の周波数統一でＭＧセットを多様していたことやロータリーコンデンサを今後導入するが維持費用問題などを含む）
○再生可能エネルギー電源の短期及び中期、長期変動を補う蓄電池や揚水発電、火力発電（電力生成及び化石燃料）、電気機器需要コントロールなどは技術・価格・現実路線等を踏まえ進めていただきたいこと
○政府及び地方自治体が建設推進のため事業者への支援及び地方自治体が公営事業として進める等も含め法を定めて推進していただきたいこと（原則、建設を推進し規制はあくまでネガ ティブリストとして最小限の規制になるよう法整備を進めていただきたいこと）
○パワーコンディショナーやインバーター機器など制御を行う重要な部分は国産や信頼できる基準に達しているものだけ使用することを認めること
（太陽光）
○規律の乱れの解消を今まで行ってきたとおり、適切に対応していただきたいこと
○適正な事業には金銭だけではなく幅広い支援を行い推進していただきたいこと
○森林の大規模及び無理な伐採を伴う設置は規制をする等適切に対応していただきたいこと
○建築物及び土木構造物、高度成長期バブル期開発放棄地、市街化調整区域荒廃地、戦後復員及び食糧難等による開拓放棄地、ゴミ処分場埋立地、市街化区域内及び市街化調整区域再建築不可となっている用地、土砂石採取場跡地など太陽光発電が可能な場所は多いため特例措置も含め積極的に進めていただきたいこと（土地の権利が複雑になっている場合は公的に整理することも検討していただきたいこと【放棄され危険になっている場所やゴミなどが放棄され滅茶苦茶になっている場所もあり太陽光発電設置により整理改善されることが期待されること】）
○農地への設置については不良農地と優良農地の違いや生産する物など検討する課題が多く、農水省と共に検討し進めていただきたいこと
○事実をことなる情報が拡がっている状態が見受けられるため、国民に対して正しい情報を広報していただきたいこと
○海外の太陽光パネルを利用する際はパネルが海外産であってもパワーコンディショナーなど制御などを行う重要な部分は国産や信頼できる基準に達しているものだけ使用することを認めること
（風力）
○事実と異なる情報（騒音など）が多く拡がり始めており、反対の要因ともなっているため、ただしい科学的情報を提供するなど対応していただきたいこと
○適正な事業には金銭だけではなく国及び地方自治体が幅広い支援を行い推進していただきたいこと
○地上風力を森林に設置時、道路敷設が行われる場合はその道路は林野庁が推進している林業に使用する路網の整備と重なるため調整を行い林業に役立つようにしていただきたいこと
○海上風力は漁礁の役割を持たせるなど漁業に役立つ施設としても機能する様にしていただきたいこと
○地上風力は森林（山林）に設置されてきた送電塔と同じような施設であり、必要面積以上使わないことを国民に説明していただきたいこと
○野鳥の被害を最小限にするよう建設計画がされており、他の建築物との被害の差を科学的に説明していただきたいこと
○地上風力が事実と異なる情報を元に反対されて、断念する事例が多くなっていることから国及び地方自治体が支援するよう法整備をしていただきたいこと
（水力）
○開発を行う場所について、事業者自ら調査を行っているがそれに対して政府及び地方自治体などが支援する体制を作っていただきたいこと
○一部事業者で規律が乱れ、人的被害が起きかねない発電所が散見される状況であり対応をしていただきたいこと
○国内で整備できる業者がいない発電機を輸入するしたり、定期点検に困難が生じるような建屋を作っている事例も見受けられることから対応していただきたいこと
○水利権など権利関係が複雑な事例もあり、国や地方自治体が直接整理することも検討していただきたいこと
○長期にわたり稼働することが可能であることから長期に投資額を回収する制度にすることや地方公営事業として行うことも検討していただきたいこと（農山漁村再生可能エネルギー法による建設補助や新たな補助制度も検討していただきたいこと）
○過去に建設され放棄された発電所が数多くあることから再生可能な発電所は早急に再開発し
ていただきたいこと
○農山漁村電気導入促進法（昭和二十七年法律第三百五十八号）で多額の国費を投じ開発した発電所で商用電力が来た際、放棄されてしまった発電所が多いことから採算がとれ再開発可能なものについては基本的に全て開発していただきたいこと
○水力発電所は物理の原則である高低差・流量・建設費（配管が適正価格で設置や埋設できる
（道路等）などが重要であるところ、不採算になるような無理な開発が散見されることから対応していただきたいこと（特に農業用水は高低差や流量などを詳細に検討しないと不採算になりえること）
（地熱）
○実際開発できる場所が限られえていることを国民に伝えるとともに開発が資金面や採掘しないとわからないというリスクを今以上の金銭的な支援をするとともに金銭面以外の部分について、幅広い支援を行い推進していただきたいこと
○温泉枯渇を心配される方に対し、国及び地方自治体が事業者を支援し正しい情報を共有できるようにしていただきたいこと
（バイオマス）
○効率が悪い及び国外バイオマス資源利用の燃焼系発電は再生可能エネルギー発電事業新規認定の対象外としていただきたいこと
○メタン等発酵系は都市ガス事業者、ガス使用発電事業者等へ発電より優先して売却する制度へ変更していただきたいこと
６、太陽熱及び地熱（発電以外）、廃熱（発電も含む）など熱源について
○太陽熱温水器及び太陽熱集熱器（温風）の高性能・有効性が南極昭和基地で検証実験で改めて確認されたことから「太陽熱温水器による給湯機器・冷暖房機器（ナチュラルチラーでの利用）・温水プール温水器等の補助」や「太陽熱集熱器による暖房機器・乾燥機補助等の補助」として省エネ効果が著しく安価であることから設置を急増させていただきたいこと
○工場や発電所等の様々な廃熱利用が技術開発によって選択肢ができ、使える熱温度も幅が広く安価になってきたことから促進していただきたいこと
○地熱について、比較的低温な物でも発電や空調などに使用できる技術が行われ安価になってきていることから促進していただきたいこと
○水道水が冬季に大きく低下する地域で様々な熱源による熱交換器で水道水を加温することについて、給湯時等の熱使用を削減、健康対策、採算など最大公約数を検討し有効的であれば検討していただきたいこと
７、バイオマス（燃焼、発酵）について
（森林の木材：燃焼）
○森林の木材を再度本格的に利用することでエネルギー革命・外材自由化前の地方と都市がお金と物の購入で双方とも潤っていた時代を再生復活させていただきたいこと
○森林は非常に荒れて適切な利用により整備が必要になっていることから建材と薪・炭・チップ・ペレットなどを得るため、計画的に針葉樹及び広葉樹、竹などを伐採し利用していただきたいこと（例えば、ペレット価格が50円／kg以下なれば、灯油と競争できる価格になること）
○過度の森林伐採及び放置され伐採管理しない森林は共に土砂崩れの大きな原因となるため、適切な量を計画的に伐採更新していただきたいこと（特に割合が多くなる石炭火力や産業用燃料としてのチップ）
○針葉樹の方がＣｏ２吸収が多いこと・針葉樹・広葉樹とも樹齢20年目程度がＣｏ２吸収が最盛期になること等を踏まえ植林・森林再生等をしていただきたいこと
○林業作業員が著しく減少し、機械化が必須のため路網整備促進を行っていただきたいこと
○得られる建材は炭素固定化にもなり、高層ビル建築にも使える技術ができたことから積極的に使用して、コンクリート造による莫大なコンクリート製造エネルギーを減少させていただきたいこと
○燃料として使用する場合は薪ストーブやペレットストーブ、ペレットファンヒータ、ナチュラルチラー等は排煙抑制技術が大きく進んでいるため地域状況に応じて規制を検討していただきたいこと（かまどや直焚き風呂、給湯器などは排煙抑制の研究をしていただきたいこと）
（有機廃棄物、農林業廃棄物、下水、畜産糞尿など）
○有機物発酵によるメタン等はＣｏ２より温暖化係数が著しく高いため、出来るだけ広範囲で回収し、自然ではなく人為的に発酵しメタンを発生させて都市ガス等に利用していただきたいこと（発電より直接として利用することを効率の面から優先していただきたいこと）
○メタン回収後の残留物から特定重要物資であるリンを回収も目的としていただきたいこと
（産出が中国やカナダ、モロッコなどに偏り輸出国次第で肥料上昇要因となること、リンは非常に重要であり、採算性だけでなく食料安全保障の面からも投資をしていただきたいこと）
○少しでも効率化をはかるため、大型施設で生成することが適切だと考えられるため収集にあたっては貨物列車利用し広範囲収集も考えていただきたいこと（エネルギー使用効率化の面から鉄道利用は重要であり、大型自動車運転手不足の加速化や安全保障の面で省資源で大量輸送可能な鉄道の有効性がウクライナ戦争で再確認されていること等から貨物列車利用を考えていただきたいこと）
•
8、国産化石燃料について
○今後も調査を適切に継続していただきたいこと
○費用対効果や社会的意義など問題がある調査開発について、継続しても困難な場合は中止することも検討していただきたいこと
○国内でCCS事業のＣｏ２埋設候補地として挙がっている地域に釧路炭田・石狩炭田・常磐炭田・筑豊炭田を含め、コールベッドメタン（炭層ガス）をを得ることも含めて検討していただきたいこと（採炭時にメタン噴出で大きな困難があったことやそのメタンを利用し都市ガス事業を行った常磐地域等の事例もあったこと）
○産出が低下した国内油田・ガス田にCCS事業のＣｏ２を注入し増産や再度採掘できないか検討していただきたいこと
9、省エネルギー機器導入他について
（機器類）
○ヒートポンプ機器やナチュラルチラー（空調、冷蔵庫、給湯、蒸気、製氷、熱乾燥など）の機能向上が電気及びガス共に著しく、既存機器を交換することで省エネ効果が非常に高く、金銭面でも短期間で回収できる場合が非常に多いので加速度的に拡大させていくこと
○一般的用途の照明器具（白熱、蛍光、ハロゲン、水銀、ナトリウムなど）を早急にLEDに交換することで大幅な節電と金銭面でも短期間で回収できるため加速度的に拡大させていくこと
○省エネ機器導入によって、政府・地方自治体等で支出が大幅に削減できるにも関わらず非常に古い機器が多数あるので早急に対応していただきたいこと
○単板ガラス（トタン板並みの断熱）等について、使用制限などを建築関係についても資材について対応を始めていただきたいこと
○廃熱を利用して省エネをする機器開発が急速に進んでいることから加速度的に拡大させていくこと
○低所得低資産家庭や中小企業で省エネ機器導入に負担が重い場合は傾斜配分や機器の無料配布も含めて検討していただきたいこと（電気代支出を根本削減・物として残るなど利点があると考えます。）
○大量の電気温水器や蓄熱暖房機器が残存してるため、エコキュートやガスハイブリット給湯器、エアコンに交換することを支援や国交省による建築物におけるガイドライン作成などを行い積極的にすすめていただきたいこと
○非効率な機器について、いまままで効率機器を推奨し販売を販売抑制をしてきたところですが販売を禁止することも含めて考える時期に入っていると考えますので検討していただきたいこと（特定・必要不可欠な用途除く）
（住宅及び建築物）
○高気密高断熱の住宅及び建築物を着実に増やすこと。省エネルギーだけでなく健康面でも重要であること（厚生労働省と共に進める必要があると考えます。）
○既存住宅及び建築物についても、壊して建て直す場合は大量のエネルギーを破棄することになるため、大規模改修などを行い高気密高断熱をすることも進めていただきたいこと（特にコンクリート造はエネルギーの塊、文科省や国交省も公立学校や公共建築で新築でなく大規模リニューアル改修も選択肢として上げています。特に文科省は長期間改修し使っていくことを推奨。）
○建築資材について、（例えば単板ガラスはトタン板波の断熱しかないなど）高気密高断熱に支障がある場合があることから利用制限をすることも検討していただきたいこと
○高気密高断熱基準やエネルギーに係る建築物基準について、ZEH基準よりも高い基準で義務化を早期に行えないか検討していただきたいこと
○マンションやアパートなどの建物でエコキュートが設置場所やヒートポンプユニット重量等で設置困難だったがガスハイブリット給湯器登場でヒートポンプ給湯器の設置が出来るようになった建物が大幅に増えていると考えられる状況と考えられます。（エコキュートよりガスハイブリット給湯器はタンク、ヒートポンプユニットが小型・軽量）電気温水器やガス給湯器をヒートポンプのエコキュート・ガスハイブリット給湯器への置き換えは共有部分ベランダ利用の考え方・重量による耐震等検討や室内配管、外壁コア抜きなどが必要になってくると思われるので国交省において、ヒートポンプ系給湯器排水をマンションやアパート、建築物に設置時のガイドライン等整備を検討していただきたいこと（配水が必要なエコジューズ等設置及び太陽熱温水器、太陽熱集熱器等の利用も含む）
１０、エネルギー供給について
（電力）
○送配電網の整備・更新・時期世代化やインバーター出力疑似慣性力の早期完成、各段階での蓄電池導入、ネット経由・次期スマートメータ利用の受給コントロール、火力発電所の維持など課題及び検討していく必要がある事項が非常に多い中で今まで通り確実に無理をせず進めていただきたいこと
○変動を補完する火力発電所の燃料として、電力が安価な時間帯で生成する電力生成燃料しようも検討していただきたこと（都市ガスではLNG・天然ガス以前はガスホルダーに多需要時間帯に備え事前にガスを製造し保管し、変動を調整したこと）
（石油液体系）
○電気及びバイオ生成燃料となり今後も必要な分野（農業機器や建設機器、緊急時使用など）は多方面にわたるため、既存供給インフラは確実に最低限維持できる様にしていただきたいこと
（ガス系）
○都市ガスは工業用途して重要なものとして大きく成長しており、今後電力・生成ガスなどに転換していくのかどうかは需要家意向も含めて検討していただきたいこと
○都市ガスで１２A、１３Aとなっている事業者は石炭乾留の水素主体のガス、石油改質のメタン主・水素他従のガス、天然ガス（LNG他）のメタン主という変遷を経たガス会社が大多数であることや現在のガス種に統一するまで１９７２年から２０１２年まで４０年間、需要家が所有する全部のガス器具をノズルやダンバーなどの交換するという膨大な作業を行い高熱量化を政府と共に推進した経過、ガス種変更は膨大な作業量と金銭が伴うことに配慮していただきたいこと
○LPGは既存供給インフラを確実に最低限維持できる様にしていただきたいこと
○LPGは電力・バイオ生成LPGだけでなく、様々な用途があり、可搬性・保管性・環境対応が LPG以上に優れている電力・バイオ生成のDME（ジメチルエーテル）へ転換することも含めて検討していただきたいこと（現在の技術ではLPGより生成工程が短い、劣化する部品を改良することにより都市ガス機器を流用できる）
１１、高温領域及び可搬用、緊急時、原材料等に使用する化石代替生成燃料について
○電力・熱生成水素や電力・バイオ・熱生成のアンモニア、炭化水素類（気体・液体）、エ タノール、メタノール、DME(ジメチルエーテル)など考えられ、安価・高効率で生成できる技術開発に全力を注いでいただきたいこと
○化石燃料利用と併用して利用割合を調整・変更し、既存のインフラ・供給体制を破棄せず使用できる様に配慮していただきたいこと
○生成燃料の価格について、国内及び海外生成問わず採算性や費用対効果部分を検討・配慮していただきたいこと
○様々な技術開発が行われている中で電気・熱による生成は水素や一酸化炭素、窒素など一段階目の基本的な元素生成を行った後、二段目の化石代替燃料生成にわかれているところ。開発された技術で一段階目と二段階目で最良なものを組み合わせて、有利な方法で更なる効率化を目指すことを検討していただきたいこと（例えば別途開発していたメタン生成技術及び液体炭化水素系燃料生成技術の良い部分を組み合わせて、一段目はメタン生成で開発していた技術、二段目は液体炭化水素系燃料生成で開発していた技術を組み合わせる等を行うことで更に良い結果がでることを期待できると考えます）
○都市ガス・メタンガス（LNG・天然ガス）を家庭部門や業務部門を大きく超え利用している産業部門やガスしか使用できない建物が非常に多いことも配慮検討していただきたいこと
○過去に電力でアンモニアを国内で生成した経験をいかしていただきたいこと
○産業部門で熱量が高い既存のLNG・天然ガスを望む声が多いことも配慮していただきたいこと
○発酵による主に工業に使用するエタノール（原料は生産性が高い芋類）を生成する産業が一九六〇年代前半まで国内産業として成立してたいたことを踏まえてバイオ系も検討していただきたいこと（農地集約や圃場整備が必要な場合に国及び地方自治体が支援する体制を構築する検討をしていただきたいこと）
12，事実と異なる情報氾濫への対応
○ただしい技術・科学・歴史など事実に戻づくエネルギーの情報について多額のお金をかけてでも良いので政府によるネットや各種メディアで広報をしていただきこと
○再生可能エネルギー電源の加速的増設及び電力エネルギー電源の着実な推進が我が国では共に必要であることを国民への説明していただきたいこと（エネルギー白書にある「エネルギーバランス・フロー概要」などを使用）
○再生可能エネルギー及び原子力エネルギーについて事実と異なること情報が氾濫していることから国民に情報を的確に伝えていただきたいこと
○事実と異なることを喧伝する人たちがいることにより、再生可能エネルギー電源について誤解が拡がり建設が遅れていることから政府及び地方自治体が同一歩調で推進する様に法整備を含めて検討していただきたいこと
○技術について、「利用さているもの・過去に利用されていて再活用する物・完成した物・ ほぼ完成した物・開発途中の物・まだ先な物など」が同一ラインで議論され混乱を来たしているいることから整理して情報を国民に伝えていただきたいこと（例えば、電力供給に必要な慣性力について、未完成であるインバーター疑似慣性力が完成している。核融合による発電がすぐに行われるようになるなど）
○ウクライナ戦争後、世界情勢は一変し原子力エネルギーと再生可能エネルギーの両方ともに推進する方向になっていることを伝えていただきたいこと
○送配電網や発電設備など電力関係の物は長期間にわたる整備時間と回収時間が必要なものであることを伝えていただきたいこと
○電気代の値上がりは化石燃料費（為替相場も含む）が主要因であり、再生可能エネルギー賦課金より大幅に影響しているにも関わらず事実と異なることが拡がっているため、制度も含め説明していただきたいこと（大きく化石燃料費が上がった場合は電気代抑制と2023年度のように賦課金が下がることや契約により買取りが決まっており、再生可能エネルギー賦課金を廃止しても別途補填しなくてはいけないことなど）",2024-12-03,2024-10-21,2024-11-28
841,066,40代,「原発依存への低減」を明記する必要があります。未だ福島の原発事故の対応が済んでいない中で、原発を新増設することや、リプレース、また、新型炉の開発を進めていくことは、道理に反していると思います。福島の原発事故を教訓にした基本計画を策定していく必要があると思います。老朽化した原発を再稼働させて再度の事故が発生したら日本は終わります。政府は責任取れるのでしょうか。,2024-12-03,2024-10-21,2024-11-28
842,066,50代,"①エネルギー基本計画策定する会議には、市民が参加する場がほとんどないまま全てが決定されていく事は大きな課題です。エネルギー政策はこれから生きていく若い世代にもっとも関係する政策です。審議会における検討に若い世代を含む多様な立場の専門家や環境団体、市民の参加を確保するとともに、民主的で透明なプロセスによる「国民的議論」を行うことを求めます。
②原子力発電所の再稼働・運転延長・新増設・リプレースや新型炉の開発をやめることを要 望します。原子力発電は脱炭素という点のみでクリーンエネルギーということは、そもそもの地球環境維持という目的からは認められないです。原子力規制や避難計画なども見直す必要があり、また、既存の原発も期限を定めて廃止が必要です。現在、産業界や電力業界は、原発の新増設・リプレースを明確に書き込み、これまでの大方針である「原発依存度の低減」の削除を求めています。
③原子力と化石燃料を中心とした政策から、省エネ・再エネを中心とした政策への転換を要望します。また、産業・社会構造への公正な移行が円滑に進むよう、クリーンな雇用の確保や地域への支援、人々のくらしのサポート、格差や不平等の是正に取り組む方針を望みます。",2024-12-03,2024-10-21,2024-11-28
843,066,50代,"日本にある原発を全て停止してください。
チェルノブイリ原発事故や福島の原発事故が示しているように、ひとたび原発が事故をおこせばとんでもないことになります。
多くの人の生活や生命がかかっています。",2024-12-03,2024-10-21,2024-11-28
844,066,50代,電気代が高騰しています。環境に優しいエネルギー源にしてほしい。,2024-12-03,2024-10-21,2024-11-28
845,066,50代,"１．次世代、一次産業従事者を含む多様な立場の国民が論議に参加できる仕組みを要望。
２．みんなに世界で公平で安全なエネルギーを推進して下さい。
３．原子力発電ゼロへの早期移行と工程の具体化を求めます。
４．2050 年再生可能エネルギー100％に向け、2030 年の導入目標を国際的水準である 50％以上としてください。",2024-12-03,2024-10-21,2024-11-28
846,066,70代,"昨日（11/20）の新聞記事で，もう一件気になった．'40年度の電源構成で「再エネを最大電源に」との報道であるが，いま改めて発表される内容なのかと，疑問とともに大いなる不安を感じたのである．「再エネを最大電源に」に関し，政府はすでに2020年の時点で2050年度の電源構成について“参考意見”と断ったうえで「再エネは最大でも5～6割」（2020年12月21日に
『再生エネ「最大限導入」 経産省，発電の5～6割案提示』と報道）としていたのである．あくまでも“参考値”ということでその根拠については触れられていなかった．これらに関わって問題点が２つある．１つは，今のこの時点で「再エネを最大電源に」と発表する意味は何かであるが，脱原発が多数意見（原子力文化財団のアンケートでも脱原発の意見が47%で最大であり，原発推進・容認が19%（分からないが30%））であり，そのような多くの人々の“再エネ拡大”に向いた意見を少しでも抑えようとの目論みの存在を否定できないことである．もう一点は非常に大きな問題になると思うが，今後の審議において，「再エネは最大でも6割が限度で，残りを原発や火力」という主張が根拠もなく独り歩きするのではという危惧である．
少し具体的に見ていきたい．2021年6月8日付で，経産省のHPに「2050年カーボンニュートラルに伴うグリーン成長戦略」（本文）が載り，そのp.4には以下の文章がある（『 』内，“ ”は私が付けた）．
『・・・2050年には発電量の“約50～60％”を太陽光、風力、水力、地熱、バイオマス等の 再エネで、水素・燃料アンモニア発電は10％程度、原子力・CO2回収前提の火力発電は30～40％程度を、“議論を深めて行くに当たっての参考値”としていた。これらの2050年の電源の“参考値を実現する”ために・・・』
問題点は，再エネ約50～60％は“参考値”としながら，その後で「電源の“参考値”を実現するために」とまで書かれていることである．何故，そのような“参考値”になるのかの十分な解説はどこにも見当たらないし，p.1で“100％単一種類の電源で賄うことは一般的に困難”と一般論を披露しているだけなのである．
私が不安を抱く点は，「再エネは約50～60％」が独り歩きして，“再エネを60%以上にできない”という印象を与えてしまうのではないかという疑惑である．既に“参考値”としたものが独り歩きしているようで，根拠もなく“再エネは最大60%”と印象付けられている気がしている．例えば，2022年3月14日開催の「第36回 総合資源エネルギー調査会 省エネルギー・新エネルギー分科会 新エネルギー小委員会／電力・ガス基本政策小委員会 系統ワーキンググループ」の資料５（p.23）では'50年における再エネ導入比率を50～60%（参考値）としただけで，何の説明も言及もなく，結果として再エネ比率は60%で頭打ちと思わせるグラフが提示されていたのである．このようにただの“参考値”が決定済みと誤解されて今後の審議が進められてしまうのではと大いに不安を覚えるのである．政府がやっていることはいわゆる印象操作と思われ，それは論理性・科学性・客観性を欠いたプロパガンダではなかろうか．特に原発を含めたエネルギー問題を審議する際，このような論理性も科学性も客観性も，そして合理性も欠くようなプロセスで政策立案をしているのなら大変怖い国だなと思う．はたしてそのような国に，原発のような高度な技術を活用する資格など有るのだろうかとまで考えてしまう．
最後に，再エネ導入比率100%を目指す国があるというのに，上記の『 』内の数字があたかも決定事項のように議論を進めることは絶対許されないとくぎを刺しておきたい．
（上記のHPにある（概要版）のp.6には「議論を深めて行くに当たっての参考値とし、議論を進めてきた。」と過去形で書かれており，議論の中身の紹介もないのに議論は尽くしたと国民を誤解させるに十分な記述があることも追記しておく．併せて修正せざるを得ないのではなかろうか．）",2024-12-03,2024-10-21,2024-11-28
847,066,20代,"2030年までに石炭火力を段階的に廃止してください。水素・アンモニア混焼の計画は中止してください。新設のガス火力はいりません。
省エネを深め、再生可能エネルギーを増やしてください。",2024-12-03,2024-10-21,2024-11-28
848,066,,日本は災害の多い国です。地震だけを取り上げても、専門家の方々はいつどこでおきても不思議ではないと言われます。断層もどこにあるのかはっきりしていないのが本当のところだそうです。その日本でこれから先も原子力による発電を続けていくのは、どう考えても合理的でなく生命を危険にさらすものだと思います。原子力発電がないと電力が不足するという意見もありますが、そんなことはないというデータもあります。原子力発電の継続には反対します。そして再生可能エネルギーによる発電をもっと推進してください。,2024-12-03,2024-10-21,2024-11-28
849,066,,脱原発を進めるべきです。再度原発事故がおきたら、住むところがなくなってしまうかもしれません。核のゴミは将来世代に大きなツケを残します。再生可能エネルギー中心のエネルギー政策に転換すべきです。,2024-12-03,2024-10-21,2024-11-28
850,066,50代,"第7次エネルギー基本計画に、「GX2040ビジョン」で掲げる「原発の最大限の活用」を盛り込まないでください。安全な原発はありません。国民の平和と基本的人権を守ることを優先してください。
福島第一原発の事故は、未解決のままで終わりが見えません。原発の危険性を知る日本が、未解決の福島第一原発の事故処理のためにこれまでに掛かった費用を無視して、価格の安定したエネルギーとして原発を推進することに反対します。",2024-12-03,2024-10-21,2024-11-28
851,066,60代,"１、持続可能で、環境負荷をできるだけかけないエネルギーの開発を進めでいただきたい。
２、原発はすぐにやめ、新しい原発も設置しないでいただきたい。 3、上記2と同時に、原発の負の遺産である核のゴミをどう安全に始末していくか研究をすすめて、未来へ負の遺産を残さないでいただきたい。
以上、地球で生きていくためには地球を守っていく必要があると、皆わかっていると思います。目先のことにとらわれるのはやめにする覚悟が必要だと思い、意見を述べました。",2024-12-03,2024-10-21,2024-11-28
852,066,80代以上,高いですよねエネルギー,2024-12-03,2024-10-21,2024-11-28
853,066,60代,わたし達はこの地球と自然を守っていくと言う認識ではなく、地球と自然に守られて生きているのだと思う。難しい事は心ある有識者にお任せするとして、子ども達の未来に安心して暮らせる地球に日本に戻していくことは私達大人の責務なのではないかと考える。どうかこの国の先頭に立つ方々、お願いします。,2024-12-03,2024-10-21,2024-11-28
854,066,40代,"原発はすぐに全て廃炉の方針でお願いしたい。何と言ってもまずフクイチが収束見込み無しであること。まずこれがきっちり廃炉されなければ他の原発の再稼働やまして増設や新設などありえない。それは技術的、道義的にである。次に、使用済み核燃料の始末の未解決。行き場が決まっていないのにゴミを出し続けるなどあり得ない。合理的判断の欠如も甚だしい。そし て、平時も事故時も放射線物質を排出し、現場では多くの人を被曝労働させ、二酸化炭素削減には寄与しているとは言えず、コストは高い。何も良いところがない非合理的、非人道的エネルギーなので早くお終いにすべき。また電力会社の怠慢も目に余る。あんな企業に原発をやる資格なしだ。時の首相や政治家、経産省、建設業者等々の利権によるムラはもう解体されるべき。少子化で労働人口が減る一方の日本で原発はもう無理なのだから、せめて再度事故を起こす前に廃炉作業に取り掛かってほしい。老朽化原発も度々不具合で止まって都度都度修理している。こんな無責任で恐ろしいことをなぜ許しているのか？裁判で国に責任無しとなるから か。いい加減にしてもらいたい。国には明確に責任があると国民は皆思っている。
地熱発電にもっと注力して再エネ100%目指して全力ですべき。",2024-12-03,2024-10-21,2024-11-28
855,066,,"＜エネルギー政策に関するEVFの提言＞ NPO法人環境ベテランズファーム
第一線を退いた中高年のエンジニアの力を活用して、環境とエネルギー問題に関し、身近なところからエネルギー政策全般にいたるまでの広範囲に渡る課題解決に資したいと行動しています。第７次エネルギー基本計画に対する提言を以下に示します。 1.エネルギー自給率を向上し、100％自給を目指すこと
・日本のエネルギー自給率は直近で13％程度と、先進国の中では最低レベル
・近年の世界の分断化に端を発する不安定な情勢を考えると、我が国も、エネルギーや食糧の安全保障に取り組む必要性が高まっている
・加えて最近の円安もあり、化石燃料の輸入金額は約30兆円/年にも達する
再生可能エネルギーを主力エネルギー源とすること
・日本の再エネ比率は約18％で、先進国中で最低レベル
・日本が有する再エネのポテンシャルは最大で約7.6兆kWh/年、送電コストなどの経済性を考慮しても約1～2.7兆kWh/年が見込める（環境省データ）
・日本の2050年におけるエネルギー需要予測は公式データが定まっていないが、現状約1兆 kWh/年に対して、オール電化をしても約2兆kWh/年程度と推測できる
・従って、再エネで十分賄える可能性が大きく、更にエネルギー自給率の大幅な改善も可能と見込まれる
一次エネルギー源を（再エネ、原子力など非化石発電により）カーボンフリー化すること
・既存の火力発電所、製鉄などの非電力によるエネルギー需要を、再エネを中心としたカーボンフリー電力で作る水素、アンモニアなどに置き換える
・暖房はヒートポンプエアコン化、自動車はEV、FCV化を促進する
目標達成時期（Mile stone）として2035年、2040年、2050年を視野に入れること
・第六次エネルギー基本計画の目標時期2030年まではあとわずかな期間しかなく、新たに国際公約も含めて、2035年、2040年、2050年をmile stoneとする
・2050年で再エネ100％目標とした場合を想定し、逆算して2040年、2035年のエネルギーミックスを算出する
・概算によると、2030年の再エネ目標が3,691億kWh/年に対し、2035年は10,865億kWh/年、 2040年は14,702億kWh/年、2050年は20,261億kWh/年が目標となる
・高い目標ではあるが、まず産官民一体で取り組むことが重要であり、仮に、再エネ開発が不足する場合には、既存原発の稼働、既存火力発電所の水素、アンモニア火力化で補うことも考える
再エネ主力電源化のための各種方策の事例
①中古BEV、HEVのモーター、バッテリーの再利用
・中古BEV,HEVの市場規模は年々増大し、2026年には約140万台/年になる見通し
・バッテリー容量に換算して約1,400MWh/年で、揚水発電所約14基分に相当する
・モーター出力としては約98GW/年で、日本の総発電量の約1/3に相当する
・更に現状ではほとんどが中古車として安価に発展途上国に輸出されており、バッテリー、モーターだけでなく、搭載されている希少金属も流出している
・これらを再利用し、低コストの系統蓄電、風力発電などを充実する
②BEV普及によるV2G（Vehicle to Grid、車両蓄電の電力網への給電）の実用化
・日本における自動車の稼働率は約5％程度なので、ほとんどが駐車場に止まった状態にある
・BEVは一台当たり約40kWh程度の大容量バッテリーを搭載しており、これらを系統全体で集中管理することにより、再エネによる発電電力変動の蓄電が可能となる
・仮に日本の自動車の10％がBEVになったとすると、揚水発電所3,000基分の蓄電容量となる
・BEVのV2Gによる系統蓄電活用は既に実証実験が行われており、実用化は十分可能である
・BEVはゼロエミッションという価値に加えて、系統蓄電という価値、更には災害時の非常用電源としての役割も期待でき、普及を推進すべきである
以上",2024-12-03,2024-10-21,2024-11-28
856,066,40代,"原発推進する、経産省と電力会社、まったく信用できない。大手メディア、在京キー局、親会社の新聞も正しく報じない。原発+火力減らして再エネ増やして欲しい。原発は、事故時のリスクと、備えの難しさが圧倒的。避難計画の段階で迷走するなど、規制庁もヒドイ。再エネならば気にしなくていいことを、誰の為にやってるの？電力会社と経産省の中での面子だけ、にしか見えない。過去の職員の亡霊？勝手にしてくれではすみません。原発入りません。廃炉
（の定義からシッカリ決めて）一択。再エネ傾注、用地と自然環境！地元との折衝、核がなくても難しい問題、そちらに力を傾注させてほしい。電力会社も、自然エネルギー開発で生き残るように、社内で業態改革すすめて。",2024-12-03,2024-10-21,2024-11-28
857,066,30代,"ヒプシサーマル期とCO2の矛盾：太陽活動の役割も含めて
ヒプシサーマル期（約9000から5000年前）は、地球が現在よりも温暖だった時代であり、CO2濃度と気温の関係について重要な疑問を投げかける時期です。この時期のデータは、気候変動におけるCO2の役割を再考するきっかけとなる可能性があります。
ヒプシサーマル期の特徴
CO2濃度
ヒプシサーマル期の大気中のCO2濃度は約260から280 ppmと推定されており、2024年現在の 423 ppmと比較してかなり低い数値です。
平均気温
当時の地球の平均気温は現在よりも2～5℃高かったとされ、特に北極圏では4℃以上の気温上昇があったと推定されています。
太陽活動（黒点数データ）
この時期には黒点数の記録が存在せず、太陽活動の影響を直接確認するエビデンスがありません。つまり、太陽活動の周期や変動が気温に影響を与えた可能性を否定する証拠も存在しないのです。
地域的な温暖化の顕著性
温暖化は特に北半球高緯度地域で顕著だったとされています。
CO2と気温の矛盾点
一般的な気候科学の枠組みでは、CO2濃度の上昇＝温暖化が主要な因果関係とされています。しかし、ヒプシサーマル期における「低いCO2濃度で高い気温」というデータは、この枠組みに矛盾をもたらします。
この矛盾は、CO2だけでなく他の要因（太陽活動や地軸変動など）が気温変動に大きな役割を果たしている可能性を示唆しています。
太陽活動の可能性
太陽活動（黒点数や放射量の変動）は地球の気候に影響を与える主要な要因の一つです。
ヒプシサーマル期の黒点数データが欠如しているため、この時期の太陽活動がどのように変動したかは不明です。
太陽放射が強化されていた可能性を否定するエビデンスがないため、太陽活動が温暖化の一因となっていた可能性は十分に考えられます。
可能な説明
地球軌道変動（ミランコビッチ・サイクル）
地球の軌道や地軸の傾きの変化により、北半球が受ける太陽エネルギーが増加し、地域的な温暖化が引き起こされた可能性があります。
氷床の縮小とアルベド効果
氷床が縮小することで地表の反射率（アルベド）が低下し、太陽エネルギーの吸収量が増加したと考えられます。
水蒸気の役割
温暖化が進むと大気中の水蒸気量が増加し、温暖化をさらに加速させる「正のフィードバック」が働いた可能性があります。
太陽活動の寄与
黒点数データの欠如により、太陽活動がどの程度温暖化に寄与したのかは不明ですが、その可能性を否定することはできません。
科学的課題 CO2以外の要因の影響
ヒプシサーマル期の温暖化を引き起こした主因が何であるかは、科学者たちの間で未解明の課題です。太陽活動、地軸変動、海洋循環などが複雑に関与している可能性があります。
気候モデルの限界
現在の気候モデルはCO2濃度を重視していますが、過去の自然要因を正確に再現するにはさらなる改良が必要です。
データの不足
黒点数データの欠如など、過去の気候変動を検証するための観測データが限られていることが課題です。
結論
ヒプシサーマル期のCO2濃度と気温の関係は、CO2が唯一の温暖化要因ではないことを示唆しており、太陽活動を含む他の要因が気候変動にどのように影響したのかを再考する必要があります。
特に、ヒプシサーマル期などCO2濃度が今よりも低い時期で気温が今よりも高かった頃の黒点数データがないため、太陽活動の影響を否定する科学的根拠が存在しない点は、今後の研究において重要な視点です。
今のCO2のみに起因した政策は大変エビデンス不足で問題があります。
ここの時期の矛盾について解明がないのにCO2のせいで温暖化！と捉えてる環境省もかなり危ういです。
しかも再エネや蓄電池はそもそもLCAで評価するとCO2すら減らせてません。安定供給するなら高効率火力と原子力を新設、リプレイスすべきです。",2024-12-03,2024-10-21,2024-11-28
858,066,50代,原発を減らして、再生可能エネルギーの利用を増やしてほしいです。,2024-12-03,2024-10-21,2024-11-28
859,066,80代以上,"原発は事故が起これば、多くの人が何年もの間苦しみます。また、現在のような、いつ戦争が起こるかもしれない世界情勢では、原発を攻撃される可能性もあります。
危険極まりない原発を即刻止めて、太陽熱や風力等、危険のないものにしてください。国民を護ることを第一に考えてくださいますよう、お願いいたします。",2024-12-03,2024-10-21,2024-11-28
860,066,10代以下,"2035年までに 温室効果ガス81% 減らしてください。
1.5度目標に整合した 目標で。私たちの命を 軽視しないでください。原発は可能な限り抵減してください。お願いします。",2024-12-03,2024-10-21,2024-11-28
861,066,10代以下,再エネ100%にしてください。,2024-12-03,2024-10-21,2024-11-28
862,066,10代以下,"2050 年カーボンニュートラルも 大切ですが、1.5℃目標に整合するGHG排出削減をするにはこの数年、10年で大幅な 削減が必要です。下に凸の経路をたどる必要があります。 2035年までに、2013年比で 66%削減を最低減に。
先進国の責任も踏まえてNDC70や80といった目標をかかげてください。どうか、誇れる対策を。",2024-12-03,2024-10-21,2024-11-28
863,066,10代以下,"4月に桜見たいです。
再エネ拡大とNDC81％以上(2035年)よろしくお願いします。応援しています。",2024-12-03,2024-10-21,2024-11-28
864,066,30代,若い世代、未来の世代のために行動して欲しいです。,2024-12-03,2024-10-21,2024-11-28
865,066,10代以下,再エネポテンシャルをちゃんと活かしてください。,2024-12-03,2024-10-21,2024-11-28
866,066,10代以下,再生可能エネルギーにシフトチェンジして環境に優しいサステナブルな日本にしてほしいで す。大量生産、大量消費によってグローバルサウスの国々や日本の国も確実に気候変動によって被害を受けています。,2024-12-03,2024-10-21,2024-11-28
867,066,20代,再エネ100%になったら、日本がもっと好きになります。NDCも81%くらいにあげて欲しいです。,2024-12-03,2024-10-21,2024-11-28
868,066,50代,"3.11がおこった時、子どもは一歳でした。神奈川県は福島から離れてはいますが、どこまで気をつければよいかわからずとても不安でした。こんな思いをする親子を2度と出して欲しくないです。原発は耐震性がとても低い、理論上満たしていたとしても、冷却する配管などの耐震性までは満たされていない。
福島の事故があったのに新しい原発を作ろうとするなんて、絶対に反対します。捨て方もわからない核のゴミはいりません。
もっと再エネ、特にソーラーシェアリングを採用するときの認可手続きをスムーズにして欲しい。電気代に含まれる原発維持費や廃炉の費用を明確にわかるようにして欲しい。",2024-12-03,2024-10-21,2024-11-28
869,066,30代,"日本にはあらゆる再生可能エネルギーとなる資源があると思います。原発は使用期間を決めて、全機廃炉を目標とすべきです。
未来の子供たちに誇れるエネルギー計画をお願いします！",2024-12-03,2024-10-21,2024-11-28
870,066,40代,"脱原発、卒化石燃料のため、ソーラーや風力などをもっと利用するための研究開発を促進ください。
都市部家屋の屋根全てをソーラー化できるような軽量パネルなどを使うことで、大型の発電所や送電網が減らせます。まだまだ日本の天然エネルギー資源は開発の余地があります。不安定な輸入や核に頼らないエネルギー政策をお願いします。",2024-12-03,2024-10-21,2024-11-28
871,066,,"水源地域に所在する、531の市町村を会員に持つ団体として、新たなエネルギー基本計画の策定にあたって意見を申し上げる。
水力発電は多様な価値や大きなポテンシャルを有し、脱炭素社会実現に向けて優先して開発すべき再生可能エネルギーであるにもかかわらず、特に小水力発電の開発が進んでいない現状がある。この背景には、水力利用の価値の理解が国民全体で共有されておらず、地域の資源を地域の人々が地域のために活用する国全体の戦略や体制が不十分であることがあげられる。
また、水力発電は設備の寿命が非常に長く、地域経済への恩恵や災害時における電力供給等、持続可能な社会の維持に貢献しうる。
このような地域が主体となった水力発電の推進のためには、中小含めた水力開発の意義とともに、その推進の必要性、具体的な対悪をエネルギー基本計画に明記し、水力発電の位置付けの明確化を図ることが必要である。",2024-12-03,2024-10-21,2024-11-28
872,066,70代,"意見 再エネ（自然変動電源）が増えても系統安定な仕組み構築のための検討が行われないのはなぜか？ 是非検討・議論すべきである．
説明 再エネが6割を超すと系統電力が不安定になるという宣伝があるようだが，なぜ再エネが6割以上になっても系統が安定になる仕組みを審議・検討していないのか．資源エネ庁のホームページを見てもどこにもそのような議論をしている様子がないのはなぜか．再エネが6
割以上にはできないという宣伝の真の意味は何か．外国では70%，80%，そして2050年には再エネ100%と謳っている国があるのに（注１），日本ではなぜそうできないのか，あるいは議論すらしない理由は何か．大変不思議に思い，また，疑惑がどんどん大きくなることを抑えることができないでいる．なぜ幅広く議論し，だんだん目指すべき方向を狭め，より良い結論に導くプロセスを取ろうとしないのか．なんとなく，結論が先で，そのための理由を後でくっつけているように見え，大変嫌な思いをいだいている．先進国にふさわしい，世界からも一目置かれる，そんな検討・議論をしていただきたい．そう切に願うものであるが，世界の趨勢からすれば既に遅いのかもしれないとも思える時期に来ているとも思う．「再エネ100%を不可能にするものがあるとしたらそれは政策だけである」などと言われないようにしてほしい．再エネが増えると本当に系統が不安定になるのか，それを克服できる手段はないのか，その説明等を国民に十分に示さずに再エネ100%は無理だと国が言い続けるなら，やはり不可能にするものは政策だけであるとしか言いようがないのではなかろうか．
（注１：例えば自然エネルギー財団“脱炭素へのエネルギー転換シナリオ：2035年自然エネルギー電力80%を軸に”のp.6によると，2030年の自然エネルギー電力割合として，ドイツは最低 80%，イタリアは72％，オーストラリアは82％という目標を定め，またIEAは、2050年ネットゼロシナリオで，世界の電力供給に占める自然エネルギー電力の割合を2030年に59％，2050年には89％としていると解説している．）",2024-12-03,2024-10-21,2024-11-28
873,066,40代,"脱原発と、再生可能エネルギー推進に大きくシフトする姿勢を見せ、これから大人になる世代が安心して健康に暮らすことを諦める必要のない社会を目指すことを望みます。
国や大企業は、既得権益やお友達関係を優先するのではなく、国民の暮らしを優先して物事を決めてほしい。原発は、何かあった時に人の手に負えるものではないことは、私達は経験しているはず。コストも上がり、国際的には衰退産業です。これから開発や実用化を進める技術 (火力発電のアンモニアまたは水素混焼、CCS、ペロブスカイト)などの推進を掲げて力(お金)を投入する姿勢を見せる前に、再生可能エネルギーの電気が普及しやすい制度を整えるのが先と考えます。
原発と石炭火力に固執することは、国民全体にとっては悪い方へ進む選択と考えます。一部の人や企業のためではなく、現時点の経済だけでなく、未来の暮らしや環境のためになる政策を考える政府を望みます。",2024-12-03,2024-10-21,2024-11-28
874,066,50代,危険な原発の再稼働、新増設は止めて、再生可能エネルギーを主力とするように、転換してほしい。,2024-12-03,2024-10-21,2024-11-28
875,066,50代,"どうしようもないゴミが出る原子力発電に賛成できません。事故は頑張れば防げるとしても、ゴミはどうしても出るのですよね。それを地球に積み上げていくことに納得がいきません。 また、人の活動で環境を変えてしまっていることが科学的にも明白な今、火力発電に頼ることはあり得ないと思っています。
よって、再生可能エネルギーを100%にしていく計画をお願いしたいです。すぐには無理だとしても、100%にしていくことを、国策として欲しいです。",2024-12-03,2024-10-21,2024-11-28
876,066,,"原発の新増設費用を電気代に上乗せしようとの構想が浮上している件について、特に意見を述べます。
原発は決して二酸化炭素を出さないという言い方は間違っていますし(もし、二酸化炭素を出さないというのであれば、核分裂中は、というべき)、ひとたび過酷事故が起きれば、地域だけではなく国家に大きな損失を招きます。また、定期点検など、原発の仕事は被ばくを伴います。これからの人口減少、労働力不足を考えるならば、そのようなところに労働力を割くのも国家的損失と思います。
電気代も、原発の維持費、バックエンド費用などトータルに考えれば、とてつもなく高い電気代です。
原発が私企業で賄いきれなくなっているから、国家が(正しくは国民負担で)維持していこうという政策は、国民生活を益々窮乏化させる大きな原因になります。
もちろん、企業にとっても電気代が高くなれば、製品に転嫁せざるを得ず、国際競争力の観点から見てもマイナスしか考えられません。
基本的に、すでに原発は斜陽産業になっていることを理解し、自然エネルギー(もちろん、自然エネルギーにしても規制をきちんと法制化すべきと考えます)にシフトすべきと考えます。国民負担、企業の競争力、これからの日本を担う労働力の確保など、どの観点から見ても原発保護・支援政策（国民の電気料金負担という隠れ蓑を使ったとしても）は、国力の衰退を早めるだけですので、そのような愚策はしないことを願います。",2024-12-03,2024-10-21,2024-11-28
877,066,,"エネルギー基本計画策定のプロセスに、市民が参加する場がほとんどありません。
審議会における検討の場に若い世代や多様な立場の専門家、環境団体、市民の参加ができるように勧めていただきたいし、そのような場をぜひとも作って「国民的議論」になることを望みます。
原発を減らして再生可能エネルギーを増やしてください",2024-12-03,2024-10-21,2024-11-28
878,066,,"電源構成を原子力発電をメインにするのではなく再生可能エネルギーが100%になるように！現存の原発は減らす方向で、再稼働も反対します。
このところ地震が多く、福島原発のようにならないことを望みます。もしもの時の避難計画もしっかりと考えてほしい！",2024-12-03,2024-10-21,2024-11-28
879,066,,"原子力について、再稼働、運転延長、新増設をやめること。原子力規制や避難計画なども、もっと見直す必要があります。再生可能エネルギーをメインにすすめていきましょう！
現存の原発も期限を定めて廃止の方向にもって行く必要があると思っています。これからの子供たちが穏やかに生活していけるようにともに考えていきましょう",2024-12-03,2024-10-21,2024-11-28
883,067,40代,"エネルギー対策として
原発に頼るのだけは絶対やめてください。再生エネルギーをたくさん活用する案に してください。
原子力は絶対エネルギー基本計画の中に入れないでください。
太陽光、地熱発電、風力発電など再生エネルギーの種類は
いろいろありますから よろしくお願いします。",2024-12-17,2024-11-29,2024-12-13
884,067,80代以上,"水に対するエネルギーの原理・原則は破ることはできませんが、水車をハイブリッド化することにより、超えることができるのではないかと思います。
１．水力発電においては、現在は、ダムより水路を通って水車を回し発電しています。こ の水路に新たに螺旋水車を設置して発電すれば（発電効率は80％）、これを加えることにより（現在の水車の発電効率は95％なので）、95+80=175％前後の発電効率となる可能性があります。
２．現在の落水型水車に重りを付けて、同じ量の水を流して回転させると約2倍の回転力が得られます。（実験済み）
３．プロペラ水車の水の排出位置は時計の”9時 ”ですが、これを”6時”の位置にすれば2倍の回転力が得らる可能性があります。
４．もしこれが成功すれば、揚水力発電の損益分岐点が上がり、単独で採算が取れるようになる可能性があります。
５．これらを総合すると、現在の水力発電7.8％の約4倍になると思います。その効果は、次のようになります。
CO2の削減ができます。
電気料が安くなって国民一人一人の利益になるとともに、産業界における合理化につながり、賃上げの原資が得られます。
現在の我が国は発電量全体の22.6％を石炭火力発電に頼っていますが、これを水力発電が代替することができ、石炭輸入量の削減が可能となります。
こうした水車のハイブリッド化の特許を取り、更には国際特許をとって我が国の知的財産にすることができます。
以上、私の近隣の知人のパソコンを借りて意見を述べました。よろしくお願いします。",2024-12-17,2024-11-29,2024-12-13
885,067,60代,"あれほどの大事故を起こし 多くの人々の人生をめちゃくちゃにした原発を増やすなど ありえないことと存じます。使い続けるなら後始末が出来るようになってからにしてもらいたい。いつか できるようになるなどという甘い見通しは 到底受け入れられない。また 人間の能力を買い被りすぎているから あのようなことになるので 人間は必ず失敗をする不完全な存在であると 謙虚に認めるべきであると思う。
くれぐれも後の世代に 負担をこれ以上押しつけてはならない。原発推進の人たちにも子や孫があろうに 一体どう考えているのか。
単なる物質的な豊かさのみで 幸福になれるのか？
資本主義はもう 別の考えにとって変わられなければならない時期に来ていると思う。日本もいつまでも 現状に しがみついていないで
世の中が どういう方向に向かおうとしているのか 先見の明を持ってもらいたい。斉藤幸平さんの考えを学んでください。",2024-12-17,2024-11-29,2024-12-13
886,067,30代,"脱原発！
過去にも福島には原発をつくらせないと頑張っていた知事がいたはず！！それなのになぜ原発なのか？
脱炭素希望
子どもが子ども産みたいと思える未来になって欲しい。",2024-12-17,2024-11-29,2024-12-13
887,067,,"私たちは、人間が人間らしく自然と共生して持続的に生きていくために「食料」「エネルギー」「ケア」の自給ネットワークづくりをめざし、エネルギー政策においては「脱原発」
「エネルギー自治」「CO２削減」を基本に事業をすすめています。
食とエネルギーの自給は「国民のいのちを守る」安全保障の観点からも大変重要であり、日本で自給できる再生可能エネルギーしかありません。脱炭素のため、エネルギー安全保障のために、再生可能エネルギーへの転換の加速とそのための制度政策の転換を求めます。
（１）脱原発、脱石炭火力を脱炭素政策の柱として早急に実現することを求めます。
脱炭素電源として、原発を活用することに反対です。福島第一原子力発電所事故の終息も未だ見えない状況で、巨大なリスクを抱える原子力発電は即刻廃止すべきです。世界でも例のない60年を超えた原発の稼働はさらに危険度を増します。また、原発の発電コストは上昇し、再エネは発電コストが下がっています。未稼働のものも含めた原発の維持費が電気代に含まれるなど、原発の維持のためのコストを国民が負担させられています。
火力発電の中でも一番多くのCO2を排出する石炭火力の廃止は、1.5度目標の達成に不可欠です。日本は石炭火力の全廃時期を明示していません。「ゼロエミッション火力」と呼ばれる水素・アンモニアを利用した発電も石炭火力の延命・温存になります。政府がすすめている化石燃料由来の水素やアンモニアでの発電では、水素やアンモニア製造時にCO2が排出されてしまいます。化石燃料はすべて輸入です。エネルギー安全保障の観点からも化石燃料から脱却することを求めます。
（２）２０３５年までに再生可能エネルギーによる電力の脱炭素化を求めます。 IPCC第6次評価報告書で、「1.5度に気温上昇を抑えるためには、2035年までに世界全体で
60%の温室効果ガスの削減（CO2は65％削減)が必要である」ことが指摘されました。2022年の G7サミットでは、「２０３５年までに電力部門の全て、または大部分を脱炭素化する」目標が合意されています。目標達成のためには、すでに実用段階にあり、日本でもコスト低下がすすんでいる再生可能エネルギー電源の導入を加速するしかありません。
（３）発電と送配電の所有権分離と、再生可能エネルギーの優先接続・優先給電政策を求めます。
現在の法的分離という形態では、大手電力会社の送配電部門による情報漏洩や不正閲覧などの問題が起きています。公正な競争環境整備とその手段としての発電・送配電の所有権分離が必要です。送配電網が中立でなければ、新規参入が多い自然エネルギー発電事業者にとって系統接続は困難です。再生可能エネルギーの導入を加速するためには、再生可能エネルギーの優先接続・優先給電の政策が必要です。
（４）エネルギー基本計画の審議に若い世代を含む多様な立場の専門家や環境団体、市民の参加を確保するとともに、民主的で透明なプロセスによる「国民的議論」を行うことを求めま す。",2024-12-17,2024-11-29,2024-12-13
888,067,40代,"原発新規建設、古い原発の延長稼働に反対します。
原発の新増設には、膨大なコストとエネルギーが必要です。そのエネルギーはほぼ海外から輸入され、さらに化石燃料由来のエネルギーも使用されることは想定されています。気候変動を止めるためには、脱炭素が最優先課題にも関わらず、今対応しなけらばならない問題を直視しない計画に反対します。
古い原発は耐震基準が非常に低く、津波等の被害を受けた場合の対策がなされているとは思えません。原発は他国でも事故が起きた場合の対応を重視する流れが強まっています。起きてしまったからでは遅い。今のうちに対策する必要あります",2024-12-17,2024-11-29,2024-12-13
889,067,60代,原発事故の教訓として、風力、太陽光など、自然の力を活かしたエネルギーが、環境、人間にも一番いいと思います。脱原発を実現して、安心して暮らせる社会を願っています。,2024-12-17,2024-11-29,2024-12-13
890,067,40代,"子ども達が住み続けられる日本と地球であって欲しいので、環境不可が少なくて将来に負の遺産を残さない持続可能なエネルギーを1番に応援する政策にして欲しい。
大量生産大量消費大量廃棄から生まれる利益を求めて、環境や人権の搾取をしてしまう、火力発電や原発は廃止にして欲しい。
地域のチカラで、地域にあったスケールで、地域の財産になるような再生可能エネルギー(ご当地エネルギー)を増やせる政策にしてください。",2024-12-17,2024-11-29,2024-12-13
891,067,70代,"温室効果ガス(GHG)削減の観点で記載します。現在、世界のGHGの約三分の二は途上国が排出しています。途上国に適切な排出削減策が実施されなければ、世界のGHG排出量は増加を続けるでしょう。
そこで問題なのは、人口1人当り、途上国のGHG排出量は先進国よりかなり少なく、途上国の GDPは先進国より大幅に少ないことです。その結果、途上国が経済成長を優先し、経済負担となるGHG削減に積極的でないのは当然です。
特に中所得国に関し、EU主導で進められている風力や太陽光発電の導入拡大は効果を上げていません。中所得国に適した別途のGHG削減策が必要です。
詳しくは、筆者の下記ウェブページを参照ください。
「世界の温室効果ガス排出量が減少しないのは当然だ」、
「It's no surprise that global GHG emissions aren't decreasing」
世界の経済でもGHG排出量でも、今やアジアが中心です。アジアの先進国リーダーとして日本は、アジアの新たなGHG削減策を策定し主導すべきと考えます。",2024-12-17,2024-11-29,2024-12-13
892,067,30代,私の実家は栃木県内です。実家に帰ると、道中メガソーラーだらけで悲しくなります。森が切り開かれて木がどんどん減って黒いパネルの海です。住居のソーラーパネルは良いと思うのですが、森を切り開いてのメガソーラーパネルは大反対。そして、メガソーラーは火災になった時に延焼していて、なぜほったらかしなのか、疑問です。,2024-12-17,2024-11-29,2024-12-13
893,067,50代,"エネルギー基本計画で、発電は再生可能エネルギーを中心とし、その実現のために産業構造を国策として誘導していく事を希望します。
温暖化による災害などによる住みにくさを回避するための方策として脱炭素の手段として原発を選ぶのは本末転倒です。子供たちに住みやすい環境を繋いでいくのが今の私たち大人の責務です。想定を超えたことが起こってしまった福島第一原発の事故の教訓を忘れずに、原発事故が起きない為には原発が無いのが一番です。原発依存度を下げて、再生可能エネルギーをエネルギーの柱とするという基本計画をもってすすめていくための検討をお願いします。",2024-12-17,2024-11-29,2024-12-13
894,067,40代,"原発を頼らずに電源の脱炭素化をすすめてください。原発を使わなくても再生可能エネルギーで脱炭素化は可能です。地震の多い日本で原発を使うことはリスクでしかありません。使用済み核燃料の処理問題、耐震性の問題、周辺地域の住民の避難計画の問題など、解決できていないことばかりです。原発の再稼働や運転延長、新増設・リプレースにお金と労力をかけるのではなく、日本で唯一自給できる再生可能エネルギーの導入にコストをかけてください。
脱炭素化を進めるうえで、石炭火力を一刻も早く廃止すべきです。検討されている水素やアンモニアを使った発電においても、原料の水素やアンモニアを発掘・生産・輸送する過程でCO2を排出します。海外に依存する化石燃料から脱却し、エネルギーの自給を実現してください。
原子力や化石燃料を中心とした電源から再生可能エネルギーへの移行がスムーズにすすむよ う、電源立地地域の雇用の確保や地域経済への支援をエネルギー基本計画に含めてください。
エネルギー基本計画の改定案の議論が、一部の専門家や企業によって行われていることが問題だと思います。私たちの暮らしに欠かせないエネルギー政策の議論に、市民を含め多様な立場の団体や専門家が利害関係者として参加できるようにしてください。",2024-12-17,2024-11-29,2024-12-13
895,067,50代,原発の電力構成の比率を高めてほしい。できるかどうかわからない技術の電源や、不安定で環境を破壊している再生可能エネルギーを将来の電源構成の中での比率を高める必要はない。安全性を審査しその対策を行った原発の稼働と新規増設こそが日本に必要なエネルギーであることを明記してほしい。,2024-12-17,2024-11-29,2024-12-13
896,067,50代,"再生可能エネルギーの導入促進、脱原発の推進を求めます。
原子力発電は安全性や廃棄物処理など多くの問題があり、原発への依存を続けることは次の世代にリスクや負担を持ち越すことになります。
自然環境に配慮しつつ太陽光、風力、地熱などの再生可能エネルギーの普及を支援して
地域分散型のエネルギー供給システムを強化し、原発や輸入に依存しなくてもエネルギー安全保障を強化できるようにしてほしいです。",2024-12-17,2024-11-29,2024-12-13
897,067,40代,"2040年度は再エネが最大電源となる見込みであるとメディアで知りました。とても期待をしているとともに、この気候変動の進む速さも心配しており、いっそう加速していただきたいこ と、また2030年までの再エネ目標もさらに引き上げてほしいと希望します。
第7次エネルギー基本計画では、原発回帰の動きが予想されると色々な場所で見聞きします。前回の第６次までは原発には躊躇する内容が書かれていたのに、反対の動きになるのはなぜなのでしょうか。
生成AIの広がりで電力が必要になることは言われていることですが、だからと言って原発に戻るのは、311であれほどの恐怖と被害を体験し、地震リスクの大きい日本に暮らす私たちに
とって正しい道とは思えません。
また、審議会の構成が原発推進派が多いというのも、公平な議論になるのでしょうか？こうして意見を求める場を作っていただいていますが、何だか出来レースである気がしてなりませ ん。
安全保障上も技術進歩の観点からも、一度にエネルギーを転換することは難しいと思います。ただ、まだまだ日本には再エネを取り入れるキャパシティがあると聞くので、どうか活用してほしいです。",2024-12-17,2024-11-29,2024-12-13
898,067,30代,"２０３５年には再生可能エネルギーの国内電源構成に占める割合が７０～７７％を達成していることを求めます。これはアメリカのローレンス・バークレー国立研究所が可能だと結論を出した数字です。
ごく一部の既得権益の利益＜＜＜＜＜＜＜＜＜＜＜＜＜＜＜＜＜＜＜＜＜＜＜＜＜＜＜＜＜＜
＜＜＜＜＜＜＜＜＜＜＜＜＜＜＜＜＜＜＜＜＜＜＜＜＜＜＜＜＜＜＜＜＜＜＜＜＜＜＜＜＜＜
＜＜＜＜＜＜＜＜＜＜＜＜＜＜＜人類みんなの利益です。
比べるまでもありません。やらない理由を考えるまでもありません。今すぐやりましょう。今すぐです。",2024-12-17,2024-11-29,2024-12-13
899,067,20代,"意見箱の目的は、「今後のエネルギー政策の検討に当たっては、できる限り幅広い国民からの意見を募集し、議論の参考とする」ことであると理解しています。
配布は確かにされているようですが、議事録を見ても、参考にしている様子が全く見受けられません。
個別回答までは求めませんが、記載の目的の通り、委員の皆様の議論に取り上げていただくことを望みます。
これでは、ただの”ポーズ”でしかありません。",2024-12-17,2024-11-29,2024-12-13
900,067,70代,"今朝（12/05）の新聞に，「安定発電と脱炭素 原発以外ない」とあった．本当にそうなのだろうか．あの3.11以降多くの原発を稼働できない状況が長く続いていた．事故でなくとも検査などで原発一基でも停止すれば，その発電量の大きさ故に代替発電の準備が大変である．その上エネルギー自給率がずっと低かったため，化石燃料の輸入によって電気料金が高くならざるを得ないこともあった．それ故原発が「安定発電」とは簡単には認められない．また，放射性物質を増殖し，その処理・処分の見通しも暗いのに，「脱炭素」だからいいと単純には言えないはずである．経済界はその場主義的な一面で済む（？）のかもしれないが，一般国民にとってはそうはいかない．何故原発に反対する国民が多いのか（注）．子供や孫がいれば，彼らの将来の生活・環境が気になるのである．過去と現在を見て，その上で子供らの将来を気にする．それが大人の使命だと思う．選挙権がない子供らの代わりに考える責任が大人にはある．こうやって意見を出す責任もあろう．今の政府の原発回帰のためのプロパガンダには抵抗せざるを得ないと思う国民が多いのは当然なことと思うし，実際この意見箱にもたくさん出されている．
よく聞くことに，原発もCCS付き火力もやらないでどうするのかという声を聞く．それへの返答として，もし「安定発電と脱炭素 原発以外ない」というなら，それは今までそういう政策を日本政府がしてきただけであり，「再エネ100%が不可能（変動電源の克服も含め）」というならそういう風な政策誘導をしてきたからと言いたいし，技術的に再エネ100%は不可能ではない（変動電源の克服も含め）と信じていると言いたい．その根拠は再エネ導入比率を80%とも，100%とも，そういう目標を掲げて努力している国がいくつもあるからである．
（注）原子力に関する知識普及活動をしている日本原子力文化財団の世論調査（2023年度）でも脱原発の意見が47%で，原発推進・容認が19%である（分からないが30%）．",2024-12-17,2024-11-29,2024-12-13
901,067,,"世界１２３か国、２５年間のデータ分析により、「原子力発電量の多さは、CO2排出削減に影響を与えない」と判明しており、原発が脱炭素に役立たないことが分かっています。更に、原発の発電コストは上昇し、再エネの発電コストが低下しているので、原発はコスト的にも見 合っていません。
そして、お金の問題だけではなく、原発で事故が起こった際に人の命や安全な暮らしを脅か し、復興の見通しがつかなくなることは明らかです。安全な避難経路が確保されているとも今の状況では決して言えません。エネルギー基本計画策定のプロセスに、市民の参加も確保し、民主的な国民議論をしてください。
深刻化する気候変動問題に対応する為にも、火力発電の廃止を目指してください。
輸入に頼っている化石燃料を使用する火力発煙を一刻も早く廃止し、脱炭素化を進め、国内調達できる再生可能エネルギー電源の導入を加速することを求めます。
また、エネルギー基本計画を早急に改正し、2022年に行われたG7サミットで、日本以外の国が目標とした、2035年までに70～80％の再生可能エネルギ―を導入するということを、日本も同じ割合で導入するよう求めます。",2024-12-17,2024-11-29,2024-12-13
902,067,50代,"全てにおいて国内自給率の低い日本で、紛争や戦争が起きた場合もエネルギーは自給自足出来るように再生可能エネルギーを進めて、再生可能エネルギーの技術研究（蓄電池の技術開 発）に補助金を出すなどしてください。再生可能エネルギーの生産者が不利益を被ることがないように配慮してください。
また地震大国の日本で原発事故が二度とないとは言い切れず、有事の際には原発の電源は使用できないことや、ウクライナのように有事に原発が標的になることも考え、原発の増設や古い原発の再稼働に反対します。",2024-12-17,2024-11-29,2024-12-13
903,067,60代,再エネ・自然エネを化石エネと同等以下の価格で購入できる施策（政策）を期待したいです。,2024-12-17,2024-11-29,2024-12-13
904,067,10代以下,"先進国である日本が今まで排出してきた温室効果ガスによって一番被害を受けているのは発展途上国であり、気候変動はどんどん悪化しています。今の日本のエネルギー政策では、1.5度目標は達成できません。すでに世界中で自然災害の頻発や熱波による死者などたくさんの被害が出ています。気温上昇を1.5度未満に抑え、今の危機的な状況を脱するためにも、主力電源は再生可能エネルギーへ、移行しなければなりません。そして、温室効果ガス削減目標81%以上を掲げ、口先だけでなく実行する必要があります。気候変動対策にここまで消極的なのは、気候変動による影響を与えている国の一つとして無責任だと感じます。1.5度目標に整合し
た、野心的な目標を決定してください。
気候変動は命の問題です。現時点でとても切迫した状況であること、今生まれてきた子供たちや地球全体の未来、命がかかっているということを自覚のうえで、気候変動対策の公正な決定プロセスを踏んでいただきたいです。",2024-12-17,2024-11-29,2024-12-13
905,067,,"合同会社Tama屋
２０２４０６１２発信→20240613 改定1→20240628改定2→改定3→改定4・・・→改定7
以下に合同会社Tama屋の提言を申し上げます。 20240911に改定再拝送したものを基本に、＜提言13＞、＜提言14＞を追加したものです。
エネルギー政策のご参考になりましたら幸甚です。
注）以下、変動再エネとは、再生可能エネルギーのうち、太陽光発電、風力発電など、自然環境によって発電量が短時間で大きく変動するものを表します。
1．基本的な認識 ‘①脱炭素化により日本の産業国際競争力を強化し、日本輸出産品による収益を増やす。
そして、その収益を国内に還流し国内投資増や賃金増等を行い日本の産業振興および経済成長実現するのがGX国家戦略。 GX国家戦略に資するエネルギー政策として第７次エネルギー基本計画を策定する基本方針と認識。
‘②経済合理性によって普及し長い年月を掛け最適化されてきた化石燃料に由来する社会構造からの脱却を意味する脱炭素化は、 2050年までの中期的期間では、省エネ以外は基本的に大きなコストアップに繋がるのは不可 避。
‘③国際社会がG7主体の西側先進諸国とBRICSを中核としたGlobal south諸国の2極分化体制、もしくは、多極化に移行し、
急速に分化進行中。
経済成長、保有資源量、増加率含めた人口などの点からGlobal south諸国の国際社会における発言力が中長期的に高まる可能性が高いと考えられる。 ‘④エネルギー政策における優先順位（価値感）は、G7主体の西側先進諸国が脱炭素化優先
（価格＋脱炭素価値共有）であるのに対し、
Global south諸国は安価エネルギーによる経済成長・貧困撲滅最優先（価格最優先）と考えられる。
昨年COP28の議論でも明白なように、G7を中心とした西側諸国の提案である化石燃料の段階的廃止は、Global south諸国によって、極めて曖昧な合意文書として実質的に骨抜きにされており、loss & damage補償に加え後進国の脱炭素用資金として
年5兆USDの基金拠出を日本含めた先進諸国に要求されていることからも、Global South諸国の考えは明白と思われる。
‘⑤日本産業界の主要輸出マーケットは、Global South諸国の比率が今後増大すると思われる。
‘⑥上記①～⑤より、今後の日本の輸出先のメインとなると思われるGlobal south諸国マーケットに於ける最も重要な因子である
コストに関し、脱炭素化は電力・エネルギー価格アップを通じて日本製品のコストアップという悪影響を及ぼす懸念がある。
この悪影響を排除する為には、脱炭素化によるコスト増分を価格転嫁しつつ脱炭素価値を同じくする国際ルール導入が必須。
これが、GX国家戦略実現のための必須条件である。 ‘⑦国際規格標準化
“技術で勝ち、ビジネスでも勝つ”の実現がGX国家戦略実現のための極めて重要な条件。その為には、日本の先端技術を磨き、国際市場で有利に普及させる為の国際規格標準化を日本が主導することが必須。
日本の限定された官民リソースを最大限に有効活用し、技術開発やインフラ検討・設計・建設を進める為には、限定される民間リソースの分散を回避する、選択と集中が重要。中国、韓国、EUなど競合国・地域は、日本以上に選択と集中をして活動を展開。 ‘⑦現在エネルギー自給率12%前後と極めて低く、これを向上させることがエネルギー安全保障強化の最終目的であり、
エネルギー政策も将来的に日本のエネルギー自給率を上げる観点が必要不可欠。
2.提言
＜提言１＞
脱炭素に関する国際社会に動向により、第７次エネルギー基本計画に於ける、エネルギーコストと脱炭素レベルの最適点は変り得ることから、今までの国内外の実績も含めコストに関する精査を確実に実施すべき。
第７次エネルギー基本計画は、脱炭素化効果と経済合理性（エネルギーコストアップ）の双方を勘案し、
・欧州などの変動再エネ主力電源化実施国の実績精査
・日本の国土事情の考慮や科学的な原理原則を踏まえた議論を経て方針を決定すべき。
また、国民生活への影響も大きいことから、各施策によるコスト影響も提示すべき。
尚、コスト影響精査においては、
現在エネルギー自給率12%前後と極めて低く、
偏西風域から外れており平地面積が少なく国土的に変動再エネに不利な日本における脱炭素化コストは、
変動再エネに有利な国や、自国産エネルギーがある国より高くならざるを得ない点も考慮すべき。
（変動再エネ建設コスト差、発電量差、調整電源である火力発電の燃料コスト差など）
また、変動再エネは、導入比率が高まる程、系統・需給調整コストが大きく増加し、電力供給システム全体のコストアップを招くのはドイツ、デンマークなどの実態を見れば明らか。ま た、変動再エネの共食い効果顕在化による収益悪化、自己存続困難（老朽更新には補助金必 須）という問題も、精査すべき。
さらに、変動再エネ導入時に不可欠となる調整電源については、蓄電池と火力発電等とのコスト比較を十分に行うべき。蓄電池の将来性については、科学的原理原則に基づいたエネルギー密度（蓄電池の物理的限界）も考慮すべき。
＜提言2＞
変動の極めて少ない高品質な電力が求められるデータセンターや半導体工場増加も考慮した最適電源構成の在り方の視点も重要であり、各種電源のベースロード電源、調整電源としての特性を科学的に踏まえた議論を行い、第７次エネルギー基本計画に反映すべき。
＜提言3＞ GX国家戦略実現の必須条件である。脱炭素価値を共有化する国際ルール導入に対する国の明確かつ具体的な方針提示をすべき。
企業の投資予見性など考慮し、方針は具体的な時間軸を明確にしたアクションプランとして提示されるべき。
上記の国の対応が不十分な場合、投資予見性が確保できず民間投資は進まない恐れが高いと思料いたします。
なお、当該アクションプランの進捗状況や国際社会の脱炭素に関する動向に応じ、臨機応変に日本の国益に最適な政策決定すべき。
＜提言4＞
第７次エネルギー基本計画は複数シナリオを議論すべき。 1)2050年カーボンニュートラルという従来の方針に基づくシナリオに加え、
経済合理性を重視した“時間を掛けて進める現実的な脱炭素化方針”に基ずくシナリオ、
地政学的リスク等によるエネルギー安全保障最優先方針に基づくシナリオ、等も検討すべき。
尚、1)はGX国家戦略との整合性が確保できないと思われること、3)は有事想定の状況となることから、
第７次エネルギー基本計画では、現実的である2)のシナリオに限定して詳細検討するのが良いと思われる。
欧州は、6月のEU議会選挙結果を踏まえ、変動再エネ至上主義や短期間での急進的な脱炭素化から、経済合理性を重視した時間を掛けて進める現実的な脱炭素化に方向修正をする可能性が高いと思われます。
加えて、米国も、共和党政権となれば、化石燃料をクリーン活用しながら、経済合理性を重視した時間を掛けて進める現実的な脱炭素化に向かうと推定されます。
米国共和党政策要綱：2024 Republican Party Platform | The American Presidency Project (ucsb.edu)
<提言5＞ GX国家戦略に資するエネルギーの大変革は、極めた多岐に亘る一方、国内リソースは有限である。一方で、競合するEUや中国、韓国などは国の強い主導のもと、選択と集中によりリソース分散を抑えながら戦略的かつ効率的に活動している。
従って、競合諸国・地域と対抗しGX国家戦略を実現させるには、国が主導して現状以上に選択と集中を行うべき。
例えば、
現状ではコストアップの極めて大きな対策は、小規模pilot plantの限定案件前提とする。 現状コストレベルで推進すべき対策における拠点決定は、Feasible studyの様な実務負荷が掛かる前段階で、国が全体を俯瞰して一次スクリーニングを行い候補地を限定することが重要。
尚、水素キャリア関連、CCU関連は貯蔵タンク設置が不可欠となるが、双方とも2030年稼働開始が政府支援の条件になっている。その為、全ての各種貯蔵タンクの検討は、限定された数社で行うことになると推定。タンク建造も数社に限定されると思われ、現状以上に選択と集中を行わない限り、現実的に実行困難となる懸念がある。
＜提言6＞
最後に、脱炭素化は、化石燃料を基礎とした社会構造の大変革であり、税金含む巨額投資が不可欠。
一方、現在の日本のエネルギー自給率は12%前後と極めて低く脆弱であり、エネルギー政策の大きな課題と思料。
従いまして、脱炭素化施策は、最終的に日本のエネルギー自給率アップに繋がるものにすべきであり、それに向けた将来構想を踏まえたエネルギー基本計画で在るべき。第７次エネルギー基本計画でもこの点を議論のうえ、日本のエネルギー自給率向上の方向性とエネルギー基本計画各施策の関係性等を明記すべき。
視点としましては、下記などがあると思料。
・原発活用拡大および革新炉導入、海水ウラン抽出、核融合炉
・日本排他的経済水域における海底資源開発
・水力発電発電用量拡大：既存ダム嵩上げになど（山地が多く、降水量が豊富な日本に適した電源と思料）
・水＋空気による水素、アンモニア、メタン、液体燃料等のエネルギー国内安価製造（炭素循環を含む）
・変動再生可能エネルギー（太陽光、風力）
系統に繋ぐ場合は経済合理性がある範囲内（現状では全発電量構成の1割程度？など）
＊電源特性上、大規模電力インフラへの接続では無く、離島など小範囲での地産地消が適しているのではないかと思料。
系統には繋がずPtGにて水素・アンモニア国内安価製造
＜提言７＞
エネルギー自給率約12%の日本のエネルギーコストは、為替を大きく受けることから、為替影響を受けにくい構成にすることに加え、
円安対策も重要であり、金利設定などの金融政策との連携も必要。
<提言8> GX国家戦略実現には、国際規則・標準化を日本主導で進める事が不可欠。それができない場合は、いわゆる“技術で勝って商売で負ける”こととなる。GX国家戦略の実現には“技術で勝って商売にも勝つ”ことが必要不可欠。
国際規則・標準化には、外交交渉などで極めて高い国際交渉力を有する外務省も含めた挙国一致体制が不可欠と思われる。
＜提言９＞
昨年G7環境エネルギー大臣会合での合意内容も踏まえた日本のNDC実現は、現実的に考えると GX国家戦略と両立困難であるのは明白。
一方、世界全体の3%のＣＯ２排出量しかない日本にとっての世界の気候変動対策に於ける貢献は、大きなＣＯ２排出量を占め、今後その比率増大が予想されるGlobal south諸国に対し、蓋然性のある日本の脱炭素化先進技術をインフラ輸出し、世界全体の脱炭素化に寄与する動きを重視すべき。例えば、国内での削減だけでなく他国の削減への寄与分も考慮する考え方を国際ルールに取り入れることを検討すべき。日本が輸入するblue燃料生産国の反感緩和にも繋がると思料。
＜提言10>
日本のエネルギー安価安定供給およびエネルギー安全補償の強化と脱炭素化の両立には原子力エネルギーの安全な活用は必要不可欠。
一方で、現在の原子力規制委員会の動きは、安全のみ追求し、リスクの発生確率を考慮した安全と社会便益のバランスの概念が完全に欠如しており、極めて奇異な動きと思料。
日本の国益に資する適正な対応を行うため、下記改革を行うべき。
・行動原則に、米国の同様組織の行動指針に明記されている効率性の原則（費用便益の考え方）を追加し、徹底
・原子力規制委員会が行政機関として当然有するべき規制の効率性や一貫性等について国会などでチェックを受ける体制整備
・原子力規制委員会による規制の判断根拠の明示や明文化
・積極的な外部知見導入（含：米国での廃棄物保管方法）と電力含む関係者とのコミュニケーション
・国民や立地住民とのコミュニケーション徹底(米国は NR 原子力規制委員会も積極関与）
＜提言11>
エネルギー政策は、原子力発電所や水力発電所など建設に膨大な投資と長い期間を要することなどから、企業判断では判断、実行が困難と推定されることから、国が全面的に立ち、方針明示、経営として許容できる各種支援（含：事故発生時の国の責任）明示、を行い実行推進すべき。
第７次エネルギー基本計画についても、既に8月となり、今後の議論が発散しないよう、国が方向性を明示すべき。特に、原子力発電、ガスおよび石炭火力発電の位置付け、欧米など変動再エネを主力化した国や地域の実態および日本国土事情を踏まえた変動再エネの位置付け、将来のエネルギー自給率向上の視点などを明示すべき。
＜提言12>
安価安定供給可能かつ国産技術で導入可能な再生可能脱炭素電源である水力発電の位置付けを強化すべき。
水力発電は、多雨に恵まれ水を集める山の多い日本の国土事情に有った技術的にも完全に自給できる再生可能エネルギーであり、
需要に合わせた発電量調整も可能。また、進め方を工夫することで、水源地帯保全や過疎対策にも繋がる可能性が高い。
従って、我が国にとって水力発電は太陽光や風力発電以上に重要であると考えられる。
既設ダムの常時満水水位アップ、嵩上げ、治水・利水ダムや砂防ダムなど発電機能の無いダムへの発電設備設置などによる、
環境への影響を最小限に抑制しつつ水力発電量増加を国の方針として明確にすべき。
・第７次エネルギー基本計画での水力発電の位置付け明示
・第7時エネルギー基本計画に水力発電量目標明示（例えは、現在の発電量の2倍 等）
・河川法など、必要な法律改定を行うべき。（例えば、第一条に治水、利水に加え、発電を追加 等）
＜提言13＞
・現在、2040年などの最適電源構成のシミュレーションが各機関で行われているが、各新技術のコストなどは将来の技術進展も踏まえた値として、国の各委員会で整理された数字を採用し行われていると認識しているが、かなり挑戦的なコスト低減を見込んでいる技術も散見され、エネルギー価格の想定外の上昇を通じたGX国家戦略への大きな悪影響の懸念がある。
そこで、想定通りのコストダウンが進まない場合のケースもシミュレーションに含めるべき。
・変動再エネのコストについては、出力変動調整コスト（統合コスト）が掛かるが、欧米の実績から変動再エネ比率の増加に伴い直線的ではなく、ある比率から指数関数的にコストアップを示すことが判っており、確実にその実績を踏まえた統合コストをシミュレーションに織込むべき。
また、同様に系統整備コストも変動再エネ比率増大した場合、大きな送電網投資が必要になると思われ、そのコストも確実にシミュレーションに反映すべき。
・個別技術で最も気になるのがCCSにおける排気ガスからのCO2分離回収コストである。国の資料にはCO2 1t当たり4000円とされているが、米国での実績から推定すると1t当たり数万円になる。4000円はPSAプロセスなどから排出されるCO2濃度50%レベルの極めて高濃度CO2排ガスではないかと推察され、精査のうえ、正しいコストでシミュレーションすべき。
尚、CO2分離回収コストは排気ガスのCO2濃度や圧力に左右されると考えられるが、一般的な排ガスは常圧でCO2濃度は10%以下と考えられるので（ガス火力の排気ガスはCO2濃度数%レベ ル）、排気ガス濃度も考慮したCO2分離回収コストを再精査し、シミュレーションに反映すべき。エネルギー安価安定供給とエネルギー安全保障と脱炭素の両立にはCCSが重要と思われるが、CCSコストーオ過小評価した場合、エネルギー価格の想定外の上昇を通じたGX国家戦略への大きな悪影響の懸念がある。
＜提言14>
・COP29の議論（金融COPとして緩和・適合・loss&damageに対する極めて巨額拠出金議論メ イン）や、EUドラギレポート、
米国トランプ新政権の政策要綱などから、下記の大きな国際情勢変化の可能性がある。 1）現状のCOP議論を考慮すると、各国公平な脱炭素コスト負担とならない、各国平等な脱炭素価値とならない可能性が高いと思われる。
その場合、炭素クレジット含め結果的に多額資金を拠出する側になるであろう我が国は、脱炭素による経済成長は見込めない、
つまり、GX国家戦略は極めて実現困難となる考えざるを得ない。
現状の実態から欧州は2050年カーボンニュートラルは目指すと表明しつつ、CO2排出削減実績は大きく未達成なる可能性が極めて高いと思われる。ドラギレポートでは、従来のグリーン至上から化石燃料のクリーン使用も容認しエネルギー安価安定供給と安全保障を改善、CCSで 2050年カーボンニュートラル達成の考えと思われる。しかしながら、追加で年間800000000000ものユーロもの巨額公共投資（政府支出）が必要との提示であり、実現困難な可能性が高いと思われる。
現状から、このままではCOPの枠組みは持続困難と思われる。
上記の国際情勢変化も踏まえ、我が国の国益最優先のエネルギー基本計画を策定頂きたい。
また、国連IPCC等に対し、太陽の放射エネルギーや地球の太陽エネルギー反射率なども変数とした超長期間の平均気温変化との関
連整理を要求し、人類の排出する温暖化ガスと地球平均気温の関係精査を要請すべき。
その結果、2050年カーボンニュートラルではなく、2200年まで猶予がある等、現実的な方向性が見える可能性があると思われる。",2024-12-17,2024-11-29,2024-12-13
906,067,60代,"東京電力福島第一原発事故以降、原子力発電の依存度を可能な限り低減する位置づけを堅持するように意見します。
地震大国、火山の多い日本は、特に、想定外の災害が起きてきた。例として東京電力福島第一原発事故がある。事故を起こした東京電力福島第一原発はいまだに解体が行われ、デブリもほとんど手つかずで事故の後始末は完了していない。
後始末が完了していないということは、後始末にかかるコストや安全性は未知であることを意味する。様々な発電方法はあるが、事故が起きた時に後始末が完了できる実績のないのは原子力発電だけである。
持続可能な社会に持続可能な発電方法を選択するのは誰もが理解できる方向性です。
原子力発電は廃棄物に放射性物質を生む。この放射性廃棄物処理方法も確立していないので、各原子力発電所に貯められている。このような廃棄物の保管は放射性廃棄物処理方法が確立していないことを意味する。各原子力発電所に貯めた放射性廃棄物は、地震、津波、火山などの災害に
対してリスクがある。二酸化炭素の排出量が少ないことが原発推進の理由に上げられているようだが、放射性廃棄物を数百年も安全に管理するリスク、コスト、管理方法も発電方法を選ぶ際に大切な評価項目となる。
福島第一原発事故の反省をいかし、原発を推進する方は原発事故発生に責任を持っていただきたい。",2024-12-17,2024-11-29,2024-12-13
907,067,80代以上,"２０５０年カーボンニュートラル実現に向けた、エネルギー基本計画の骨子に沿い、２０３０年に向けた政策対応、
２０４０年の炭酸ガスゼロエミション実現のための実施計画の具体的な対応を提案いたしま す。対象は電力部門に求められる取組で、エネルギーミックスのシナリオの重要性に鑑みエネルギー政策の基本的視点（Ｓ＋３Ｅ）に立脚した提言をいたします。
私は、６０年にわたりエネルギー問題に取り組み、１次エネルギーの枯渇対応、省エネル
ギー、３Eに関わるエネルギーシステムの開発・実現に関する仕事をしてまいりましたエンジニアーです。
資格は技術士（機械部門）、称号は工学博士（エネルギー工学）を有しております。この経験から、下記意見を提案として述べさせていただきます。
提案骨子は、２０５０年向けて、実現可能な１次エネルギー源の割合を
① 化石燃料（天然ガス）＝３０％、
② 核燃料（ウランプルトニウムサイクル、トリウムウランサイクル）＝４０％、
③ 再生可能エネルギー（自然エネルギー）（水力、太陽光、風力、バイオマス、地熱を各
５％）＝３０％
といたし、カーボンニュートラル電力供給システムを達成に寄与いたします。
上記を実現する背景は下記です。
① 発電システムに対する市場の要求である、経済性、操業安定性、信頼性を確保する
② エネルギーセキュリーティー確保のための一次エネルギーの多様化
③ 脱炭素エネルギーに向けたステップを踏んだ電力システムの研究開発、実用化、商用化開発が必要不可欠
④ 地方創生のための市場開拓
発電システムの規模は１，０００～１００，０００ｋW級の中小型分散システムです。
発電システムに関する客先の強い要求は、利用電力負荷変動に追随できる安価な電力を得ることで、これに十分対応できるシステムの開発を提案いたします。
今回の提案の骨子である、新しい発電エネルギーシステムに関しては、商品化に向けた準備のためのハードウェアの規模やシステム構成の概念設計を実施いたしておます。
本意見書では、各システム実現の背景になる基本技術に関する文献/情報を記述いたしております。
１．化石燃料発電
化石燃料は炭酸ガスを排出いたしますが、天然ガスを燃料とする発電効率の向上による炭酸ガスの排出低減を考慮します。
天然ガスを燃料とする発電システムは天然ガス燃料の再生サイクルガスタービンを用い温度１
６００℃、圧力０．３MPaで熱効率６５％を達成できます。
このガスタービンの実用化のための最大の技術課題は３つの高温耐熱部材の実用化です。１つは１６００℃に耐える作動媒体の加熱器あるいは燃焼器、２つ目は１６００℃に耐えるガス タービンの回転翼、今一つは１４００℃に耐える再生熱交換器です。
これらの構成材料として開発が進んでいるニオブ、モリブデン金属間化合物基を持つ超高温材料を採用することにより実用化・商用化することが可能になります。（参照文献： 吉見享祐他「構造用金属間化合物研究から派生した様々な新しい研究展開」まてりあ，第51巻第4号 2012)
このガスタービンシステムは、圧力比が３．０、最高圧力が０．３MPaAで低圧です。上記材料の降伏応力は１６００℃で５００MPaですので、十分対応出来ます。さらに低圧力ですので機器の耐圧部分の肉厚が低減できるので、ヘビーデューティー構造にならず、製作コストを低減できます。
このガスタービンの製造にあたっては、航空機ガスタービンエンジンの設計手法を採用し、部分負荷にも素早く対応でき、経済性と信頼性を確保することができます。（参照文献： 内田誠之他「MH2000ヘリコプタ用MG5-100/110ターボシャフトエンジンの開発」三菱重工技報， Vol.38,No.2 2001-3）
現在、天然ガス火力発電所は、大型のコンバインドサイクル川崎２号が１００万ｋWクラスで熱効率６１％を達成しております。本提案は、１０万KW級の超高温ガスタービンを開発し、初期投資を軽減し、熱効率の向上と相まって、発電単価＝５円/ｋWhを達成することで経済性を達成し、ヘリコプターエンジン特有の応答性の早い部分負荷運転を実現して、ユーザーが強く求める電力変動に耐える発電操業の安定性を確保し、変動の大きい再生可能エネルギーとの連成によりユーザーの求める負荷変動に耐える発電システムを構築できます。
当該ガスタービン発電装置は２０２５～２０３０年で開発・実用化、２０３５年の商用化を目指します。
２０３５年以降発電操業時の炭酸ガス発生は、在来天然ガス発電装置に比べて約４０％低減でき、再生可能エネルギーとの連成でさらに低減しますので、事業者の経営に大きく影響しない低価格の炭素税で対応可能です。
当該発電炉の達成の関しては、２０２５～２０３５年で開発・実用化、２０４０年の商用化を目指すことを提案いたします。
天然ガスの輸入先は米国が有望です。米国の新政権ではカナダでの天然ガスプラントの投資が期待されています。
我が国は寒冷地の天然ガプラントとしてサハリン２の建設実績（千代田化工建設株式会社設 計・施工）がありますし、さらに国の方針で天然ガス貯蔵の計画が進んでいますので、大いに期待しております。
２．核燃料発電
わが国では、核燃料発電に関しましては、既存の軽水炉の再稼働の活動が進んでおりますが、
２０１１年の原子炉事故の経験と、既存原子炉の老朽化と休止期間が１０年以上に達していることから、１０年を超える稼働が困難です。
老朽化して再稼働までに１０年以上休止していた沸騰水型、加圧水型の双方の原子炉が、再起動の時に安全停止にかかわる出力制御装置系の不具合が起きたことを強く認識して、十分に検討と対策を重ね、再稼働に対応すること願います。
１０年程度の短い軽水炉の再稼働運転の間に、次世代原子炉の鋭意開発を実施することが必要と考えます。
我が国の核燃料発電システムに関しては、短い期間の既存軽水炉の稼働の後に、核燃料の寿命を大幅に伸ばすことができるウランープルトニウムサイクルと、トリウムーウランサイクルを実現する次世代原子炉を採用することが必要と思います。
前者は安全性を追求した高速増殖炉を、後者はこちらも高度な受動安全性を装備したトリウム熔融塩炉の開発と採用を提案いたします。
核燃料発電（原子力発電）の大きな問題と解決すべき課題は下記です。
① 緊急時の安全性と安定操業性
② 原子炉で発生/蓄積される核廃棄物の短期処理
③ 原爆の原料となるプルトニウムの即時処理
①に関しては後述の高速増殖炉とトリウム熔融塩炉で具体的に示します。
②に関しましては、後述の高速増殖炉でプルトニウム処理発電に加えてマイナーアクチニド
（MA）の処理ができます。③に関しては、後述のトリウム熔融塩がプルトニウムを燃料として発電できますので、プルトニウム処理発電炉として機能させることができます。
さらに上記②、③に関しては、現在我が国で採用されているプルサールシステムの立地・創業の困難さを解決する方法として、かつて研究された核変換処理を見直し、この理論を発展させて実現することを望みます。
（参考文献：日本原子力学会「総説 分離変換工学」２００４年２月）
２－１． 高炉増殖炉
この原子炉は長く夢の原子炉として「もんじゅ」の開発が進みました。
「もんじゅ」は残念ながら開発管理の問題で廃炉が決定しておりますが、ウランープルトニウムサイクルを達成できる、安全性を大幅に改良したシステムの開発が待たれています。
安全性の達成は下記を提案いたします。
① 自然循環型崩壊熱除去
事故時に炉内の冷却材の熱媒体である液体ナトリウムの自然循環で崩壊熱を外部に放出できる受動安全性を有するシステムに関する国の研究開発が進展しておりますので、このシステムの早期の実現を期待します。
自然循環は温度差による自然対流で達成されますが、この対流は始動の時にカオス的な流れ場があり、事故時の初期の冷却材として機能する媒体の流れに安定性を損なうことがありますので、設計どうりの安定した自然循環が達成できることの実証を望みます。
② 蒸気発生器の安全性確保
２次系の蒸気タービンシステムの蒸気発生器は危険物に認定されている禁水物質である液体ナトリウムと水の熱交換器で、伝熱管（水管）が何らかの原因で損傷・破壊した時に水/水蒸気がリークしナトリウムと水が激しく反応して事故に至ります。
（参考文献：二階勲他「ナトリウム加熱蒸気発生器における小リーク検出系の性能解析」石川島播磨技報第１５巻６号１９７５）
この事故発生の危険を解決るするためには蒸気発生器の加熱媒体をナトリウムに代えて熔融塩に変更することを提案いたします。
候補の熔融塩は太陽熱プラントに使われている熔融硝酸塩で化学組成としてはモル比で NaNO3/KNO3/NaNO2=7/44/49で代表されるもので、融点は１４２℃です。
（参考文献：’Molten Salt Steam Generator Subsystem Research Experiment Phase 1-
Final Report Volume 1’ Foster Wheeler Solar Development Corporation 1982）
上記文献には10万kWeの太陽熱の蒸気発生器（蒸発器、過熱器、再生器からなる）の1982年当時の製造コスト＝ 3,359,600US$ が記されています。蒸気発生器の構造は竪型直管方式です。このデータを用い、発電20万kWe級高速増殖炉蒸気発生器（同上構成）に供する蒸気発生器のコストを米ドル/円為替レートの推移、日本の消費者物価指数の変遷、加えて蒸気圧力増加による伝熱管の材料コストアップ分を考慮して算出して、19億9,170万3,005円）の結果を得ました。
もんじゅの蒸気発生器では、伝熱管に熱膨張を吸収しやすいヘリカルコイルが採用されまし た。また構造上、蒸気入口と出口部を上部に設置する必要があり、給水を下部ヘリカルコイル蒸発部に導く伝熱管路として断熱構造を付帯したダウンカマー（降下管）方式を採用するな ど、複雑な構造になっています。
提案する上記の蒸発器は構造が簡単な直管を用いるのでコストダウンに寄与しています。
上記の蒸気発生器のコストと、ナトリウムー水反応検出装置などの設置が不要になることを考慮すると更なるコストダウンに寄与できます。
当該発電炉の達成の関しては、２０２５～２０３５年で開発・実用化、２０４０年の商用化を目指すことを提案いたします。
２－２ トリウム熔融塩発電炉
核燃料であるトリウムは次世代革新原子炉である熔融塩発電炉に供給します。トリウムは中性子を１個吸収して核分裂性のウラン２３３に変換され、連鎖反応で核反応を継続でき、トリウム－ウランサイクルを実現します。
今回の提案は一基１～５万ｋWの発電量で発電効率４０％を達成する分散型超小型トリウム熔融塩発電炉の商用化です。トリウム熔融塩炉は，燃料が液体の熔融塩に溶解していて，炉心の核反応速度は燃料熔融塩の流量で制御でき，緊急時には流量がゼロになることにより核反応が受動的に停止します。必要な場合は，同時に燃料熔融塩を炉心の下部に設置した回収タンクにドレンすることにより核反応を避けることができ，重大事故に至りません。この原理的な高い安全性を十分に発揮できる発電システムとして、原子炉で発生する700℃の燃料熔融塩の顕熱から高温の作動媒体を発生させ，水蒸気ランキンサイクルやヘリウムガスブレイトンサイクルで電力に変換するシステムが有効です。
炉心回りにはサーモサイフォンの原理を用いた自然循環型の放熱システムを配し受動安全性システムを実現させ，緊急停止した時の燃料熔融塩の残留熱や崩壊熱除去に対応できます。発電時には，適応逆制御方式を採用し電力負荷の要求に従い原子炉の出力を受動的に制御し，災害時の電力レジリエンスに対応でき、緊急時には電力負荷がゼロになることを受けて、原子炉は自動停止します。本機能を有するトリウム熔融塩発電炉は，変動の大きい再生可能エネルギーシステムと連成でき,双方のシステムのメリットを発揮できます。
（参考文献 二階勲：「トリウム熔融塩発電炉システムの信頼性」日本信頼性学会誌 Vol.43,No.3 2021年5月）
原子力発電は炭酸ガスを発生しないので、究極の脱炭素エネルギーであり、トリウム熔融塩炉は有害である核廃棄物は作動媒体である熔融塩に溶解するので、発電と同時あるいは期間を決めて別途安全に処理・無害化することができ、核廃棄物の長期貯蔵の問題を解決できます。トリウム熔融塩発電炉の上記記述事項は、２０１９年度、２０２０年度の経産省の「社会的要請に応える革新的な技術開発支援事業」の一環として実施いたしましたトリウム熔融塩発電炉の概念設計の結果を反映しております。
概念設計では、２．４万ｋWの発電能力のシステムを検討し、発電単価５円/ｋWhが達成できる見込みを得ており、経済性への貢献ができ、また、電力負荷変動対応が可能なため、発電操業安定性にも貢献し、前述のように信頼性・安全性に資することが判明しております。
この原子炉はトリウム－ウランサイクルを用いて、核反応しないトリウムを核反応物質である人工ウラン２３３に変換するので、エネルギー創生をいたします。トリウムは世界中で普遍的に産出し、天然ウランの３～４倍の埋蔵量があり、我が国はほとんど産出いたしませんんが、友好国であるブラジル、トルコ、インド、エジプトに多く埋蔵されており、準国産の１次エネルギーとして位置付けることができます。
また、この原子炉は次世代革新炉でありますので、日米原子力協定に基づき、米国との技術や人の交流を通じて、開発・実用化を早めることが可能であります。
当該発電炉の達成の関しては、２０２５～２０３５年で開発・実用化、２０４０年の商用化を目指すことを提案いたします。
３．再生可能エネルギー（自然エネルギー）発電
再生可能エネルギー（自然エネルギー）を用いる発電装置を運用するときには、はエネルギー源が変動すること、需要電力も変動することに対応するため、電力蓄積装置を必要とします。蓄電装置の問題点は下記です。
① 設備コストが電力コストに大きく影響する。
② 発電量の急な立ち上がりへの対応能力に欠ける。
③ 化学電池の場合、電解質が可燃物の場合が多く発火事故の恐れがある。
これらの問題点を解決する方法として、下記を提案いたします。
① 前述で提案した出力調整型の発電システムと連携させる。
② 発電量の急な立ち上がりに対応する蓄電池として、ライホイール蓄電装置を採用する。
（参考情報：NEDOプロジェクトで山梨県とJRとが鉄道電力供給電力システムの開発として太陽電池とファラーホイール
を連成させる装置を開発実証している。）
変動の多い再生可能エネルギーは上記のように天然ガス発電装置や熔融塩発電炉との連成で安定した電力を供給できます。スタンドアローンで発電操業するときには安価な電力蓄積装置の付帯が必要です。
１～５万ｋWの小型分散型発電システムに関し、２０５０年の脱炭素化に向けた政策に寄与する脱炭素化電力供給の多様化構築として、化石燃料（天然ガス）→核燃料（ウラン・トリウム）の１次エネルギーシフトを念頭に、再生可能エネルギー（自然エネルギー）との連成を考慮した、天然ガス駆動超高温ガスタービン発電、トリウム駆動熔融塩発電炉について、開発・実用化・商用化の具体的な技術開発について提案いたしました。
再生可能エネルギーの入力、出力調整・連成は立地条件にかかわりますし、畜電力装置との連成も同様に立地条件にかかわります。
発電システム構築には、設置する場所と電力利用形態を十分に顧慮する必要があろうかと思います。
以下に、５種類の再生可能エネルギ（自然エネルぎ―）を利用した、水力発電、太陽光発電、風力発電、バイオマス発電、地熱発電についてのありかたを提案いたします。
３－１．水力発電
大型の水力発電装置はすでに実用化されていて、揚水発電は夜間電力の蓄積/供給に寄与しています。
一方小型の水力発電は、水源は水量がほぼ一定の河川なので、安定した発電が可能です。
（参考文献：「小水力発電の導入に向けた遠野市の取組について」遠野市総務企画部経営企画課 令和６年８月２９）
この遠野市の小水力発電に関しては、地域エネルギー会社が発電した電気を購入し、エネルギーの地域内消費を実現
することから地域地域脱炭素の実現に向けた取組の推進を計画されています。
地域での発電利用の負荷変動対応の方法として、上記のように余剰電力を地域エネルギー会社に販売する手法以外に、
水タービンと連成するフライホイール畜電装置との連成も可能です。
水車と同軸で、磁気カップリングなどで連結する同じ回転機械であるフライホイールの開発が期待されます。
３－２． 太陽光発電
太陽光の入力エネルギー変動はパターンが複雑なので、設置地域と発電容量によりシステム構成が異なります。
発電能力１０００ｋW以下の太陽光発電では、フライホイール蓄電装置との連成がよろしいかと思います。
一方１０００ｋW以上のメガソーラー発電装置でも上記フライホイール蓄電装置を多重に設置できれば入力変動
/出力変動に対応できます。
出力変化可能な天然ガスタータービン、トリウム熔融塩炉による発電装置との連成で、電力ユーザーに電力供給できます。
発電所の立地サイトは、我が国の約１５０か所の石炭火力発電所（２０２０年６月末のデータ）が
発電所リパワーの候補の一つになろうかと思います。
（参考資料：「石炭火力発電所一覧」資源エネルギー庁 ２０２０年７月１３日）この場合は、太陽電池を設置する場所はこのサイトで賄えると考えられます。
３－４．風力発電
風力発電も変動が考えられ、太陽電池と同様な対応が必要です。
我が国の現在の風力発電は発電電力が余るケースが多いので、この場合は上記の小水力発電と同様の対応が必要です。
３－４．バイオマス発電
バイオマス発電は、燃料に木質チップを用いることができるので、発電機システムへの燃料供給の調整が可能です。
したがって、電力貯蔵システムの装備は本質的には不要です。
また、電力需要が急変するシステムに対しては、１例ですが、出力可変型逆ブレイトンサイクル発電システムが
利用できます。 （参考文献：二階勲他「逆ブレイトンサイクルによる空気ガスタービン装置及びその制御方法」
特許願 特願2017-193063）
３－５．地熱発電
地熱の入力が一定なので、ランキンサイクル発電で一定の出力を得ることができ、フライホイール蓄電装置との連成で
出力調整に資することができます。低温の地熱ではバイナリー発電システムが開発されています。
（参考文献：谷口学「事業採算性と環境保全を考慮したバイナリー発電システムに供するタービン発電機の開発設計」
平成２９年度NEDO新エネルギー成果報告会 熱利用分野 予稿集 No.G12)
以上２０５０年向けてのカーボンニュートラル電力供給システムを達成に寄与いす実現可能な
１次エネルギー源の割合を
① 化石燃料（天然ガス）＝３０％、
② 核燃料（ウランプルトニウムサイクル、トリウムウランサイクル）＝４０％、
③ 再生可能エネルギー（自然エネルギー）（水力、太陽光、風力、バイオマス、地熱を各
５％）＝３０％
といたし、この達成に寄与できる具体的なシステムの開発を提案いたしました。
提案いたしました各種発電システムは、
① 商用化時には市場創生となり、地方創生に寄与いたします。また、
② これらの技術開発・実用化・商用化は、イノベーションを必要といたしますので、オープンイノベーション
の思想で進めてゆくことで、人材を教育・育成することができます。
上記２点についての政府の支援制度の整備・構築を期待いたしております。以上でございます。",2024-12-17,2024-11-29,2024-12-13
908,067,60代,"化石燃料を使わず日本にある自然の資源を使う再エネの発電所の電気をさらに使えるようにして、地震がいつどこで起きうる日本で原発をベースロード電源として使うのをやめてほしいです。
コストが高い火力、廃棄物処理法が決まらない原発を優遇してはいけないと思います。",2024-12-17,2024-11-29,2024-12-13
909,067,,"私達は、生活クラブ生活協同組合の運動グループで市民活動から生まれた、まちづくりの機能をもった11の団体が、住みやすいまちを創ることを目的に定期的に協議会を開き、方針に 沿って日々の活動を進めております。
その方針の柱の一つに、脱原発を掲げています。その視点から意見を提出します。
●原発回帰ではなく、省エネと純国産再生可能エネルギーの強化を強く求めます。
第６次計画に盛り込まれていた「可能な限りの原発依存度の低減」が取り消され、「原発の最大限の活用」と１８０度の方針転換に反対です。
・地震大国日本に５０基を超える原発があることは、危険極まりなく、その必要があるとは到底思えません。１３年前の東日本大震災発災時の福島第一原発での事故後に、すべての原発をとめてもエネルギー不足に陥ることなく、夏の暑さを乗りこえ日常生活を送れている実績があります。原発に一度事故が起こると、制御不能であること。福島第一原発の事故では、辛くも大惨事を免れましたが、数ミリのデブリの取り出しに至るまでさえ１３年もかかり、放射能汚染により
未だに元の生活に戻れない現実があり、このとてつもなく扱いにくいエネルギ―に莫大な資金がかかり、その分を国民が負担しています。建設にも時間がかかることは、更にその負担を増しています。日本が壊滅的な打撃を受ける可能性を常に秘めているものをどうして進めるのでしょうか？核のゴミ問題、その処理にも困り、受け入れ場所を探すことにも長い年月と資金要し、何より住民の不安をぬぐう事ができません。また、原発からの排水が海水温を上昇させていることは、地球温暖化を促進させ、気候危機を招く一端を担っているといっても過言ではありません。
福島原発の事故を受け、ドイツでは、原発の廃炉を即時に決めて、実現させています。日本でも脱原発への動きを大きく進めることを強く求めます。
・２０２２年のG７サミットでは「２０３５年までに電力部門のすべて、または大部分を脱炭素化する」という目標が合意されており、７０～８０％の再生可能エネルギ―導入目標を持っています。
この実現に向けて、原発を促進しようとする資金を、再生可能エネルギー関連の促進に転換するよう求めます。",2024-12-17,2024-11-29,2024-12-13
910,067,70代,"原子力に頼らないエネルギー、自然をこれ以上破壊しないエネルギーに本気で取り組んでほしい。原子力発電は経済的にも再生エネルギーに敵わない状況になった。
真の技術立国ならば、原発以外のエネルギー技術に取り組んでほしい。",2024-12-17,2024-11-29,2024-12-13
911,067,50代,"原子力発電から再エネへ一刻も早くシフトすべきと考えます。
理由
・事故のリスクが計り知れない。
・原子力発電は低コストだという事を政治家などが発言しているが、事故のリスクを考えれば全く低コストではない。
・使用済み核燃料をどう処理するかが解決されていない。
・ウランを輸入に頼っている。
・攻撃のリスクがある。
・日本は再エネ技術に遅れをとってしまったので、一刻も早く追いつくべきだ。",2024-12-17,2024-11-29,2024-12-13
912,067,50代,"●負の遺産しかない原子力政策と核燃料再処理政策から直ちに撤退して下さい。
●再生可能エネルギー発電と送配電網整備を計画段階から地域住民参画させるスキームに変えるべき。
●廃炉&核廃棄物管理以外で、原子力政策を特別扱いする事は止めて下さい。
●送電会社を大手電力会社から資本分離して真の『発送電分離』政策を実現して下さい。
●日米原子力協定を全国各地で地域住民参画で議論し国民投票で継続するか撤退するか選択させるべき。",2024-12-17,2024-11-29,2024-12-13
913,067,60代,"福島第1原発事故は甚大な環境破壊を引き起こし、それは今も続いています。
能登半島地震では最大４メートルの地盤隆起があり、珠洲原発がもしあったら福島第一原発事故以上の被害があったと思われます。また、避難計画も現状に合ったものではなかったことも明らかになりました。
国が言ってきた「原発は安全、低コスト」ということは、全く信憑性がないことを認めてください。
地震が頻発する日本でこのまま原子力政策が続けられるのでは、私達の達の生存権は守られないと強く思います。
核廃棄物の問題等うやむやにして、次世代に問題先送りするのは無責任です。
まず第一に環境保全の中で、電力の安定供給を考えるべきだと思います。
再生可能エネルギー発電と、蓄電バッテリーの開発に取り組んで欲しいと思います。
負の遺産しかない原子力政策から、直ちに撤退して下さい。",2024-12-17,2024-11-29,2024-12-13
914,067,50代,"原子力について、東日本大震災以降停止していた原発が再稼働となっているが、「脱炭素」のキーワードに含む、スリーマイル、チェルノブイリの事故以降どれだけの年月が経過しているか、その影響を今でも受けている人々の存在、また日本でも、東日本大震災から13年、同様に影響下にある地域・人々がいること。 900ｔ近いデブリの除去はしても、その後の処理がどうなるのか、現状でも使用済み燃料の再処理含め、「脱炭素」といえども原子力は現状解決できない課題があり、将来世代に先送りしていることになる。
「今」ではなく長いスパンで将来を見据え、極力原子力に頼らず、「再エネ」中心でエネルギー政策を立てるべき。",2024-12-17,2024-11-29,2024-12-13
915,067,20代,"脱炭素の取り組みは、大規模かつ迅速に最優先で行わなければ、取り返しのつかない事になります。現状政府の方針は、とても生ぬるく感じます。
政策を考えている皆さんにとっては、環境に影響が出てくる頃には自分にはもはや関係ないという気持ちがあるかもしれませんが、このままでは、我々若い世代やこれから生まれてくる未来の世代にとって、とても生き辛い世界を残すことになってしまいます。無責任です！
今更ながらに、原発推進に逆戻りすることも許せません！
現状、電源構成割合としても原発はとても小さいですし、これから新たに再稼働や建設することが、脱炭素に寄与するとは時間的にもコスト的にもとても思えません。利権としか思えません！
それよりも今すぐ、自然エネルギーに全面的に国の総力をあげて取り組むべきです！その方 が、よほど効率的かつ国内の経済の活性化にも寄与すると考えます。むしろ、世界をリードするくらいの気概で取り組んで欲しいです。世界に誇れる日本であって欲しい。世界に揶揄される日本で生きていくのは嫌です。恥ずかしいです。
次の３年間の大事な方針となるのであれば、若い世代や多くの国民の声に真摯に向き合って高い目標を掲げ、前倒しで脱炭素を実現するような計画をぜひ策定して下さい！",2024-12-17,2024-11-29,2024-12-13
916,067,40代,"気になることがありますので意見を提出いたします。
再生可能エネルギー事業が事実と違うことが喧伝され反対運動により適正であるにも関わらず、撤退を余儀なくされている事例が多発しております。
再生可能エネルギー事業において、電源接続案件募集プロセス・電源接続案件一括検討プロセスに応募して多額の負担している事業者が多いと思慮します。
しかし、事実と異なる理由による反対運動で撤退を余儀なくされた場合でも電源接続案件募集プロセス・電源接続案件一括検討プロセスで負担したお金は没収されるのではないでしょうか。
事実無根による反対運動により撤退を余儀なくされた再生可能エネルギー事業でお金が没収された場合はあまりにも理不尽です。もし、そのようになっている場合、反対運動を行った団体などへ没収された相当額について、請求できる法制度をつくっていただきたいと思います。",2024-12-17,2024-11-29,2024-12-13
917,067,70代,"エネルギー基本計画は再生可能エネルギーを中心に据えるべきだ。原発はシステムが複雑、電気代が高価、不安定、放射性廃棄物を大量に排出、廃棄物の保管場所が不明、日本は地震や自然災害が頻繁に起こるので危険、避難計画が不十分で人命が守れないなどのため、廃止するべきだ。 2021年6月11日にG7で採択された「2030年までに再生可能エネルギーを３倍にする」目標を忘れてはならない。日本の2023年のエネルギー構成では再生可能エネルギーは24%だった。この3倍は72%である。
ドイツは2030年の電力構成は再生可能エネルギーが80%、残りの20%は水素混焼天然ガスとすることを目標としている。
ドイツは再生可能エネルギーを積極的に導入、原発は廃止し、石炭火力発電は2038年までに廃止する計画だ。
イギリスでは石炭火力発電所は廃止されている。
G7の一員である日本は、2030年目標として、ドイツと同様に再生可能エネルギー80%、水素混焼天然ガス20%を目指す、積極的な排出削減に取り組むべきだ。",2024-12-17,2024-11-29,2024-12-13
918,067,40代,"CO2排出量は世界第3位とも言われる日本において、最も重要な目標値を「議論」を行わず、決めてしまう非常事態を見過ごすことなどできず、声を挙げさせて頂きます。
国民生活と経済のあらゆる面において、極めて大きな影響を与える目標だからこそ、透明性を確保し、日本の英知を結集した専門家や関係者による議論を十分に行い、公開し、国民に対して望ましい複数の選択肢とトレードオフをわかりやすく伝える事が望まれます。（白石賢司 氏）
CO２などの温室効果ガスは長期間、大気に滞留し、ゼロにしない限り気温が上がり続きます。今年も耐え難い酷暑でしたが、さらに来年、再来年と熱くなることは避けられません。
だからこそ、一刻も早く猛スピードで温室効果ガス削減（再エネを急速に進める）を進める必要があります。
なお、60％という数字は、10/15の経団連提言の丸のみであったと聞きました。一方で、80％以上を主張する専門家も多く、事態の喫緊さを肌身で感じます。
地球環境戦略研究機関は、74％-76％削減できるシナリオが現実的な前提で描けることを12/3の政府の審議会で発表したと聞きました。
気候危機は、将来世代が長期間、より大きな被害を受ける『生存に関わる人権問題』です。 経済界との癒着によって導かれる数字ではなく、先進国の責任を果たし、良心に従って検討し尽くしてください。
これ以上、電気代が上がるのも耐えられません。
すなわち、新技術や原発増設に頼るのではなく、再エネへの大幅なシフトチェンジを求めます。
これからの数年の大幅なＧＨＧ削減が重要です。
宜しくお願い致します。",2024-12-17,2024-11-29,2024-12-13
919,067,60代,原発に関する情報開示が少ない。発電コストを考えれば経済合理性はないはずです。結論ありきの諮問委員会はやめて、原発推進に賛成の専門家、反対の専門家の両方の意見を開示して欲しい。国民が参加できていない意思決定はやめて頂きたい。この意見箱もアリバイつくりにならないように願う。原発は我が日本では極めて危険である。原発への投資額を青天井にせず、再生エネの技術革新に同じような投資を行っていたら、今頃、自国で作られるエネルギーを もっと格段に高められたと思う。原発を再稼働することでまた再エネ開発が頓挫することを恐れれます。とにかくこれまで原発関連のリサイクル事業、環境対策コストを明示し、事業性がないことを明らかにすることが公平な評価です。保険会社や金融会社が原発の事業リスクをどう評価していますか？ いつまでも国民の税金を無駄にしないで欲しい。核融合事業も推進するようだが、その事業性についても検討すべきである。偏った所謂原発村の内部だけの意思決定は辞めて頂きたい。米国と日本はその地政学的、資源付与的に全く違うことを勘案し安易に追随することを辞めて欲しい。,2024-12-17,2024-11-29,2024-12-13
920,067,50代,"原子力発電の割合を0％にして欲しい。理由
ヨーロッパ諸国や他の国でも再生可能エネルギー100％を目指し、気候危機を抑える努力をし
ている。
天候による再生可能エネルギーの発電の不安定さは、バイオマスなど再生可能エネルギーの中でも安定して供給できるものを使い、デンマークやドイツなどのような地域熱供給やヒートポンプを使ってお湯を沸かすなど、社会的な変革を起こせばクリアできる。
その予算は、石油や天然ガスの輸入で使っていた予算を使えばよい。",2024-12-17,2024-11-29,2024-12-13
921,067,40代,"・環境により負荷の少ない再エネの推進を強く求めます。ソーラーシェアリングなどの活用で、供給量を増やすことができます。
逆に山を壊すメガソーラーは強く規制をしてほしいです。
・石炭火力や天然ガスは海外への依存によって成り立っており、資金も海外へ流出してしまいます。電力も国内でできる限りの自給自足を行っていくことが、現在の世界情勢では必須だと思っています。
・原発は強く反対します。福島の問題も何も解決していません。安全性の問題はもちろん、建設維持廃炉、どの段階でも多額の資金がかかります。その費用を国民が払うことにより、国民の負担が増え、経済はますます冷え込みます。一部の方への利益追求ではなく、国民が安全に安心して暮らせるエネルギー政策を望みます。",2024-12-17,2024-11-29,2024-12-13
922,067,,"下記のニュースを読みました。福島第一原発事故で東日本壊滅の危機を、ただの幸運で乗り切ったことを忘れたのですか？
日本は、将来的には脱原発、そして再生可能エネルギーという純国産のエネルギー源を活用するべきです。
「原発依存度を低減」、削除検討 エネルギー基本計画 政府 https://news.yahoo.co.jp/articles/be503b504a109a3e0d60446276519da89a64d8c3",2024-12-17,2024-11-29,2024-12-13
923,067,30代,"エネルギー政策に関する「意見箱」へのご意見令和 6 年 12 月 3 日公表分（令和 6 年 10
月 21 日～11 月 28 日に頂いたご意見）の項番764に続いて意見させて下さい。
第7次エネルギー基本計画にも原発依存度を「可能な限り低減」させるという文言を残して下さい。また、ウラン枯渇政策という僕個人から見たら「愚か」な政策を取るにしても、ウラン等核燃料が枯渇する時期にどう再生可能エネルギー100%に移行するか？具体的に示さないのは無責任だと思いますよ。",2024-12-17,2024-11-29,2024-12-13
925,067,60代,"報道によると、エネルギー計画において原発依存度低減と言う文言を削るという。とんでもないことだ。いくつかの幸運に助けられて東京電力福島第一原発事故によって東日本が破滅することを回避できたというのに。２０１１年以降の国民的合意を電力業界などの都合で反故にす
るのは納得できない。コストも高くなるばかりの原発に頼らずに、欧米諸国のように自然エネルギーの開発に資金を投入するべきだ。
１、東京電力福島第一原発の事故から、地震が多発する日本では原発と人間は共存できないことを学びました。よって、原子力について、再稼働、運転延長、新増設をやめる方針をエネルギー基本計画に盛り込むこと。既存の原発も期限を定めて廃止すること。",2024-12-17,2024-11-29,2024-12-13
926,067,60代,"２、化石燃料の輸入で毎年海外に数十兆円を流出しています。よって、その費用を再生可能エネルギーにシフトするための費用に転換すること。火力発電の新増設をやめる方針をエネル
ギー基本計画に盛り込むこと。
３、近年中に脱炭素社会を構築しなければならない危機的状況にあります。よって、化石燃料関連の新技術（水素、アンモニア、CCS等）に頼りすぎないことをエネルギー基本計画に盛り込むこと。",2024-12-17,2024-11-29,2024-12-13
927,067,60代,"CO2削減は勿論推進しなくてはなりませんが
だからといって 核廃棄物が際限なく溜まっていく原発は これまた絶対困ります。後の世代にどれほどの負の遺産を残すか人間の知恵では測りきれないと思います。
また 最近 自然エネルギーを増やすというので 太陽光パネルが激増していますが 山林などCO2を吸収してくれるものを破壊してパネルを置くという問題をしばしば耳にします。全くおかしな話ですが 要は 儲かると踏んだ人々の所業でしょう。
あるところで聞いたところでは これらについて国は 自治体任せだからこういうことになるとのことでした。
緑を増やしていかなくてはならない時代に全く逆行しています。(神宮外苑の開発も然り)国がきちんとした指針を示して欲しいです。
極端な例として釧路湿原に大量の太陽光パネルという信じ難い事態になっていると聞きしかも それを推進したのがなんと 元環境大臣の小泉氏というのだから 驚きです。一体何を考えているのか？
日本は環境意識の極めて低い国と思われても仕方ないと思います。",2024-12-17,2024-11-29,2024-12-13
928,067,80代以上,"原発はその核エネルギーの3分の２を熱として排出しています。それ故に、原発を造る場合は、必ず、漁業権を確保しています。海水温が上がるので、いつもの魚がいなくなるからで
す。CO2を出さなくても熱を出している核エネルギーの3分の２を熱として排出しているのに、温暖化に関与していないなんて、ウソが罷り通っています。マスコミは何故この事実を隠すのですか？ネットで調べればすぐ分かることです。原発は、温暖化を促進します。原発は、止めましょう。子々孫々の為にも。",2024-12-17,2024-11-29,2024-12-13
929,067,30代,"・パリ協定の1.5℃目標を実現できるように、気候変動対策を強化してください。そのためには、省エネルギーを推進すると同時に、化石燃料への依存から脱却し、再生可能エネルギーの割合を大幅に増やすことが必要だと考えます。
・一方で原子力発電に関しては、利用を可能な限り減らしていき、将来的にはゼロを目指すべきだと考えます。近い未来に必ず大地震が発生する日本で原発に頼るのはあまりにも危険で す。気候変動対策は非常に重要ですが、原発ははじめから選択肢に入れるべきではないと思います。リスクの大きすぎる原発ではなく、再生可能エネルギーの推進に注力してください。
・エネルギー政策を決めるための議論の場に、市民や若者がもっと参加できるようにしてください。再エネ事業者、市民団体、環境団体、気候科学者など、さまざまな立場の人々から広く意見を募り、政策に反映してください。
・人間を含めたあらゆる生き物が今後も健やかに生きていける環境を守るためには、私たちみんなが今すぐ行動を変える必要があります。どうか、その指針となるような政策を作ってくださいますようお願いいたします。",2024-12-17,2024-11-29,2024-12-13
930,067,50代,原発は建設費や維持費にコストがかかり、CO2の排出も問題です。東日本大震災の悲劇、未だに解決していない問題が山積みの原発はいらない。地震大国の日本で原発を使い続けることを早くやめて欲しい。それを再生可能エネルギーにシフトするべきです。,2024-12-17,2024-11-29,2024-12-13
931,067,60代,"電気料金が高騰すると国民は困窮し、工業は衰退します。 EUは国際競争力の維持と国民生活の安定性を脱炭素より優先させる指針を２０２４年に打ち出しました。
当面、再エネ比率は３０%以下に抑制すべき。
それが３０%を超えると系統統合費用が加速度的に上昇し、電気料金が高騰する可能性が高いです。
２０２３年に再エネ比率５０%を超えたドイツとカルフォルニア州は電気料金が短期間で高騰。
ドイツは２０２２年に再エネ賦課金廃止しましたが、２０２１～２０２４年の４年間で電気料金が約１．４倍に高騰し、その影響で製造業PMIが２年以上に渡りマイナスで構造不況に突
入。
また、カルフォルニア州は２０２２～２０２４年の３年間で電気料金が約１．５倍に高騰し、再エネ推進が社会問題化しています。
英国は２０２４年で再エネ比率４４%ですが、新造原発建設費を電気料金に上乗せした為、３年間で約１．４倍に高騰。英国は第２のドイツになると揶揄されています。
再エネ比率３０％、４０％、５０%となった際に、どれだけ電気料金が上昇するかを国民に提示し、国民合意形成してから再エネ推進すべきです。",2024-12-17,2024-11-29,2024-12-13
932,067,,"「第7次エネルギー基本計画」策定に向けた意見 2024年12月13日
一般社団法人 北海道再生可能エネルギー振興機構
一般社団法人北海道再生可能エネルギー振興機構は北海道内への再生可能エネルギー（以下、再エネ）普及の支援を目的としており、道内全179自治体のうち59の自治体会員と、合わせて 28の企業と個人会員が参加している会員組織です。
１．国際会議における目標設定に沿うような野心的な再エネ導入目標の設定を
再エネはエネルギーの安全保障と安定供給、コスト低減に貢献するため、世界では再エネを国の戦略として脱炭素化の中心に据える国が増えています。日本においても、第6次エネル
ギー基本計画で掲げられた「再エネの主力電源化」を徹底し、再エネ最優先の原則で取り組む事が必要です。
2022年6月のG7では2035年までに電力部門の完全又は大部分の脱炭素化を合意しており、昨年11月のCOP28では1.5度目標の達成に向けて、2030年までに世界の再エネ設備容量を3倍に し、エネルギー効率改善率を2倍にすることが約束されています。日本においてもこの目標と整合するよう、野心的な目標設定を明らかにする必要があります。
２．蓄電池・送電線の増強を早急に
日本の2050年脱炭素の鍵となる北海道の再エネポテンシャルを活かすため、再エネ電力を大量に供給できる環境を早急に整備する事が必要です。需要側及び系統側での蓄電池の大量導入により太陽光発電・風力発電の余剰電力の有効活用が促進されるとともに、系統安定化に寄与する調整力としての対応が期待される事から、国による更なる支援が必要です。さらに、再エネの地産地消ができるような地域内送電線の整備や、豊富な北海道の再エネ電力を本州へ送電して広域運用する為の地域間連系線を迅速に増強する必要があります。
３．再エネ事業による地域の受益者の増加を
地域との共生のためには事業規律強化が必要とありますが、再エネ事業による利益が地域の人々にもたらされる事によって、地域理解や共生を促進することも大変重要です。
再エネ設備の導入に際して市民出資の活用など近隣住民等を対象とした有利となる投資システムを創出することで、経済的な恩恵がもたらされるとともに、地域と連携した再エネ設備の構築を推進することができます。地方公共団体では再エネ事業が地域に裨益するものとなるようなガイドラインや条例をつくることにより、建設業務等への地域事業者の参入や従業員の雇用、売電収入からの寄付金の拠出、地域からの出資の受け入れを求めることができ、地域と協調した再エネ設備の導入を進めることができます。生産コスト高騰により戸数が減少している酪農・畜産業では、家畜ふん尿を活用したバイオガス発電が進む事で経営コスト削減の他、臭気低減や自然環境保全にも寄与する事ができます。再エネの地域理解・共生を進める為には、こうした再エネによる受益者を抜本的に増やす仕組みづくりが重要です。
また、再エネ電力の地産地消を進める事で地域外へのエネルギー支出が抑えられ、地域内でお金が循環することにより地域活性化につながります。このようなエネルギーと経済の地域循環の仕組みづくりに対する積極的な支援が必要です。
４．地域の声を政策策定の議論の場に
総合資源エネルギー調査会 基本政策分科会において地方公共団体からの委員は福井県知事1名のみです。ヒアリングにより需要家や若者団体の声を取り上げておりますが、地域の脱炭素化を進める地方公共団体や地域に根差した発電・小売事業者や団体等、分散型電源である再エネを地域活性化につなげるよう取り組んでいる当事者の声についても議論の場で取り上げる事が重要です。",2024-12-17,2024-11-29,2024-12-13
933,067,40代,"12/12送信時に書き忘れていたが、広報という名の政策操作プロパガンダは見透かされていると心得られたい。
経団連が柏崎刈羽原発視察⇒原発再稼働を貴省庁に要請という報道は、オールドメディアの記
者クラブ連中を操った結果だとすぐそこが割れる。
最新型原子力リプレース推進議員連盟とやらは、
原子力ムラの現状を体現化していて興味深かった。",2024-12-17,2024-11-29,2024-12-13
934,067,,GX投資のなかに原子力投資が含まれていますが、原子力の推進ではなく、原発の廃炉に優先的にお金を費やすべきだと思います。原発の依存度を最小限に減らす方向性を探ってほしいで す。,2024-12-17,2024-11-29,2024-12-13
935,068,80代以上,"１．日本のエネルギー基本政策を策定するとき、地震・津波への対応はもちろんですが、現在の世界情勢から戦時対応もポイントではないかと考えます。そのような視点から考えると、火力・原子力は拠点型の設備でミサイル等の攻撃に対し脆弱です。火力は石油、天然ガスを海外に依存しています。一方再エネの太陽光・風力等は分散型で全体の被害は小さくでき、エネルギーの源は国内調達です。防衛力強化のため考慮すべき点ではないかと考えます。
２．原子力発電は、いまだ核燃料サイクル、核のゴミ処分場の目処が立たず、近い将来原発周辺、青森県は高濃度放射能汚染物質で立ち入りできない土地が拡大されていきます。これらの近くの住民は、地震・津波におびえながら暮らさなければなりません。悲劇はこれらの危険性の認識が薄く、原発を推進する人々が説明する対策で安全が確保されていると勘違いしている人々が多数いることです。規制委員会も、考えられる対策を講じてはいるが、安全を保証はしているわけではないと明言しています。
３．１項、２項の観点からも、現在の「可能な限り原発依存度を低減する」方策は堅持すべきと考えます。そして原発関連の新技術及び新増設にかかわる投資を、自然エネルギーの拡大に振り当てるべきと考えます。
以上",2024-12-25,2024-12-14,2024-12-23
936,068,70代,"12月12日の新聞に，“原発依存「低減」削除へ 次期エネルギー計画案”とあり，経産省が近く計画案をまとめるという．疑義があり意見を提出する．それは，原発依存を継続しつづけた先にやってくる大問題が殆ど具体的に考慮・検討されていないことである．
原発事故の可能性や核のごみの増殖等の心配事（要は未完成な原発システムの利用の問題）があることは周知のことである．更には東電の原発事故の賠償費やデブリ等廃炉費，除染等費用が膨らみ続けていること，未完成故に新たに必要とされるであろう事故対策・テロ対策等の費用，高騰したと言われる原発建設費およびそれら原発を含めた廃炉費用などが十分に賄えない時，今後の税金および電気料金として追加徴収されることを否定できない．現状でも，原発の電気を使っていない家庭からも，“東電の事故以前から原子力損害の賠償のために備えておくべきであった”不足分を賠償負担金（約40年間，東電は0.09円/kWh）が，“原発依存度の低減というエネルギー政策の基本方針の下、円滑な早期廃炉（40年未満の廃炉を指すと思われ る）を促すために”廃炉円滑化負担金（期間は不明，東電は0.07円/kWh）が託送料金の一部として万遍なく国民から徴収されている．誰にでも将来どういうことになるかはおおよそ想像できよう．こんな状況では何を根拠に新たな負担金が増えるのか，分かったものではない．等々検討すべきことが多々あるはずである．なお，「原発依存度低減」の方針に基づき，想定よりも早期に廃炉する場合ということで導入された廃炉円滑化負担金なので，40年以上運転予定の原発は対象外となり，「原発を最大限活用」と方針転換するなら廃炉円滑化負担金そのものが即刻廃止されねばなるまい．
兎にも角にも十分な検討の痕跡も見られない状況で，単に「原発を最大限活用」とするな ど，到底先進国がすることとは思えないと，強く申し上げたい．原発１基をつくることは火発 1基をつくることとは雲泥の差があることに気付くべきである．ゆめゆめ軽んずべからず．
火発ならつくってもいいと言っているのではない．他の国のように，何とかして自然エネルギー100%を目指してほしいと願っている．これからもずっと続く“資源なし国”の身の丈にふさわしく，そしてどの国よりも先に自然エネルギー比率100%を，万難を排して構築することこそが技術国日本（あまり使いたくない言葉ではあるが）であり，世界の先頭に立って持続可能な世界に導いてほしいと思う．今回の基本計画ではそういう明確な姿勢を示す最後の機会ではなかったのか．「意見箱」に書かれた多くの国民の声をもう一度読み返してほしい．",2024-12-25,2024-12-14,2024-12-23
937,068,70代,"７次エネルギー基本計画について下記意見を重点項目として申し述べます。
・2035年NDCが60%削減（2013年度比）では1.5℃目標に整合しない
・原発新増設の書き込み、原発依存度低減の削除は許されない
・原発建設費用の新たな消費者負担制度（RABモデルなど）に反対
とりわけ、原発のリスクを脱炭素電源というあいまいな言葉であやふやにしてはならない。過酷事故リスクは絶対に避けなければならない。また、寿命延長と老巧化を前提とすると稼働低下に電力システム自体の安定性や価格に大きなリスクを持ち込む。加えて、気候変動による温度上昇や海面上昇と地震の複合災害の事態も想定していないのではないか。
戦艦大和・武蔵、人間魚雷といったもので、近代化された戦争に向おうとしたような過去の思考ととても似ている。すでに、先進各国のみならず新興各国でもエネルギーシステムの最新技術を劇的に進化させているのではないか。これらの国々はテクノロジーや社会システムの最適化で迅速かつ確実に実現可能と確信しているように思えてならない。",2024-12-25,2024-12-14,2024-12-23
938,068,30代,"使用済み核燃料の地層処分はガラス固化体を
地下数百メートルのところに埋めそれを地表の放射線量を測定し他地域と放射線量の優位差がないことを示れば何の問題もありません。
そもそも北海道の鈴木知事などは何一つ科学的なことを理解せずに反対ありきの人ですのでこれは経産省などが説得しにいくべきです。
彼のイデオロギーのせいで全く処分が進まなくなる恐れが高いです。",2024-12-25,2024-12-14,2024-12-23
939,068,60代,ゴミの管理に10万年以上かかる、原発は早く停止してから、ゴミの量を把握してから、処理を検討するべきだと考えます。海水の中のマイクロプラスチックの浄化、除去する技術や、海水の淡水化装置など、同時に出来ないか？今あるプラスチックのアップサイクルを発電に繋げるなど、もっと発電技術の多様化を進めて欲しい。マクロ発電の推進を望みます。,2024-12-25,2024-12-14,2024-12-23
940,068,70代,"原発比率は軽減すべき。原発依存をできるだけ軽減する記述は残すべきである。原発の電力単価は液化ガスより安いと、数字がでた。CO2をださないというが、原発は建設の際、CO2の排出量は多い。建設費は高騰し、立地治体への支援金、廃棄物の処理費用をふくめると、単価は産出された額では収まらず、高額になる。
地震大国日本での、原発はリスクが高すぎる。原発大国仏は地震がほとんど起こらない。日本の場合、万が一の避難も、計画はずさんである。無理筋を通している。原発が1台も稼働しなかった年、電力は足りた。今年、夏、節電要請はなかった。未練たらしくしないで、自然エネルギ―にシフトすれば足りよう。
原発事故を起こした日本が原発にしがみついているのは、非合理的のそしりを受けて当然であろう。",2024-12-25,2024-12-14,2024-12-23
941,068,40代,"以下のことを要望します。 1.自然エネルギーの主流化
自然エネルギー導入規模について、大幅な引き上げをお願いします。ベースロード電源に執着せず、需要側や送電調整の整備を積極的に進め、自然エネルギーを中心にした社会への早急な移行を求めます。
2.石炭火力フェーズアウト時期・計画の明確化
アンモニア・水素混焼のような費用的にも技術的にも効果的にも課題ばかりの選択肢に固執すること無く、早急な炭素削減を最優先に掲げ、石炭火力廃止の計画を明示してください。
2.脱原発路線の維持、促進
原発の行き詰まりは明らかです。子供の世代に廃棄物と課題を押し付けることなく、速やかな脱原発を求めます。私は家の隣に原発や放射性廃棄物置き場を作られるのは嫌です。みんなそうだと思います。そんなものはあるべきではない。地震大国でもあり、また臨海部は長期的には海面上昇の影響も受けます。目をそらすのをやめて、撤退を真面目に考えてください。
4.公正な移行
既存産業に対して、新規産業への移行支援など生活を維持できる支援策をお願いします。",2024-12-25,2024-12-14,2024-12-23
942,068,70代,原発即時停止、順次廃炉・撤去,2024-12-25,2024-12-14,2024-12-23
943,068,30代,報道によれば、「原発依存度の低減」を削除する方向とのことですが、脱原発は自民党の方針だったはずです。事故リスクがあり、事故がなくとも廃棄物処理の問題が解決しておらず、非常に高コストな原子力の依存度を下げて、かわりに省エネルギーと再生可能エネルギーを拡充させるべきです。省エネルギーは国民負担の低減にもなりますし、再エネの拡充によって国内のクリーンエネルギー産業を育成すれば、雇用改善、日本企業の国際競争力の強化にもつながります。,2024-12-25,2024-12-14,2024-12-23
944,068,70代,"私は、地球温暖化の進行に、1995年ごろから心配をし、世界の動き、日本の動きに関心を持ってきました。その中で、EUの国々の動きに、希望を持ち、世界の流れに期待しているところですが、それに引き換え、日本政府の出す計画には、いつもがっかりし、本当に情けない思いをしています。
ここ2-3年の地球温暖化を原因とする世界各地の自然災害、日本の夏の耐え難い暑さなど、身近に地球温暖化を不安に思う人は増えています。しかし、日本はマスコミの報道も偏り、関心を持たせないようにしていると言えるほどです。もっと正確な報道が必要ではと日頃から感じています。
例えば、お天気予報では、持ち物や着るもののアドバイスを知らせていますが、そんなことではなく、世界の気象情報、気象災害、その原因、仕組みをどんどん知らせるべきです。日本人は着る服まで指示待ちに、物を考えないようされているのではないかと思うほどです。とんでもない状況です。
2024年から2030年までに、平均気温が1.5℃を上回ろうとしているこの重要な時期に、今回の第7次エネルギー基本計画は、あまりにも能天気な計画としか言えません。COP29でも大化石賞を日本はもらって当然の認識だと思います。
原発、化石燃料を無くし、安全で国内の再生可能エネルギーで１００％自給できるにも拘わらず、なぜ、外国からＣO2を排出しながら調達し、エネルギー生産でもCO2を排出するエネル
ギーを選択するのか、理解しがたいです。原発は人類と共存することは不可能であり、費用的にも、国民を巻き込む、莫大な費用を必要とします。民間でなく、国民、税金を使ってのエネルギー供給はあり得ない話です。もう止めてください。
また、新たな技術として水素や、核融合を言われていますが、今、頼るべきは、既に普及している安価で安全な再生可能エネルギーであり、安価で、安全で確実な再生可能エネルギーを普及すべきと考えます。再生可能エネルギーは既に当たり前のエネルギーです。
世界・日本の未来は、自然のエネルギーを活用する、安全で快適な社会です。原発や、化石燃料には未来はありません！
第７次基本計画は「基本」から見直してください。このままでは、世界の動きに足を引っ張り、日本の未来も悲惨なものであると言えます。
未来に生きる人たちのためにも、今を生きる私たちは、責任を果たすべきと考えます。見直しを切にお願いいたします。",2024-12-25,2024-12-14,2024-12-23
945,068,80代以上,"エネルギー基本計画の素案を新聞で読みました。福島原発事故の後ずっと原発は可能な限り低減と言っていたのを原発推進に切り替え脱炭素のためと新規の原発を作ることまで考えているようですがとんでのありません。原発はＣO2削減の役には立ちません。そして安くも安全でもありません。活断層に囲まれた日本列島に原発は無理です。
それに原発を動かすことによって何十万年も保管しなければならない核のゴミが生まれます。日本には地層処分出来る場所はないと科学者も言っています。再処理工場は破綻しています。原発を動かすことにより被ばく労働者が生まれることはご存知ですか？
誰かの犠牲による発電はやめるべきです。
審議委員会に原発のことをよく理解している委員をもっと入れるべきです。ＡIデーターセンターなどが出来て電力需要が増えると言いますが、節電が進めば電力需要はそれほど増えないと聞いています。再生可能エネルギーをもっと増やすことを考えて原発は廃止の方向に行くべきです。",2024-12-25,2024-12-14,2024-12-23
946,068,70代,2011年3月11日の福島第一原発の事故以来、まだ、事故の後始末も出来ていないし、町民や避難者も、安心して故郷に帰れない状況にあるにも関わらず、また、原発を増加し運転を行うと言う方針変化は許すことは出来ません。廃炉作業が全くの手付かずの状況で原発を動かすというのは、付けを次の世代に残すことになります。また、気候温暖化防止のために原発が必要だとは思えません。地球沸騰化による温暖化のために、地球上の命を滅亡させるのか！それとも原発事故による放射能廃棄物による被爆による地球上の命を滅亡させるのか！という選択しかされていません。今こそ、再エネ100%を実施し、自然エネルギーの拡大に予算を使うべき時です。化石燃料も廃止すべきです。日本の将来設計は、世界の流れから逆行しています。今すぐ転換すべきです。,2024-12-25,2024-12-14,2024-12-23
947,068,30代,第6次エネルギー基本計画では、「政策立案プロセスの透明化と双方向コミュニケーションの充実」が掲げられていました（p.127）。しかし第7次エネルギー基本計画や日本のNDCについての議論において、一般国民から意見を届ける方法は現在のところこの意見箱に限られてお り、提出した意見がどのように活かされているのかも不明です。エネルギー政策を議論する審議会の委員の構成が、化石燃料産業や原子力産業の立場を代表する委員に偏っており、エネルギー需要側の企業や、環境・気候変動対策の専門家やNGOなどを代表する意見が反映されにくいのも問題だと思います。若い世代の声も含め、より多様で幅広い国民の意見を取り入れられるような政策立案プロセスの実現を求めます。,2024-12-25,2024-12-14,2024-12-23
948,068,40代,"エネルギー基本計画の素案を拝見して、日本国民として不安と失望を感じています。再エネ導入率の低さ、原発の再利用についてです。
化石燃料の利用により増大する輸入コスト、そして温室効果ガスについて見直すべきです。パリ協定に見合った対策をどうかお考え下さい。 2030年までに2013年度比で81%以上の温室効果ガス削減目標を。",2024-12-25,2024-12-14,2024-12-23
949,068,70代,"以下を考えれば、第７次エネルギー基本計画に「可能な限り依存度を低減する」を残すべきことは明らかです。
〇RABモデル導入反対の院内集会が明らかにしたエネ計検討の矛盾と経産省の曖昧対応
１１月２１日の院内集会で、「巨額の原発新増設コストを国民からこっそり徴収する新たな制度（RABモデル）の導入をやめてください」の署名約２５０００筆を経産省に提出し、エネ計の検討状況を問うたが、経産省は「具体的な制度はこれから」と逃げるばかり。
集会では、大島堅一さんが、原子力産業は衰退の一途、長期脱炭素電源オークションが巨額の資金を原発／火力に与える、RABモデルは原発を対象にした総括原価方式の改悪バージョン、原発のコストは高いことを、明日香壽川さんが「データセンターで電力需要急増」と「それ故の原発推進」の間違いを、松久保肇さんが原発再稼動による電力料金値下げ効果が乏しいことを、指摘した。
〇橘川武郎さんの「原発脳からの脱却を」（朝日新聞から）
１１月２８日の朝日新聞報道＜「言いたいことが山ほどある」元名物委員、エネルギー政策への注文＞（有料記事）が興味深いので掻い摘んで紹介する。
・原発比率は高すぎ、再エネ比率は低すぎ第6次エネルギー基本計画の2030年に原発が２０～
２２％は実現不可能、再エネは主力化と言いながら電源構成数値を上げなかった。今検討中の 40年に原発２５～３０％も最も現実離れしており『野心的』というよりも『空想的』
・「電気が足りない＝原発が必要」と考えてしまうのが間違いでこれが『原発脳』。電気が足りないのならまずは再エネの拡大でまかなうべき。
・電気の需要が本当に増え続けるのか精査すべき 光電融合など省エネ技術が期待でき、需要が減っていく可能性あり。
・再エネが高いと思っているのは日本だけ 海外では『安いから』再エネをやっている
・日本には再エネ拡大の伸び代がある 地域住民や漁業者に株主として参加してもらい、共存共栄で地方創成にもつながる。
・国民をバカにするな 国民は福島の事故の経験や避難と実効性、高レベル放射性廃棄物など様々な問題を分かっている。
・経産省は圧倒的多数が原発推進派である委員構成を直ちに見直すべきだ。
〇共同声明 新規原子力発電の未来（プレスリリース） 環境エネルギー政策研究所原子力は衰退の一途
電力生産に占める原子力の割合 1996年１７．５％ ＝＞ 2023年９．２％小型モジュール炉
（SMR)は何年も先
大型原子炉と同じくらい高価で、安全性・セキュリティ・廃棄物の問題も同じ 2023年米国ニュースケール社のSMR設計破綻、最近に仏国EDF社がSMR開発断念大型原子力発電の建設実績は遅延とコスト上昇で過去最悪の記録
大量発注すればコスト削減と考えている様だが、今後も成功しないだろう。
それでも、英国政府はEPR（欧州加圧水型炉）設計であと２基建設努力、フランスではEPRの設計を改良した新型炉計画
原子力の老朽化
世界の既設原子力発電は老朽化している
米国で稼動中の約半数が40年超え、生き残れるのは多額の公的補助金による
フランスでは老朽化原子炉の安全性向上の為にEDFが1000憶ユーロの請求に直面原子力と再生可能エネルギー
原子炉は巨額の公的補助金なしには存続できない
原子力の1キロワット時のコストは再生可能エネルギーのコストの数倍
新規原子力発電所の計画、規制、建設には、たった一基の発電所建設に17年もかかるエネルギー転換
2023年には再生可能エネルギーによる新規電力供給量は５０７ギガワット（GW)で、世界の発電容量増加の８６％を占め、
再生可能エネルギーによる総発電容量は３８７０GWで全体の４３．２％
原子力発電はせいぜい1年間に自然エネルギーが数日ごとに追加するのと同程度の追加新規原子力発電が停滞、再生可能エネルギーが急増
気候変動とエネルギー危機に対して、原子力発電はあまりにもコストが高く遅すぎる
原発は、より大きくより長くより突発的ではるかに予測不可能な故障を起こすため、より多くの、よりコストのかかるサポートを必要とする 2022年にフランスの原子炉の半分が安全上の欠陥で停止
風力発電や太陽光発電の変動性は、変動する需要に合わせて出力を調整し、常に安定した電力を供給することができ、進化する柔軟な電力網により簡単に統合できる。
新規原子力発電には、運用上の必要性もビジネスケースもないまとめ
将来の世界の電力供給の基幹は、クリーンで、環境に優しく、安全で、費用対効果の高い再生可能エネルギーになるだろう。原子力はそのどれにも該当しない。
以上",2024-12-25,2024-12-14,2024-12-23
950,068,70代,"エネルギー基本政策立案に際し、原発再稼働に反対します。さらに新規原発建設などもってのほかです。
理由は、13年前と同じく、原発廃棄物の処理方法がないからです。核燃料サイクルという方法は、すでにムリなことが明確になっており、一刻も早く税金のムダ遣いを止めるべきです。 自然エネルギーの活用にもっともっと力を入れ、将来の子どもたちのためにも、日本のエネルギーの今後のためにも、さらに原発以外の手段で世界人類を気候危機から守るべき政策に転換すべきです。
原発事故から13年たっても復興できない福島の災害の教訓を学ぶべきです。",2024-12-25,2024-12-14,2024-12-23
951,068,60代,"エネルギーは、原発によらない自然エネルギーを推進してください。
あの福島原発事故を体験し、まだ収束もできていない。原発は一旦事故になったら甚大な被害になる。事故はゼロにはできない。等が理由です。
電気は住宅や学校、官公庁の建物の断熱化推進し、エコ家電へ交換。節電の啓発で節電できます。
原発を再度動かそうというのは絶対やめてください。",2024-12-25,2024-12-14,2024-12-23
952,068,60代,"私は第７次エネルギー計画において、原子力の利用を逓減するという文言を削除したことに厳重に抗議し、今後の日本のエネルギー供給において、原子力発電を利用することに断固反対します。以下理由と要望です。
１，原子力はCO2を出さないという嘘を国民に刷り込むのをいい加減にやめてください。資源を海外に依存し、ウランを掘るときも、運ぶ時も、CO2を排出することは子どもでもわかる事実です。
２，地震国日本では原発の稼働は不可能です。いい加減に、国民の
命を本気で守ってください。自分の親族が原発のそばに住んでいたらという想像力はないのでしょうか。自分たちは大災害の時に地下シェルターに逃げこみ、永遠に無事だとでも？ここでいう自分たちとは官・業・学・すべての原子力の利権を守ろうとする原子力村の面々です。
３，原発は、放射能という、人間が統御出来ないエネルギー源に依るものです。福島事故のはるか前から、放射能汚染によって命を落とされ、また、放射能による疾病によって命を落とされた方々が大勢いることを、知っています。多くの人にも報せていくようにしています。
また、直近では、避難者を「自主」と勝手にくくることによって、
避難住宅から追い出し、あろうことか未納の家賃分を損賠請求するなど、国家の行うことで しょうか。福島事故の際に幼少で、青春時代のすべてを避難とともに送ってきた国民の、心の被害、そうしたことを原発を推進しようとする政府、役人、利害関係者は考えたこともないのでしょうか。想像力という能力が全く欠如しているとしか思えません。
４，今後の日本において、データセンター、半導体工場などのＩＴ産業が日本の経済の起死回生だ、そのためには膨大な電力が必要だから原発だ、この短絡的な「うそ」をやめてくださ い。この「うそ」の実態も、国民の多くは知りつつあります。
２０１０年を起点とし,２０５０年までに、仮に最大の電力需要を見込んだ場合でも、年率では０．３％程度の増としかならないことを、電力中央研究所も試算しています。さらに企業はイノベーションにしのぎをけずり、省エネはますます進みます。こうした事実もさほど難しいことではなく、専門家の分析が、徐々に広く国民に浸透されつつあります。
また、原子力は作る、修理する、動かすこと、すべてにおいて、一番の金食い虫です。究極的に、誰のお金を使うのでしょう。国民に、電力代として、またもやしれーーと負担させ続けるつもりですか。
以上、書き出せばきりがありませんが、福島事故以前から、一ボランティアとして、廃原発運動に携わってきた人間として、一番お伝えし、お願いしたいのは、
政府自民党さん、原発稼働を進めようとしている皆さん、どうか国民に「うそをつかないでください」ということです。原発は、安全でも、Ｃｏ２を出さないクリーンエネルギーでもありません。
そして一番お願いしたいのは、
どうか、どうか、「私たち国民の命を、本気で守ってください」ということです。
石破首相に置かれましては、首相就任前の言説を色々と変節なさっていますが、原発政策においてもしかりです。これは永遠の変節となるのか、それとも暫時ご自分の良心にしたがった政策に舵を切ることができる実力をお持ちであるのか、私たち国民は注視していきます。
そして最後に、国民を「あなどるべからず」ということをお伝え致します。",2024-12-25,2024-12-14,2024-12-23
953,068,40代,今回のエネ基と密接に関わるNDCの案は、報道でも指摘されているが、「シナリオありき」となっている。このようなプロセス自体、大きな問題である。内容も不十分である。今求められているエネルギー政策は、化石燃料からの脱却と再エネの３倍増である。,2024-12-25,2024-12-14,2024-12-23
954,068,40代,"次期エネルギー基本計画において、「需要側の省エネ・非化石転換」として運輸部門の脱炭素化について取り上げていただくことは歓迎します。
運輸部門の脱炭素化においては、内燃機関自動車の燃料の脱炭素化が非常に重要だと考えています。
第6次エネルギー基本計画においては、「燃料の脱炭素化を図っていくことも必要であり、既存の燃料インフラや内燃機関等の設備を利用可能なバイオ燃料や合成燃料等の選択肢を追求していくことも重要
である。バイオエタノールやバイオディーゼルについては、引き続き、国際的な導入動向等を踏まえ導入の在り方を検討していく。」と記載されています。難しい課題があるのは理解していますが、次期エネルギー基本計画においては、さらに踏み込んだ記載を期待します。
その理由は、以下のとおりです。
１ 既存のディーゼル車のうち、特に貨物運送用トラックについては耐用年数も長いことか ら、事業者も既存車を長期に渡って使用することが想定されています。特に運送事業者は数も多く、経営規模も様々であり、一気に既存車／新設車含めあらゆるトラックを脱炭素車に置き換えることは難しい場面も多いものと存じます。すなわち、新規販売車の脱炭素化を掲げるのみでは限界があり、既存車についても脱炭素化を図るためにも、燃料自体の脱炭素化こそが非常に重要でありますので、貴庁においてこれを推進されることを期待します。
２ HVO再生可能ディーゼルはドロップイン燃料でありますので、既存のインフラ、すでに存在しているディーゼル車にそのまま利用することができます。仮に、使用済み食用油を含むさまざまな廃棄物、残留物、再生可能原料から作られるHVO100を利用すれば、従来の化石燃料 ディーゼルと比べ、油井から車輪まで（採掘から走行消費まで）のCO2排出量を最大90％削減することができます。
３ 航空燃料については、2030年までに10％相当のSAFの使用義務化が議論されており、国内石油会社においてもSAF製造プロジェクトが進んでいると認識していますが、HVO再生可能
ディーゼルは、SAFの副産物として、必ず発生してしまうものであります。SAFの推進のためにも副産物であるHVO再生可能ディーゼルの使用方法を国の施策として進めていくことを期待しています。
４ ディーゼルについては、SAFのようにICAOといった国際組織を通じた国際協調を行っていくことはできず、基本的には国内問題に帰着すると考えています。そのため、他国の使用状況自体は、国内施策の決断の決定的な要素にはならないのだと理解しています。今後の方向性自体は、他国の使用状況とは別に、貴庁のご決断で、進めていただくことを期待します。
５ すでに、貴庁ににおいて、今後の脱炭素燃料政策小委員会でディーゼル車の脱炭素化について議論を開始することまでは方針として決まっていらっしゃると存じますので、かかる方向性を踏まえた上で、次期エネルギー基本計画において、HVO再生可能ディーゼルについて、従来のバイオディーゼル（FAME）と分けていただいた上で、こちらを推進いただけるよう、次期エネルギー基本計画への言及をいただくことを期待します。",2024-12-25,2024-12-14,2024-12-23
955,068,40代,"メガソーラーによる環境破壊が問題になり、全国的にソーラーに対する反対的な感情が増えてきています。風力発電もソーラーも、周辺住民の電気代の割引になるような還元策が必要だと思います。
また、適地の少なさがソーラーの拡大の足枷になっています。ソーラーのポテンシャルで最大である耕作放棄地を利用するための政策が弱いのが原因だと思います。
今はソーラーシェアリングが必要なのでなかなか利用が進んでいません。農地バンクと地域の再エネ事業者が連携して、農地再生が難しいところを思い切ってソーラー占有化したり、再生が可能なところでも利用者が決まるまで再移動ができるような形でソーラーを設置すること で、再エネの拡大と農家の所得の拡大の両立ができると思います。",2024-12-25,2024-12-14,2024-12-23
956,068,70代,"第7次エネルギー基本計画の策定にたいし、意見を述べさせていただきます。特に第6次エネルギー基本計画計画においては、福島原発事故を教訓に今後、原発の依存度を低減させていくとされていましたが、第7次エネルギー基本計画では、原発推進に転換させていくような表現があります。
福島原発の廃炉の目途もたっていない中で、原発依存度を高めていく表現は何としてもやめていただく存じます
さらにはCO2削減目標を現在の48％から少なくとも65％以上に引き上げるべきです。CO2大量排出の元凶である石炭火力発電を早期に廃止するよう求めます。最後に太陽光發出をはじめとした多様な自然エネルギーの活用を推進するよう具体的施策を計画に盛り込むよう求めます。",2024-12-25,2024-12-14,2024-12-23
957,068,10代以下,"神奈川県に住む学生です。今日、エネルギー基本計画の素案が発表されたというニュースを読み、気になる点が2点ありましたので、意見をお送りします。
①原発の「可能な限り依存度を低減する」という文言が削除されたことについて、削除するのではなく文言を残してください。原発事故は二度と繰り返してはいけない、重大な事故です。地震や災害の多い日本で、原発を使用し続けるのは危険だと思います。加えて、原発の核のゴミ問題に明確な解決策がないまま進めるのは、将来世代への負担を増やすだけでなく、地球環境にも大きな負の遺産を残してしまいます。
②化石燃料である火力発電の割合をもっと減らしてください。2050年までにカーボンニュートラルを実現するのに、2040年時点でCO2排出の多い火力が4割も残っているのは、本当にカーボンニュートラルが実現できるのか不安が大きいです。また、そもそもCO2の排出にかなりの割合を占めている化石燃料を使い続けるのは、1.5度目標に合致しない取り組みです。
火力、原子力を減らして、再生可能エネルギーの割合をより増やしてください。私の大学ではまだ再生可能エネルギーに転換ができていませんが、政府が目標を立て再エネへの動きを強めていけば、企業や学校、各家庭でも再エネを取り入れることができるようになります。気候変動が進めば、人々の生存権が侵害されるリスクが高まります。国は基本的人権である生存権を守るための政策を行うべきです。
どうか、市民の声を聞いて、先進国としての責務を果たした計画を立ててください。",2024-12-25,2024-12-14,2024-12-23
958,068,30代,"なぜライフサイクルアセスメントの考え方を再エネに用いないのか私には理解できません。 単に屋根にパネルを載せたり、風力発電を設置し蓄電池を利用したら環境に貢献したと環境省も勘違いしてますがレアメタルやレアアースを使いまくる電源が環境に良いわけがないです。しかも、その精錬、加工時の水質汚濁、資源枯渇、中国への依存度の高まりを考えても一体何のためにやってるのか理解不能な政策です。
この意見箱でも頭の悪い左翼が集結して的外れな再エネゴリ押しの意見を書いてますがこういう頭の悪い連中の意見を聞いても国益になりません。
そもそもドイツやデンマークが再エネを広げて電気代も上がり調整力もままならずに原子力比率の高い国から買ってきたりピークの時には出力が重なって他国に買い取ってもらわないと成り立たないほど自然変動性電源の問題点が明るみになってるのになぜ日本はいまだに危うい方向に進もうとするのでしょうか？
原子力と高効率火力、原子力由来とホワイト水素由来の水素エンジン発電にもっと投資をすべきではないのですか？
これ以上レアメタルを使いまくる蓄電池やら再エネに金をかけても国益にならないし電気代も跳ね上がる、停電リスクも上がることに気づくべきです。",2024-12-25,2024-12-14,2024-12-23
959,068,60代,原発は地震列島では敵地なし、廃絶,2024-12-25,2024-12-14,2024-12-23
960,068,,「第７次エネルギー基本計画」の原案では、原発を使い続ける方向が示されていますが、風 力・水力・地熱による１００％国産のエネルギーを実現させ、原発はすぐに全基、停止すべきです。核ゴミをこれ以上増やしてはなりません。,2024-12-25,2024-12-14,2024-12-23
961,068,70代,"原発建設，再稼働に強く反対します。
１. いったん事故があれば取り返しがつかない甚大な被害が出ます。
２. 日本はいつどこで大地震が起こるか分かりません。
３. 核廃棄物を２万年も保管するとは絵空事です。
過去２万年前から現在までにどれだけの大地震があったかを考えればはっきり分かります。
４. エネルギー基本計画の発電コスト検証資料「資料1」原子力発電コストに，２万年の廃棄物保管費用が含まれていますか。
見積困難は理由になりません。
５. 原発の設備利用率が７０%になっていますが，現実とかけ離れています。
６. 同検討資料の太陽光発電コストの幅が大きいのはなぜですか。
原発コストよりも太陽光発電コストが高いコストである結論を導き出すためではないですか。
７. 原発維持・新設の結論を導き出いためにデータを操作することはやめてください。",2024-12-25,2024-12-14,2024-12-23
962,068,20代,温暖化や豪雨など日本にいる誰もが異常気象を実感していると思います。その中で、エネル ギー開発を見直し再エネを増加させていくことは国民を守ることでもあり、人々が安心して暮らせることでもあると思います。将来に希望を持つために現状を見つめ直す必要が大いにあると思います！,2024-12-25,2024-12-14,2024-12-23
963,068,,"エネルギー基本計画策定に当たっての意見
2024年12月18日
一般社団法人 日本原子力産業協会
エネルギー基本計画が原子力関連企業の意思決定の根拠となるような明確な指針になることを希望し、以下の通り、意見を提出します。
【当協会の意見】
１．原子力の価値と必要性をエネルギー基本計画にも明記していただくと同時に「原子力への依存度低減」の記載を削除していただきたい。
２．規制当局を含む政府は、事業者の既設炉の早期再稼働、および稼働したプラントの長期サイクル運転、運転中保全の拡大、出力向上等の既設炉の最大限活用に適切な支援を行うことを明記していただきたい。
３．原子力発電の新規建設を前提に、原子力発電の新増設・リプレースの必要な容量と時間軸を示し、同一敷地内に限られた建設制限を解除していただきたい。
４．原子力発電所の追加安全対策や新規建設の投資回収の予見性を回復し、投資家が投資で き、事業者が資金を調達できる事業環境整備を早急に進める必要があることを明記していただきたい。
５．革新軽水炉にかかる規制整備の早期進展の必要性に鑑み、規制整備のスケジュールを示していただきたい。
６．原子力事業者が無過失・無限の賠償責任を集中して負うこととされている原子力損害賠償制度の見直しについて方向性を示していただきたい。
【意見の背景】 1.原子力にかかる国民理解の促進
原子力の価値と必要性をエネルギー基本計画にも明記していただくと同時に「原子力への依存度低減」の記載を削除していただきたい。
【背景】
・原子力発電は、温室効果ガスの排出量を削減し、エネルギーの安定供給、経済成長および産業競争力の維持・強化になくてはならないものです。こういった事実を国民としっかり共有 し、取組むことが必要です。
・2023年12月の国連気候変動枠組条約第28回締約国会議（COP28）の成果文書には、原子力発電が温室効果ガス排出削減の重要な手段として明記され、世界31か国が、地球温暖化防止のため、2050年に向けて世界の原子力発電設備容量を3倍に増加させる宣言に賛同しています。
・原子力基本法には、原子力発電を活用する目的として、脱炭素社会の実現や電気の安定供給の確保が記載されています。
・原子力発電は、運転経費に占める輸入相当分が約15%と為替レートの変動や地政学的影響を受けにくく、また、必要な設備や機器の9割以上が国産であり、国内経済の押し上げと雇用創出の大きな効果があります。
原子力発電の最大限の活用
規制当局を含む政府は、事業者の既設炉の早期再稼働、および稼働したプラントの長期サイクル運転、運転中保全の拡大、出力向上等の既設炉の最大限活用に適切な支援を行うことを明記していただきたい。
【背景】
・2022年度のわが国の温室効果ガス排出・吸収量は約10億8,500万トンです。原子力発電は、我が国の温室効果ガス排出削減を向上させる手段として最も即効性、経済性があり、技術的に確立された発電方式です。わが国は33基の既設原子炉を保有していますが、現在、稼働は13基にとどまっています。早期に最大限活用を実現する必要があります。
・米国ではオンライン・メンテナンスやリスク情報を活用したパフォーマンス・ベースの保全に取組んでおり、2019年から2023年の設備利用率の平均は92.9%です。一方、我が国において設備利用率が高かった5年間（1996年から2000年）の設備利用率の平均は81.6%で、仮に現存する33基の設備利用率が81.6%から米国並みの92.9%まで向上した場合、120万kW級の原子力発電プラント3基分を新設するのと同等の発電量やCO2削減効果が見込まれます。
カーボンニュートラルに必要な原子力発電の必要容量・時間軸の明記
原子力発電の新規建設を前提に、原子力発電の新増設・リプレースの必要な容量と時間軸を示し、同一敷地内に限られた建設制限を解除していただきたい。
【背景】
・半導体工場やデータセンターの増加、鉄鋼業や製紙パルプ業の脱炭素化、供給途絶が許されない医療、製薬をはじめとするライフラインの強靭化のニーズに対応するには安定した脱炭素電源である原子力が必要です。
・原子力発電所の運転期間は40年で、通常1回20年までの延長が可能と定められています。これによれば、原子力の設備容量は2040年までに358万kW、2050年までに1406万kWが減少すると報告されています。
電力システム改革で変化した資金調達および投資回収にかかる課題
原子力発電所の追加安全対策や新規建設の投資回収の予見性を回復し、投資家が投資で
き、事業者が資金を調達できる事業環境整備を早急に進める必要があることを明記していただきたい。
【背景】
・原子力発電所の建設には多額で長期間にわたる資金調達が必要ですが、2015年から実施されている電力市場の全面自由化では、そうした資金の電気料金による回収は保証されません。このような事業環境では、民間事業者が原子力発電所の追加安全対策工事や新規建設にかかる十分な資金を調達できない恐れがあります。
・長期脱炭素電源オークション制度については、政府の委員会で改善の必要を指摘する複数の専門家の証言や、委員意見が出されています。
・先行する海外事例では、自由化市場においても資金調達に関する政府の債務保証ならびに公的資金の投入が可能となった国が複数あります。英国ではRABモデルによる建設費と運転保守費などの回収を確実にする方法の導入が検討されています。RABモデル同様に、わが国においても、事業者に帰責性のない費用増加や変動は、定期的に見直され、適切に回収されることが必要です。資金調達にかかる不確実性を下げることは、資金調達コストの低下を通じて、電気料金の引き下げにもつながります。
革新軽水炉にかかる規制整備
革新軽水炉にかかる規制整備の早期進展の必要性に鑑み、規制整備のスケジュールを示していただきたい。
【背景】
・革新軽水炉の規制基準は、規制当局とプラントメーカー・事業者による対話を深め、必要な規制基準等の整備を十分に前もって進めることにより予見性を高め建設準備にかかる手戻り等を防ぐことが必要です。
・諸外国の事例によれば原子力発電所の建設費用増大の原因は建設期間の長期化にあります。官民の努力で建設にかかる不確実性を低減することで建設費用を抑制し、電気料金の軽減が期待できます。
原子力損害賠償制度の見直し
原子力事業者が無過失・無限の賠償責任を負うこととされている原子力損害賠償制度の見直しについて方向性を示していただきたい。
【背景】
・現行の原子力損害賠償制度は、被害者救済の観点から無過失無限責任となっており、原子力事業者にとって事業を進める上での予見性が十分ではなく、投資判断・ファイナンスにおけるネックになると懸念されます。
・民間で原子力事業に取り組んでいく我が国においては、適切な賠償を迅速に実施することを前提としつつ、原子力事業者の予見性が確保されることが必要です。
以上",2024-12-25,2024-12-14,2024-12-23
964,068,50代,"原子力発電所の建設、核のゴミ処理、廃炉等のコストを考えると
原子力発電の電気は決して安くは無いのでは？
フクイチを見るととんでもないマイナスだと思う。まあ止める気はないんだろうが。",2024-12-25,2024-12-14,2024-12-23
965,068,70代,"やはり，福島の方々の複雑な気持ちを新聞（12月18日）で読むと，原発回帰の国策に私も黙っていられなくなった．原発1基が事故を起こせばかなり広範囲で人が住めなくなることが分
かったし，未だ故郷に戻れない人が大勢いるのに原発推進に方針転換することが有りうるのであろうか．国土が狭いから太陽光パネルや風車の設置に限界があると経産省は言うが，そんな狭い国土の日本に何故原発を50基も60基も許可できたのか不思議である．いわゆる支離滅裂であり，ご都合主義ともいわれよう．そんな国のやることには反対こそすべきで，賛成などしてはいけないと，素直に納得できる．とても先進国のやることではないと思うし，そこには国民を納得させる姿勢はほとんど見られなく，ただ単に，こう考えてこうすると，封建時代の殿様の一方的通告があるだけのように思う（この意見箱に出された多くの意見が国によってどう扱われるかを見れば一目瞭然であろう）．それを承知で国のやることに静観している国民にも問題があるが，そんな土壌に胡坐をかいている国策立案者も許されるものではない．明らかにおかしなことが国の政策として行われようとしていて（既に様々行われてきたし，行われているのであるが），みんなが気づかないふりをせずに意見を述べるべきだと思う．それは政策立案者である官僚の皆さんも同じことである．あまりにもひどいことが行われていると思い，どうしてもそう言いたくなりました．",2024-12-25,2024-12-14,2024-12-23
966,068,70代,"第7次エネルギー基本計画という世界的にも大事な「気候沸騰化」時代の中の日本のエネル ギー基本路線を策定することについて、気候問題に長年取り組んでいるNGOや環境学者たちの意見を聞いて、政府は基本的な枠組みを判断すべきである。
然るに、日本政府は、製造業社などの一部のエネルギー関係企業の意見を多数聞く代わりに、自然エネルギー推進業者などの意見は殆ど聞かないし、NGOや専門学者の声を聞こうとしていない。
現在、自民党各派閥への企業献金が話題になっているが、この企業献金が日本のエネルギー問題、特に原発推進へと舵を切ったとすると、とんでもない方針の現れである、と言われても仕方ない。今すぐに、議論を0ベースにして、NGOや学者の声を入れるべきだ。原発の新設や石炭火力発電の増設など、とんでもない話である。ぜひ、世界の流れに歩調を合わせて、自然エネルギー100%目指す方向に転換すべきである。",2024-12-25,2024-12-14,2024-12-23
967,068,30代,"原発に関しては、新設や再稼働はやめてほしい。
段階的に減らしていっていずれはゼロにしてほしい。
エネルギー自給率が低い状況を打破するためにも、再エネの即時普及のための政策を実現してほしい。",2024-12-25,2024-12-14,2024-12-23
968,068,30代,再エネを増やしてほしいです。沖縄は電力会社が1つしかなく、再生エネルギーが選択できないと聞きました。再エネの選択肢がない地域は、選べるように選択肢を増やしてください。,2024-12-25,2024-12-14,2024-12-23
969,068,20代,エネルギー政策などを考える議会を開く際に、市民枠、学生枠、20代枠、30代枠、40代枠などを設けて、もっと市民の声が届くようにしてほしい。沖縄では以前そのシステムがある資料を見つけました。ぜひ復活させてほしいです。,2024-12-25,2024-12-14,2024-12-23
970,068,40代,"人間活動による地球温暖化は深刻です。
大きな原因の1つとなっているエネルギーを変革させることは、とても勇気のある立派なことだと思います。
ぜひ原発、化石燃料から、再生エネルギーへの移行をお願いします。わたしたちの屋根は空いています！",2024-12-25,2024-12-14,2024-12-23
971,068,50代,国のエネルギー政策を決める際に、沖縄をはじめとする南方の地方自治体や、原発を担っている自治体など、影響の大きいステークホルダーにあたる地域の代表の声を反映させてほしいです。中央で、業界筋の人たちが経済優先の決定をするのはもうやめてください。,2024-12-25,2024-12-14,2024-12-23
972,068,50代,避難計画も適当なのになぜ原発を増やそうとしているのか？原発を減らしてほしいです。,2024-12-25,2024-12-14,2024-12-23
973,068,40代,"エネルギー政策に関して議論・決定をするプロセスに、高齢者かつ男性ばかりが集っている現状は民主主義とは思えません。
若者や女性をもっと登用してください。
日本の未来の話をするのだから、ぜひ日本の未来に生きる人を積極的に話し合いの場に呼んでいただきたい、その選択をしていただきたいと強く思います。",2024-12-25,2024-12-14,2024-12-23
974,068,40代,"再エネ少なくとも90%、できれば100%を目指してください。原発は全て運転停止してください。
石炭火力発電は速やかに廃止してください。
断熱をはじめとした無理しなくてもできる省エネを周知してください。
上記は全て実現可能ですが、既存の考えにとらわれているひとが多数を占める今のエネ基の構成では理解することができないと思います。幅広い人の意見を聞いてください。",2024-12-25,2024-12-14,2024-12-23
975,068,70代,"気候変動対策に森林保全があります。
各地の森林を保全することが気候変動対策になります。",2024-12-25,2024-12-14,2024-12-23
976,068,40代,沖縄のような気候変動の強い影響を受けている地域の声を政治に反映して欲しい。,2024-12-25,2024-12-14,2024-12-23
977,068,30代,"私がエネルギー政策に関して特に求めるのは以下の４点です。
１．原発依存・火力依存を大幅に減らす
２．電源構成に占める再生可能エネルギーの割合を７割以上に
３．審議会に市民代表や女性や若者の声をちゃんと反映させる
４．沖縄など周縁化されやすい地域の人々の声に耳を傾ける",2024-12-25,2024-12-14,2024-12-23
978,068,50代,原発の再稼働、新設は停止して、段階的に0を目指してほしい。再エネ推進の政策、補助金を。,2024-12-25,2024-12-14,2024-12-23
979,068,20代,"原子力発電所をこれ以上増やさず、減らしていくこと、再生可能エネルギーを即時普及させることを、強く求めます。
市民の声に耳を傾け議論することに、向き合っていただきたいです。
未来に希望を持って日常生活を送れること、大切な人との時間を過ごせること、そんなささやかな幸せのための政治・政策を心から願っています。",2024-12-25,2024-12-14,2024-12-23
980,068,70代,"福島原発事故を忘れたのでしょうか？
未だに放射線量が高く帰宅できない場所があります。また甲状腺ガンなどで苦しんでいる人々がいることを知っているのでしょうか？
南海トラフはじめ、どこで大地震が起こっても不思議ではないこの地震国日本で、いつまた原発事故が起こるかもしれません。
福島の事故処理の計画も遅れています。果たして全てのデブリを取り出せるのでしょうか？取り出せたとしてもどこへ持って行くのでしょうか？使用済核燃料さえ行き場が決まっていないのに。地震国日本のどこに安全に保管てきる場所があると言うのでしょうか？
それにも関わらず、原発を動かして使用済み核燃料を増加させようとしています。
ドイツのように原発をやめて、再生可能エネルギーに舵をきってください。地震国日本で再び原発事故が起こる前に原発をやめてください。",2024-12-25,2024-12-14,2024-12-23
981,068,20代,これだけ世界中で気候災害が起きているのに、新技術を理由に火力発電を温存するなら、気候変動対策をやろうとしていないとしか考えられません。再エネのポテンシャルがあると環境省が出しているので、優先的に投資し、気候対策を強化すべきだと思います。「日本は世界全体の3%しか排出していないから」と言い訳をしている委員が見受けられますが、1人あたりの排出量では世界で上位ですし、少なくとも3%分は早急にゼロに近づけるべきです。,2024-12-25,2024-12-14,2024-12-23
982,068,70代,"第7次エネルギー基本計画（案）についての記事を見ての意見です．
（１）どこが基本計画なのだろうかと思った．（２）以下のように，たかが3年足らずでころころ変わる計画で基本と呼んでもいいのだろうか．よく分からないが，投資見通しを立てにくくしているのではないのか．次の第8次はどうなるのかと企業の皆さんも心配しきりではないのか．
（２）「再エネと原発をともに最大限活用」と変えるという．多くの国民の要望のように「原発を減らす」と「再エネ最大限」なら理解できるが，「原発最大限活用」と変更することは理解できない．
（３）「再エネ最優先で取り組む」の文言を削除するというのも理解できない．
（４）「バランスの取れた電源構成」とあるが，いったいどうであればバランスが取れたと言えるのか．現在大きな心配事があっても払拭可能な発電方法があるならそれを最優先に活用すべきと思う．当面どうするかという議論とその結果を基にして，今後ずっと続く社会の有様までもが決定づけられるようなことは，いわば先進国のすることではないと言いたい．3年毎という言葉に隠れて未来を支配してしまう真似はしないでいただきたい．目指すべき未来を明確にしてから当面の議論をすべきで，それが逆転したら大変なことになり，いわゆる後戻りできないことにもなりかねない．
（５）「特定の電源に過度に偏らない」との表現も入るようだが，そんなことよりも増やすべき電源はどんどん増やし，残してはいけない電源はどんどん減らすべきである．そのかじ取りを民主的に行う責任が国にあるはずである．
以上，エネルギー問題についても「明朗なるべき世界の未来」（桐生悠々）を信じたい．",2024-12-25,2024-12-14,2024-12-23
983,068,70代,"審議会等で原発推進の委員で占めてまでして原発積極活用の方向を打ち出さないといけない理由はどこにあるのか．それは電力会社自身で廃炉もできないし，新増設もできない状況に なっていることを意味するのではなかろうかと勘ぐってしまうほどである．もしそうなら，なおさら原発依存度を低減していくしかないのではと思う．
脱原発の方向を目指すのであれば廃炉費用は国費で賄うことも考えられる．しかし，「原発依存度低減」の文言を削除するというなら，電力自由化なので，原発の廃炉費用も地震等天災対策費もテロ等対策費も新増設費用も核廃棄物処分も原発の発電コストにすべきで，間違っても託送料金に含めるようなことは許されない．要は3Eのうちの「経済効率性」が満たされていないということになろう．また，3.11以降の原発稼働状況を考えれば「安定供給」も疑わざるを得ない．発電容量が大きい故に，逆に一旦停止した時の影響は甚大で，再稼働にも時間を要することになる．無害化ができない放射性物質の増殖などを考えれば環境への適合もありえない．また安全性の保障などできるわけがないので，原発は基本的に3E+Sすべてを満たさない電源としか言いようがない．それゆえ，経産省の言い分に沿うと，原発はなくす方向で進めることになろう．",2024-12-25,2024-12-14,2024-12-23
984,068,60代,再生可能エネルギーを最大限増やし、原発の推進を止め、火力発電をとめること。,2024-12-25,2024-12-14,2024-12-23
985,068,50代,"原発には 絶対反対です。
脱原発へと舵を切って下さい。
原発で発電すると、核分裂生成物として
プルトニウム・アメリシウムを始め，
数百種類の放射性核種が生まれます。そして
使用済核燃料は，
未使用の核燃料に比べ、
放射能が１億倍に増えます。これらの放射能が
元々のウランが持っていた 放射能の量にまで減るのには
10万年～100万年かかると言われています。
つまり、原発を稼働すれば
必ず生成される高濃度特に胎児や乳幼児への影響が懸念されています。
原発を稼働するという事はこういった物を
未来の人々・生き物達に
押し付けるということ。核廃棄物を
少なくとも 10万年以上
厳重に保管する必要があるのです。これらは
分厚いコンクリートの頑丈な建物を建て、その中で冷却されるまでずっと
電力などを使って、冷まし続ける必要があります。
これに使われる、
エネルギーやコストは
政府やマスコミ等の言う、
『原発のコスト』や
『原発のCO2排出量』
には含まれていません。
核廃棄物の中に含まれているヨウ素129の
半減期は 1570万年
1570万年 経っても
放射能が半分にしか減らない。
( ホモサピエンスが出現したのは 40万年～25万年前 )
ヨウ素129は
体内に取り込まれると甲状腺に濃縮する為 被ばく評価上
重要な核種とされています。
特に胎児や乳幼児への影響が懸念されています。
原発を稼働するという事はこういった物を
未来の人々・生き物達に押し付けるということ。
たとえ、事故を防げたとしても
この事実からは 逃れられません。
原発は、人道的に間違っています。
１日も早く原発は廃止して欲しいと強く願っています。",2024-12-25,2024-12-14,2024-12-23
986,068,70代,"原発を新設するという方針に大反対です。使用済み核燃料を保管する場所も決まっていない段階で、これ以上原発を稼働させないでください。
陸上風力発電も、猛禽類の衝突事故を誘発するので反対です。再生エネルギーをもっと積極的に増加させて下さい。
木質系ボイラーを使用して、放置林の間伐・再生を図って下さい。
新築する家屋やビルに、太陽光発電と蓄電池導入の補助金を出して下さい。
公共交通機関にEV車や、LRTを増やして下さい。
河川整備を多自然工法で行い、防災遊水地を整備させ、生物多様性を保全するようなグリーンインフラを進める農村整備をして下さい。",2024-12-25,2024-12-14,2024-12-23
987,068,40代,"12/17に公表されたエネルギー基本契約素案を受けて、2回目の投稿です。
火力3～4割、原発2割が盛り込まれ、
さらに、原発の建て替えについても条件が緩和されている事に
本意見箱に投書されている意見に背を向け、全く逆進的だと言わざるを得ません。
下記の専門家意見と同意であるため、名前を表示した上で述べさせていただきます。
【龍谷大学 大島教授】
・原発2割は相当困難な目標。そもそも再稼働を申請していない現状で実現不可能な目標と言わざるを得ない
・海外では原発1基あたり数兆円かかるとされている建設コストが、日本では7000億円程度に抑えられ、相当楽観的に見積もられている
⇒結果的に、電気料金の値上げという形で国民負担を強いる
【エネルギー政策研究 白石 賢司氏】
・CCS、輸入水素・アンモニアに主要な役割を与えることは、税金か電気代を通じた巨額補助金の導入が不可欠であり、経済的・技術的にも極めて大きな決定
【Climate Integ代表理事 平田仁子氏】
・蓋をかぶせたかのような低い再エネ目標。特に見捨てられたかのような風力（洋上風力発電について日本は世界有数の適地であるにも関わらず）
・再エネ増で「総合コスト」が跳ね上がるという試算の恣意性
・世界で再エネのコストが急速に下がる中、火力発電の延命への大規模投資は不可思議
下記は白石氏の投稿より日本の発電コストの試算です。
「再エネは確かに安い」
https://x.com/knjshiraishi/status/1867420182521815430?s=46&t=eZhnR_HoWKGV86fAToLExQ
こうした指摘を招く、気候危機対策に後ろ向きな素案を出してしまう背景として、審議会メンバー構成の偏りという問題も言われています。
「エネルギー基本計画の15の主要な会議体の委員は、重厚長大産業などのエネルギー多消費産業の企業関係者、年齢は50-70代中心。
こうした人たちは化石燃料や原子力など既存システムの脱却に慎重なスタンス」（平田氏）
12/20に提出予定の首相および経産省/環境省大臣あての署名（10日間で1万筆を超えました）においても、特定の立場や意見に偏らない議論を求めています。
【気候ネットワーク】
・再エネは、2040年に最大でも5割程度の導入は「最大限導入」とは言えず、世界が2019年比で2030年までに３倍を目指すとした観点からも外れる。第6次エネルギー基本計画で参考値として2050年の再エネを50～60％とすることが記述されたが、今回、2040年目標を4～5割程度とすることで、これを既定値として固定することも意味している。これまでも再エネ導入拡大には「最優先で」取り組まれてこなかったが、第６次エネルギー基本計画で示された「最優先の原則の下で」との文言が消されたことで、一層、消極的な取り組みとなることが懸念される。
・火力では電力需要が1～2割増加するとの見通しのもとに、石炭・LNG・石油の内訳を示さず4割程度とするもので、高コストの水素・アンモニア混焼やCCSがどのように具体的に導入さ
れ、2030年目標（石炭19％、LNG20%、石油2％）からどのように排出量が削減されるのかも明らかでない。国際社会から強く求められている石炭火力からの脱却についても「非効率な石炭火力のフェードアウト」をあげるのみであり、石炭火力の廃止には全く言及していない。ま た、CO2を大量に排出するLNG火力を「LNG専焼火力の新設・リプレース」していくとするもので、国際社会で先進国が目指すべきとされる2035年の電力の脱炭素化の要請からかけ離れたものである。
・原子力については、2011年の東京電力福島第一原子力発電所の事故をうけて第４次エネルギ
―基本計画以来示されてきた「原子力依存の低減」が削除され、原子力を脱炭素電源のひとつと位置づけ、今後のリプレースをより積極的に推進し、「原子力の最大活用」として2040年に 2割程度と現状から大きく増やし、既設原発の再稼働、長寿命化に加え、新設を前提としている。福島事故の反省を全くふまえておらず、国民の生命を甚大なリスクに晒す内容だと言わざるをえない。さらに、原子力2割程度はきわめて非現実的な「目標」であり、その不達成分を火力が補う形になることは明らかで、結果的にCO2排出の増大をもたらすこととなる。
・さらに、今回の原案提示に至るプロセスは、第7次エネルギー基本計画の議論の開始前に先行的に原子力と火力依存の継続のための経済的支援策を導入し、それらを前提に既定方針を確認するものに過ぎず、事務局原案の最後にある「政策立案プロセスの透明化と双方向的なコ ミュニケーションの充実」とはかけ離れた結論ありきのプロセスである。今、ようやく審議会の実情に国民の目が注がれ、このことが国民の前に明らかになりつつある。危険な気候変動は国民の生命や生活基盤そのものを脅かすものであり、同時に、日本の経済にかかる問題であ る。国民的熟議のプロセスを経た上でゼロベースで見直すことを求める。
気候危機はもはや環境問題ではありません。生活基盤そのものを揺るがす、人の命・生存に関わる問題です。
緩い対策をとれば、後になって莫大な経済損失となって返ってます。
「野心を欠く気候政策で日本経済は50年までに952兆円の損失」（70を超える機関が加盟するアジア投資家気候変動グループ）
https://www.alterna.co.jp/141772/
一部の既得権益者の利権のために、将来世代を犠牲とする事に断固反対です。",2024-12-25,2024-12-14,2024-12-23
988,068,70代,"エネルギー基本計画の改訂に向けた議論が大詰めを迎えて、11月28日の朝刊新聞に、第５次エネルギー基本計画（2018年）策定の時の資源エネルギー庁長官にインタビューした記事がありました、このことは、今回のエネルギー基本計画の審議と密接に関係しますので、これを元に意見します。
元資源エネルギー庁長官は、「原発をやめることは核燃サイクル、再処理をやめること」と言い、これはその通りでしょうが、さらに、「日米原子力協定で、日本はウラン濃縮を自主的に行う特別な権利を、再処理をすることを条件として得ている。」と言い、だから、「原発をやめることは、そのウラン濃縮を行う権利を放棄することになる。」と言っています。「ウラン濃縮の権利を放棄することは、日米同盟をどうするかという議論にもなる。」と言っています。また、「再処理施設があり、使用済み核燃料の中間貯蔵施設を置いた青森県にも説明が出来ない」と言っています。
以上を「本質的な議論」と、元資源エネルギー庁長官は言い、「東京電力福島第一原発事故後、こうした本質的議論を尽くした上で、民主党の原発を限りなくゼロにしたいと言う方針を目標にとどめた」と言います。そして、「その後、第４次エネルギー基本計画（2014年）に盛り込まれ維持されている「原発依存度を可能な限り低減」という文言の「見直し」は、常に考え続けるべき論点であり、議論すべき時期を見極めることが大事だ」と言います。 締めくくりは、今、審議している第７次エネルギー基本計画において、三つのことが、焦点になるだろうと挙げています。一つは、 脱炭素シナリオとその電源の確保、二つは電力需要増加への対応、三つには、エネルギー自給です。
「核保有に繋げるウラン濃縮を自由に行う権利を放棄したくないから、核燃サイクルをやめられず原発もやめられない」と自分達の事情を正直に言っていると思います。しかし、これ は、違反です。元資源エネルギー庁長官とは言え、第５次エネルギー基本計画の策定を担当した責任者が、「S＋3E」（注１）以外のことによって、今、審議中のエネルギー基本計画の方向を決する最重要な文言の見直しをサポート（注２）しているからです。第7次エネルギー基本計画を、自分達が主導し何の審議も無かったGX法（注３）に整合させる難しさに直面し、エネルギー基本計画をも、審議の有名無実化しようとしています。
資源エネルギー庁は、原発の再稼働に躍起で、太陽光発電の普及は上の空なばかりか、太陽光発電を貶めることにより原発を浮上させることをやっています。以下に説明します。
優先順位を原発の下位に置いて、燃料はいらず放っておいて発電するほど安い太陽光電気を抑制し捨てています。原発の夜、余る電気は低料金にする需要調整をしています。九州電力の抑制を、原発の無い中国電力に一部肩代わりさせ、中国管内の発電者の太陽光発電投資への意欲を削いでいます。
地産地消の太陽光発電の電気を、回避可能費用と言って卸市場価格で買い取り、託送コストを乗せて販売しています。回避可能費用は7.8円です。その分、増える賦課金を停止中の原発維持費に流用しながら、太陽光発電のコストのように言っています。
FITは、太陽光発電のコストがいくら下がっても、発電者の投資意欲を増すことはありません。売上もコストベースの固定買取価格だからです。回避可能費用が固定買取価格を逆転する場合は、賦課金が電気消費者に還されます。FIPは、固定買取価格を、通常それより安い卸市場価格に変えるだけです。このため、太陽光発電の普及が、今、止まりつつあります。
原発のコストを安く言うため、太陽光発電の、耐用年数を適当に短く見積もるなどしてコスト高を演出してきました。
技術力、生産量ともに世界トップだった国内メーカーを守らず、太陽光発電パネルの国産化に失敗しました。環境を破壊するメガソーラーの設置場所の統制を欠いてきました。中国資本の太陽光発電設備が増えるに任せています。こんなことを続けている限り、2050年カーボン ニュートラルなんか、出来るわけがありません。
元長官が締めくくりに挙げた三つの焦点には、「S+3E」のうち、安全性（S)と経済効率性 (E)の観点が有りません。安全性の「S」は他の「E」とは別格の大前提です。ましてや、安全でない原発は環境を毀損し滅失するという点で「S」は、一つの 「E」の「環境適合」を包含します。2050年カーボンニュートラルをどうするということよりも、今も、福島第一原発事故の、かくも未曾有の惨禍・被害があらわれ続け苦しんでおり、狭い地震国の海岸に60基もの原発を建ててしまい、もう一つ、このような事故を起こすことに日々、怯えていることを、世界に正直に正確に訴え、原発こそ見直さなければいけません。計り知れないバックエンドコストと設備費の増加、事故賠償費を要し、電気代上昇必至の原発こそ見直さなくてはいけません。
（注１） 日本のエネルギー政策において、安全性（Safety)を大前提として、安定供給
（Energy Security)、経済効率性（Economic Efficiency）、環境適合（Environment)を同時に達成することが重要とする観点。
（注２）ある意見や結論を支持、理由付けすること。 (注３）「2050年カーボンニュートラル実現」に向けて行われた「ＧＸ推進法」と、複数の
法律改正を含んだ束ね法案である「GX脱炭素電源法」の制定。",2024-12-25,2024-12-14,2024-12-23
989,068,30代,"再エネと蓄電池だけで日本全体の電力を梅雨時期に賄うのは物理的に不可能です。以下がその理由です：
面積の問題
日本全体の梅雨時期（40日間）の電力消費量（約98TWh）を賄うには、太陽光パネルで約 204,000から306,000km2、蓄電池で約196,000km2が必要です。
- 合計で約400,000から502,000km2となり
これだけですでに日本の国土面積を超えます。
2. コストと寿命の課題
太陽光パネルと蓄電池の設置費用は膨大で、さらに蓄電池は10年程度で交換が必要です。つまり10年ごとに処分費用と交換費用がかからのです。
これも経産省は計算に含めてません。
これにより、設備維持コストが高く再エネと蓄電池に経済的メリットはほとんどありません。
つまり、原発や火力が40年稼働する間に蓄電池は少なくとも3回交換が必要ですしパネルは一度交換が必要です。
このコストを入れずに再エネが安いと言い張るのは明らかに問題です。
3. 天候依存性
梅雨時期は日照時間が短く、太陽光発電は設備利用率が5%程度に低下するため、膨大な設備が必要になります。
曇天や雨天が続く場合、安定供給は困難です。 4 レアメタルの起源枯渇とLCAでの問題点
再エネ、蓄電池、EVには大量のレアメタルを
消費し一番例えばコバルトやリチウムの埋蔵量から計算とたったの世界の数%程度しか
世界の電源構成を蓄電池に置き換えることはできませんしそんなことをしたらリサイクルが間に合わずに将来世代がバッテリー価格が上昇し困ります。
蓄電池の価格予想をあまりにも楽観的に試算してますがレアメタルの資源枯渇が進めば今よりもむしろ価格が上がる恐れがあるのを考慮してないのは大問題です。
結論
太陽光発電と蓄電池のみで日本全体の電力需要を賄うことは、土地・コスト・技術面から見て非現実的です。現実的には、他のエネルギー源（火力、水力、原子力など）との併用が不可欠です。
この意見箱でも 左翼が集結して原発や火力の批判などを繰り返してますが彼らはこういうワースト条件の気象で停電しないための計算すら理解してません。
天候のベスト条件で再エネは原発基分！と計算するのはそろそろおやめください。
比べるべきは、梅雨の時期などワースト条件でも停電しないために再エネと蓄電池単体で火力や原発を使わない場合どれだけ投資しなければならないかです。
経産省や政府が会合で呼んでいる自称エネルギーの専門家たちもここを理解せずに再エネや蓄電池に対して楽観的な計算を繰り返してるのも大変な問題です。
設置面積やレアメタルの資源持続性を考えずに再エネやら蓄電池、EVを推進するのは大概にしてもらいたいです。
レアメタルを使いまくる再エネや蓄電池、EV推進は将来世代がバッテリーを作れなくなるかなり危険な政策です。",2024-12-25,2024-12-14,2024-12-23
990,068,30代,"RE100をAppleなど大手は求めてくる割に彼らはそのコスト上昇をサプライヤーに払わないし口だけ偉そうに出してくる悲惨な状態です。
つまり、アドバイスとか口だけは出してくるが最終価格には反映するなというめちゃくちゃなことをサプライヤーに求めてくるのがAppleやEUの大手企業です。
これは日本側から強く反論すべきで、RE100とやらを求めてくるならその上乗せでかかるパネルのコスト、蓄電池のコストなどをAppleなどに払わせる仕組みにすべきです。
それをAppleなどが断りサプライヤーに払わないなら導入するとサプライヤーの業績に深刻な影響があり給与も上げられなくなりますしサプライヤーに金を出さないならサプライヤーに偉そうに再エネ導入を求めてくるなと日本は
猛反論すべきです。
そもそも、RE100というのは環境活動家が騒いで求めてきてるものですがライフサイクルアセスメントというもので評価しレアメタルの採掘、精錬、加工の環境負荷や製造過程のCO2を含めると全くCO2は減ってないどころか一時的には火力発電よりも大幅に排出されます。
データをお伝えすると蓄電池のCO2量はkwhあたり数十kgから数100kgですが、最新の石炭火力のIGCCではわずか670gです。
よってむしろ蓄電池の方がかなり出ておりますしハイブリッドなどでも同様でEVの方がバッテリーが肥大化するので製造過程のCO2量は増えるのハイブリッドとのCO2量を逆転するのは電源構成によるものの10年近くかかるというデータもありその頃にはEVのバッテリーは劣化して交換する時期になりますので実は15年ほど同じ車に乗る場合はEVでバッテリーを一度交換するよりもハイブリッドの方がトータルCO2は少なくなります。
さらに再エネや蓄電池はレアメタルやレアアースを大量消費するため中国に加工の面で利益が渡り間接的に軍事費に回されますし水質汚濁があるので日本が代替えは無理です。
つまりEVや再エネ、蓄電池が環境に良いというのもそもそも間違ってるので小泉進次郎などの再エネゴリ押し議員、環境省、外務省、与野党、経産省に上記を説明してください。
ちなみに、2022年のドイツのCO2係数は約430g/kwh、東電の同時期は約370g/kwh
なのでドイツなどから日本に炭素税を求められたらあなたの国の方が発電分野のCO2係数が悪いのだからと彼らに払わせるべきです。",2024-12-25,2024-12-14,2024-12-23
991,068,50代,"大きな地震が日本各地で起きています。
原発に被害があれば、他の発電施設での被害とは比較できないほどの深刻な被害が出ることはわかりきっているはずなのに、なぜこんなに危険な原発にこだわるのでしょうか。
事故が起きなかったとしても、廃棄物の問題はどうしますか？
経年劣化しているであろう古い施設をどんどん再稼働させる姿勢も納得がいきません。国民の安全より、経済が大切ですか？
本末転倒ではありませんか？
原発ありきで話を進めないでください。
国民の意見を聞き、まずはしっかり議論をしてください。",2024-12-25,2024-12-14,2024-12-23
992,068,50代,大地震がいつどこで起きるかもしれない地震大国日本で原発を稼働させることは危険過ぎます。私たちが望んでいることは脱原発一択です。,2024-12-25,2024-12-14,2024-12-23
993,068,50代,"脱原発が海外では主流であるのに、なぜ我が国の政府は、は災害が多いのに老朽原発を動かすのか理解に苦しみます。また、核ゴミの処理技術の進展も見られないのに、リプレイスするとは驚き呆れます。
また原発は脱炭素、電力需要が高まっている、という国の主張は虚偽または誇張だと思われます。
今一度踏み止まって方向転換よろしくお願いします。頑ななところにカルト宗教的なものさえ感じ、ゾッとします。",2024-12-25,2024-12-14,2024-12-23
994,068,40代,"第７次エネルギー基本計画に「原発依存度の低減」を残してください。原発と化石燃料に依存しない、持続可能で公正な再エネ中心のエネルギーミックスへの転換を求めます。
原発を減らしてほしい理由は以下です。
１）万一事故が起こった場合の被害が甚大で、取り返しがつきません。周辺住民の避難計画が現実的でないことは、能登半島地震で分かったはずです。もし珠洲原発が建設されていたら、福島原発事故の二の舞になっていたが、それ以上の被害が出ていたかもしれません。
２）放射性廃棄物の処理サイクルが確立していないまま、核のゴミを出し続けることは問題の先送りでしかありません。
３）新増設やリプレースのコストは世界的に高騰しており、経済合理性がありません。その莫大な費用を国民に電気代として負担させるのはありえません。
化石燃料を減らしてほしい理由は以下です。
１）加速する気候危機を止めるには、この10年の対策が非常に重要です。2050年にカーボン ニュートラルを実現すれば良いのではなく、1.5℃目標に整合するためには早期にGHG排出を大幅に削減する必要があるため、化石燃料からの脱却が早急に必要です。
２）水素・アンモニア混焼やCCSについても、これらは化石燃料の延命策でしかありません。この決定的に重要な10年のうちに実用化が間に合うかは不確定で、あまりにコストがかかりすぎます。その分の予算やリソースは再エネ・省エネに回すべきです。
最後に、審議会の委員が原子力推進の方が大半で、非常に偏っているため改善を求めます。
「S+3E」と言いながら「Security」や「Environment」に関する議論があまりに少なく、軽視されていると感じます。環境の専門家や、原子力に反対の立場の方も委員に加えてください。また、気候変動の影響を大きく受ける若者や、市民からの多様な意見を議論の中に取り入れるよう、心よりお願いいたします。",2024-12-25,2024-12-14,2024-12-23
995,068,60代,"脱炭素といえども、化石燃料は重要。
国産の石炭・LNGは日本にとって、重要なエネルギーである。
再生可能エネルギーだけでは、系統が不安定になるため、蓄電池・蓄熱装置の活用も重要。今後電力需要が増大していく中で、原発は必要悪なので、ある程度は必ず必要。",2024-12-25,2024-12-14,2024-12-23
996,068,40代,"地球がなくなったら全てが終わり。
地球温暖化、地球危機。手遅れになる前に再エネ１００%を望みます。",2024-12-25,2024-12-14,2024-12-23
997,068,70代,"第７次エネルギー基本計画の原案が出されました。その内容を見て大変ショックを受けまし た。エネルギー政策の後退ではなくまったくの方針転換です。原子力発電が人間にとっても地球環境にとっても、得られる利益より損失の方がはるかに大きく、いったん不測の事態になった際には取返しがつかないほどのダメージがあることが福島原発の事故を経ても、なぜわからないのでしょうか。今すぐ原発をやめることはできないとしたら、これから限りなく低減させていくことが日本人を含む全人類のとるべき進路のはずです。
原子力発電をやめるべき６つの理由
１．地震国日本に原発の適地はないこと
日本列島の下には４つのプレートがあり、プレートがぶつかる境界領域には大きな地震が起きる可能性がある。また境界に接していなくともプレートが動けば大小の地震が発生する。世界中で起こるマグニチュード６．０以上の地震の１７．９％が日本で発生している。日本は世界一の地震多発地帯であり、このような国土に過酷事故の危険性のある装置を置くべきではない。活断層がないからといって安全が保証されるわけではなく、いま活断層がないとみられる地域でも今後の調査であらたな活断層が発見される可能性は高い。また他の活断層から連動した地震が起こる可能性もある。
２０２４年の能登半島地震で北陸電力が志賀原発内の活断層連動を認めたように。
２．過酷事故が起こった際の危険性が受忍の限度を超えていること。
自然災害であれ、人災であれ、いったん原発が事故を起こした場合の被害の過酷さはすでに 3.11福島第一原発事故で証明されている。いまだデブリの取り出しすらできない。８８０トンと推定されるデブリが完全に取り除かれると想像することは困難である。
地震や津波は自然災害で、ほぼ予測不可で不可避であるが、人為的ミスや原発老朽化や劣化による事故はある程度予測可能であり、防ごうとすれば防げるもので、そのための対策が講じられている。。
しかし定期点検や安全対策を講じても、いつの間にかないがしろにされ、目先の効率だけが優先されてなしくずしになる事態を見てきた。その結果起こる事故、被害の大きさを考えれば対策は膨大なものとなり採算的にも見合わない。
また地域住民の避難計画も実効性のあるものでなければ意味がなく、その実効性の裏付けのためには地元自治体側、住民側の立場や視点にたった綿密な検討やシミュレーションが必要だ。あらゆる場合を想定して実現可能なプランであるべきであり、「計画のための計画」「かたちだけの計画」というようなものであっては意味がない。
３. 費用対効果の検証に耐えないこと。採算性がないこと。
経産省が２０２４年１２月１６日公表した２０４０年度時点の電源別の発電コストでは、主な電源の１キロワット時当たりの費用は原子力が太陽光発電を上回るように出た。しかもこれは計算の前提条件を原子力に有利になるよう、発電コストを原発に対して非常に甘く見積もった上での数字である。原発を稼働すれば必ず出る廃棄物の処分費用や廃炉費用は含まれていない。まして過酷事故が発生した場合の被災者への補償などを含めたら桁違いの費用がかかるおそれがあることを無視している。このような大きな危険や損害を及ぼす可能性を含む電源であるという事実は他の電源と比べようがない。経済性ではもっとも劣位にある原子力発電になぜここまで拘るのか非常に不審に思う。
４．廃棄物処理の問題
既設の原発の敷地内にはそれまでの稼働の結果発生した使用済み核燃料、放射性廃棄物がたまっている。それらは以前の計画では六ケ所の処理工場で処理され、再び燃料として使用される見込みであったが、処理工場はトラブル続きでいまだに稼働開始されていない。そのため各地の原発の放射性廃棄物の行き場がない。地中に永久貯蔵しようにもその候補地も見つけられない状況なのだ。原発を運転すれば必ず出る「核のゴミ」はどうするのか。その重大問題を無視して原発を推進する基本計画はまったく無責任きわまりない。
５．安全保障上のリスク
意図的にしろ偶発的にしろ原発を標的に万一他国からミサイルが飛んできたらどうするのか。ウクライナのザポリージャ原発の攻防を見て、日本国民はその恐ろしさをかいま見た。ミサイル数発で日本は壊滅するだろう。原発の存在が安全保障上の大きなリスクを負うことになる。また日本の使用済み核燃料が核兵器のプルトニウムの原料に転換可能ということで日本が核武装しうる潜在的な威嚇になるという見方がある。しかし、もし核保有の軍事的優位性のためとするなら、現在日本にある核廃棄物中のプルトニウムの量で充分のはずである。
６．地球温暖化にはむしろ逆行するものであること
さらに原発は核燃料などを冷やす冷却水を海に放出する。その排熱は日本周辺の海水温を上昇させ、温暖化がいっそう促進される。すると冷房運転のためさらに電力を消費するという悪循環に陥り、日本人の生活環境は悪化し食糧危機など深刻な悪影響を及ぼす。原発は二酸化炭素を出さないから地球温暖化防止に役立つと言っているが、温室効果ガスをふやす二酸化炭素よりも海水温を上昇させる原発を動かしてしまえば地球温暖化防止には全く役立たないどころかかえって温暖化を促進させてしまう。
（結語）
繰り返しますが、以上のように原子力発電は便益より、害悪の方が圧倒的に多く、しかもひとたび過酷事故が起きた際の短期的、長期的ダメージは計り知れません。日本が壊滅する惧れすらあります。人類の生存と原子力発電はそもそも共存できないものです。目先の利益のためにこのような危険な装置・施設を再開すべきではありません。 以上",2024-12-25,2024-12-14,2024-12-23
998,68.5,70代,"１．基本計画は、日本の経済産業公務員の志と現実の数値とを基に、作り上げるべきだ。
寺島実郎氏が、ＧＸ2040リーダーズパネルで、１．国民のNEEDSの産業的解決、２．グローバル・アジェンダへの主体的参画、を提言する。私は、前者は経済合理的かつ実存技術的な再エネ100％産業経済社会システムを遅滞なく作ること、後者は世界的な脱炭素・1.5℃課題解決を約束することだと思う。意見箱No.360で、全ＧＸすら可能で地方創生な中山間地農村での太陽光発電大量導入の提案者が、再エネ大量導入を鼓舞・奮発させる意見をする。
２．再エネ導入への関係省庁の非協力状況を、総理大臣の威厳を使って打開すべき。
第67回基本政策分科会参考資料２では、再エネ主力電源化での関係省庁の2030年目標達成が絶望的な状況に泣く。安全保障上、食糧より喫緊なエネルギー確保を守らない大臣の首を取るべきだ。トランプ氏なら言う「農林・国交・環境・自治・経産大臣、Fire」
３．エネ基および再エネ主力電源化プランは、「儲けるためにする経済事業として、ＦＩＰですら いくら・こんなに儲かる」を見える化し、再エネ大量導入を鼓舞すべき。
太陽光発電の超大量導入は、殊に蓄電池激安で、経済合理的かつ容易である。
家庭視点で、現時の太陽光発電収入は、第１レベル（子供の小遣い）；家屋上の月収1万 円、第２レベル（家計補助）；低圧50 kWの年収50万円、第３レベル（家産形成）；高圧千kW
の年収千万円、である。小企業観点ですら小規模な個人事業の第３レベル以上が、経済産業省の再エネアクションの大道である。それ以下は、大切だが産業的ニッチ・趣味道楽である。
意見箱No.360で、太陽光4000kWでの40年生涯所得は、勤勉高給な三菱商事サラリーマンを大きく上回り、農林省が見限った中山間地での現実的な地方創生だと示した。
供給安定的な蓄電池併設の激安太陽光の高い競争力検証で、大量導入を鼓舞すべき。 再エネ大量導入小委員会を支えるべき発電コスト検証ＷＧが、原発のみ応援隊になってい
る。再エネ大量導入時の経済的安定供給が技術的・システム的に可能な中で、信頼性欠如かつ志不純な委員報告の異常に高い再エネ統合コストを恥もなく示さずとも、原発を含むモデルプラント発電コスト表示だけで十分である。原発コストに、日経新聞指摘の「いまや米国建設費は泊３号機の2900億円の１ケタ高い」ですら未反映なだけで十分満足すべきだろう。
意見箱No.360で、蓄電池併設太陽光の超大量全導入でも、適正な予備力を持つことで、晩秋期の異常日照不足による電力不安定性は解決できることを示した。
４．進め易い再エネ太陽光事業を鼓舞する用語「地域、営農型」への定義・解説が必要
メガソーラー（数千kW）発電は、金銭年収数千万円、所要面積数haで、小さい。前章の「儲かる」に加え、事業者に気重な規制ではなく、気楽な推進の社会制度を示すべきだ。
進め易い 地域の合意、裨益・共生を意識した用語説明を
①「地域の合意」を考え煽る朝日新聞12/6「福島メガソーラー、景観悪化・土砂崩れ懸念」記事で、十km先の工事中の山肌を、高層階から望遠で撮影。施設近隣の命に係わる土砂崩れは技術的・理科的に合意可能だが、遠方の景観悪化の感性的な自治体広域合意は不可能だろう。旧柿畑での農村メガソーラーを進める私は、近隣のビニールハウスや散在建物と同様な景観・統一性悪化をどう防ぐか考えた。この山肌の放置・竹藪化がより問題だと思う。
②「地域を裨益・共生」は美しい。しかし分散型の比較小面積・少収入な太陽光では、土砂被災する範囲が「地域の合意」、太陽光導入を真似する程度が「地域との共生・裨益」だろう。隣の蔵の建設を規制するより、真似て蔵を建て推進するのが「地域裨益」だと思う。
③ 分散型少収入な太陽光での「地域との共生・合意」は、田舎の景観確保なら小学校校区では広すぎ、近接小字の小地域・少人数だと思うが、それでも地域の全員合意は困難だろう。
進め難い「優良農地営農型」太陽光より、進め易い「中山間地農村」太陽光
農業条件が悪い中山間地には、太陽光発電だけで日本の全電力を賄うに十二分な、半世紀以上前の畑・田・緩傾斜里山が存在している。このため、中山間地農村の太陽光には２種類のタイプがある。簡易な国土開発行為型で 進め易い「非農用地」タイプ（私称の農村太陽光）
と、厳重な農地一時転用型で 進め難い「農用地」タイプ（農林省の営農型太陽光）である。エネ基で想定・紹介される「営農型太陽光発電」は、農村振興局長のガイドラインに沿った
農地一時転用許可が必要とされるものであり、耕作放棄地・荒廃農地を含む優良農地主体の農振法指定の農用地区域に作るソーラーであり、零細農民にとって農地行政特異な非常な煩わしさ（換言すると高コスト）がある。
私の太陽光経験；進め易い「中山間地農村型」、進め難い「優良農地営農型」
農業者の私は、非農用地の旧柿畑３haでの1012kWdc「農村太陽光」を国土開発法制に従っ て、農用地の現田んぼ１haでの734kWdc「営農型太陽光」を農地法制に従って、自作・運転している。手続きで、前者は「再開墾で、伐採迄は開発行為（土地の区画形質の変更）ではな い」を用いて進め易かった。後者は、耕作放棄地・荒廃農地であっても、農振局長指針への農業委員の個性に大依存した「農地一時転用許可」のため、非常に進め難い。
私の進路；中山間地農村ソーラー
「営農型、営農型、営農型」と叫ばずとも、日本の食糧の十倍以上の太陽光面積金額生産性 で、「不良土地」を田んぼダム型優良農地へ圃場整備をしても、三菱商事サラリーマンの生涯所得に勝る営農生涯所得になると主張。お上・行政への対応は煩わしく（＝高コスト）、農民の充実感に基づく旧農地等再開墾・集団化・農生産の農村ソーラーに傾斜したい。",2025-01,2024-12-24,2024-12-27
999,68.5,,"合同会社Tama屋
以下に合同会社Tama屋の提言を申し上げます。 20241206に改定再拝送したものを基本に、２０２４１２17の第67回基本政策分化会で報告された第7次エネルギー基本計画の素案も踏まえ、＜提言15＞を追加したものです。
エネルギー政策のご参考になりましたら幸甚です。
注）以下、変動再エネとは、再生可能エネルギーのうち、太陽光発電、風力発電など、自然環境によって発電量が短時間で大きく変動するものを表します。
1．基本的な認識 ‘①脱炭素化により日本の産業国際競争力を強化し、日本輸出産品による収益を増やす。
そして、その収益を国内に還流し国内投資増や賃金増等を行い日本の産業振興および経済成長実現するのがGX国家戦略。 GX国家戦略に資するエネルギー政策として第７次エネルギー基本計画を策定する基本方針と認識。 ‘②経済合理性によって普及し長い年月を掛け最適化されてきた化石燃料に由来する社会構造からの脱却を意味する脱炭素化は、 2050年までの中期的期間では、省エネ以外は基本的に大きなコストアップに繋がるのは不可 避。
‘③国際社会がG7主体の西側先進諸国とBRICSを中核としたGlobal south諸国の2極分化体制、もしくは、多極化に移行し、
急速に分化進行中。
経済成長、保有資源量、増加率含めた人口などの点からGlobal south諸国の国際社会における発言力が中長期的に高まる可能性が高いと考えられる。 ‘④エネルギー政策における優先順位（価値感）は、G7主体の西側先進諸国が脱炭素化優先
（価格＋脱炭素価値共有）であるのに対し、
Global south諸国は安価エネルギーによる経済成長・貧困撲滅最優先（価格最優先）と考えられる。
昨年COP28の議論でも明白なように、G7を中心とした西側諸国の提案である化石燃料の段階的廃止は、Global south諸国によって、極めて曖昧な合意文書として実質的に骨抜きにされており、loss & damage補償に加え後進国の脱炭素用資金として
年5兆USDの基金拠出を日本含めた先進諸国に要求されていることからも、Global South諸国の考えは明白と思われる。
‘⑤日本産業界の主要輸出マーケットは、Global South諸国の比率が今後増大すると思われる。
‘⑥上記①～⑤より、今後の日本の輸出先のメインとなると思われるGlobal south諸国マーケットに於ける最も重要な因子である
コストに関し、脱炭素化は電力・エネルギー価格アップを通じて日本製品のコストアップという悪影響を及ぼす懸念がある。
この悪影響を排除する為には、脱炭素化によるコスト増分を価格転嫁しつつ脱炭素価値を同じくする国際ルール導入が必須。
これが、GX国家戦略実現のための必須条件である。
‘⑦国際規格標準化 “技術で勝ち、ビジネスでも勝つ”の実現がGX国家戦略実現のための極めて重要な条件。そ
の為には、日本の先端技術を磨き、国際市場で有利に普及させる為の国際規格標準化を日本が主導することが必須。
日本の限定された官民リソースを最大限に有効活用し、技術開発やインフラ検討・設計・建設を進める為には、限定される民間リソースの分散を回避する、選択と集中が重要。中国、韓国、EUなど競合国・地域は、日本以上に選択と集中をして活動を展開。 ‘⑦現在エネルギー自給率12%前後と極めて低く、これを向上させることがエネルギー安全保障強化の最終目的であり、
エネルギー政策も将来的に日本のエネルギー自給率を上げる観点が必要不可欠。
2.提言
＜提言１＞
脱炭素に関する国際社会に動向により、第７次エネルギー基本計画に於ける、エネルギーコストと脱炭素レベルの最適点は変り得ることから、今までの国内外の実績も含めコストに関する精査を確実に実施すべき。
第７次エネルギー基本計画は、脱炭素化効果と経済合理性（エネルギーコストアップ）の双方を勘案し、
・欧州などの変動再エネ主力電源化実施国の実績精査
・日本の国土事情の考慮や科学的な原理原則を踏まえた議論を経て方針を決定すべき。
また、国民生活への影響も大きいことから、各施策によるコスト影響も提示すべき。
尚、コスト影響精査においては、
現在エネルギー自給率12%前後と極めて低く、
偏西風域から外れており平地面積が少なく国土的に変動再エネに不利な日本における脱炭素化コストは、
変動再エネに有利な国や、自国産エネルギーがある国より高くならざるを得ない点も考慮すべき。
（変動再エネ建設コスト差、発電量差、調整電源である火力発電の燃料コスト差など）
また、変動再エネは、導入比率が高まる程、系統・需給調整コストが大きく増加し、電力供給システム全体のコストアップを招くのはドイツ、デンマークなどの実態を見れば明らか。ま た、変動再エネの共食い効果顕在化による収益悪化、自己存続困難（老朽更新には補助金必 須）という問題も、精査すべき。
さらに、変動再エネ導入時に不可欠となる調整電源については、蓄電池と火力発電等とのコスト比較を十分に行うべき。蓄電池の将来性については、科学的原理原則に基づいたエネルギー密度（蓄電池の物理的限界）も考慮すべき。
＜提言2＞
変動の極めて少ない高品質な電力が求められるデータセンターや半導体工場増加も考慮した最適電源構成の在り方の視点も重要であり、各種電源のベースロード電源、調整電源としての特性を科学的に踏まえた議論を行い、第７次エネルギー基本計画に反映すべき。
＜提言3＞ GX国家戦略実現の必須条件である。脱炭素価値を共有化する国際ルール導入に対する国の明確かつ具体的な方針提示をすべき。
企業の投資予見性など考慮し、方針は具体的な時間軸を明確にしたアクションプランとして提示されるべき。
上記の国の対応が不十分な場合、投資予見性が確保できず民間投資は進まない恐れが高いと思料いたします。
なお、当該アクションプランの進捗状況や国際社会の脱炭素に関する動向に応じ、臨機応変に日本の国益に最適な政策決定すべき。
＜提言4＞
第７次エネルギー基本計画は複数シナリオを議論すべき。 1)2050年カーボンニュートラルという従来の方針に基づくシナリオに加え、
経済合理性を重視した“時間を掛けて進める現実的な脱炭素化方針”に基ずくシナリオ、
地政学的リスク等によるエネルギー安全保障最優先方針に基づくシナリオ、等も検討すべき。
尚、1)はGX国家戦略との整合性が確保できないと思われること、3)は有事想定の状況となることから、
第７次エネルギー基本計画では、現実的である2)のシナリオに限定して詳細検討するのが良いと思われる。
欧州は、6月のEU議会選挙結果を踏まえ、変動再エネ至上主義や短期間での急進的な脱炭素化から、経済合理性を重視した時間を掛けて進める現実的な脱炭素化に方向修正をする可能性が高いと思われます。
加えて、米国も、共和党政権となれば、化石燃料をクリーン活用しながら、経済合理性を重視した時間を掛けて進める現実的な脱炭素化に向かうと推定されます。
米国共和党政策要綱：2024 Republican Party Platform | The American Presidency Project (ucsb.edu)
<提言5＞ GX国家戦略に資するエネルギーの大変革は、極めた多岐に亘る一方、国内リソースは有限である。一方で、競合するEUや中国、韓国などは国の強い主導のもと、選択と集中によりリソース分散を抑えながら戦略的かつ効率的に活動している。
従って、競合諸国・地域と対抗しGX国家戦略を実現させるには、国が主導して現状以上に選択と集中を行うべき。
例えば、
現状ではコストアップの極めて大きな対策は、小規模pilot plantの限定案件前提とする。 現状コストレベルで推進すべき対策における拠点決定は、Feasible studyの様な実務負荷が掛かる前段階で、国が全体を俯瞰して一次スクリーニングを行い候補地を限定することが重要。
尚、水素キャリア関連、CCU関連は貯蔵タンク設置が不可欠となるが、双方とも2030年稼働開始が政府支援の条件になっている。その為、全ての各種貯蔵タンクの検討は、限定された数社で行うことになると推定。タンク建造も数社に限定されると思われ、現状以上に選択と集中を行わない限り、現実的に実行困難となる懸念がある。
＜提言6＞
最後に、脱炭素化は、化石燃料を基礎とした社会構造の大変革であり、税金含む巨額投資が不可欠。
一方、現在の日本のエネルギー自給率は12%前後と極めて低く脆弱であり、エネルギー政策の大きな課題と思料。
従いまして、脱炭素化施策は、最終的に日本のエネルギー自給率アップに繋がるものにすべきであり、それに向けた将来構想を踏まえたエネルギー基本計画で在るべき。第７次エネルギー基本計画でもこの点を議論のうえ、日本のエネルギー自給率向上の方向性とエネルギー基本計画各施策の関係性等を明記すべき。
視点としましては、下記などがあると思料。
・原発活用拡大および革新炉導入、海水ウラン抽出、核融合炉
・日本排他的経済水域における海底資源開発
・水力発電発電用量拡大：既存ダム嵩上げになど（山地が多く、降水量が豊富な日本に適した電源と思料）
・水＋空気による水素、アンモニア、メタン、液体燃料等のエネルギー国内安価製造（炭素循環を含む）
・変動再生可能エネルギー（太陽光、風力）
系統に繋ぐ場合は経済合理性がある範囲内（現状では全発電量構成の1割程度？など）
＊電源特性上、大規模電力インフラへの接続では無く、離島など小範囲での地産地消が適しているのではないかと思料。
系統には繋がずPtGにて水素・アンモニア国内安価製造
＜提言７＞
エネルギー自給率約12%の日本のエネルギーコストは、為替を大きく受けることから、為替影響を受けにくい構成にすることに加え、
円安対策も重要であり、金利設定などの金融政策との連携も必要。
<提言8> GX国家戦略実現には、国際規則・標準化を日本主導で進める事が不可欠。それができない場合は、いわゆる“技術で勝って商売で負ける”こととなる。GX国家戦略の実現には“技術で勝って商売にも勝つ”ことが必要不可欠。
国際規則・標準化には、外交交渉などで極めて高い国際交渉力を有する外務省も含めた挙国一致体制が不可欠と思われる。
＜提言９＞
昨年G7環境エネルギー大臣会合での合意内容も踏まえた日本のNDC実現は、現実的に考えると GX国家戦略と両立困難であるのは明白。
一方、世界全体の3%のＣＯ２排出量しかない日本にとっての世界の気候変動対策に於ける貢献は、大きなＣＯ２排出量を占め、今後その比率増大が予想されるGlobal south諸国に対し、蓋然性のある日本の脱炭素化先進技術をインフラ輸出し、世界全体の脱炭素化に寄与する動きを重視すべき。例えば、国内での削減だけでなく他国の削減への寄与分も考慮する考え方を国際ルールに取り入れることを検討すべき。日本が輸入するblue燃料生産国の反感緩和にも繋がると思料。
＜提言10>
日本のエネルギー安価安定供給およびエネルギー安全補償の強化と脱炭素化の両立には原子力エネルギーの安全な活用は必要不可欠。
一方で、現在の原子力規制委員会の動きは、安全のみ追求し、リスクの発生確率を考慮した安全と社会便益のバランスの概念が完全に欠如しており、極めて奇異な動きと思料。
日本の国益に資する適正な対応を行うため、下記改革を行うべき。
・行動原則に、米国の同様組織の行動指針に明記されている効率性の原則（費用便益の考え方）を追加し、徹底
・原子力規制委員会が行政機関として当然有するべき規制の効率性や一貫性等について国会などでチェックを受ける体制整備
・原子力規制委員会による規制の判断根拠の明示や明文化
・積極的な外部知見導入（含：米国での廃棄物保管方法）と電力含む関係者とのコミュニケーション
・国民や立地住民とのコミュニケーション徹底(米国は NR 原子力規制委員会も積極関与）
＜提言11>
エネルギー政策は、原子力発電所や水力発電所など建設に膨大な投資と長い期間を要することなどから、企業判断では判断、実行が困難と推定されることから、国が全面的に立ち、方針明示、経営として許容できる各種支援（含：事故発生時の国の責任）明示、を行い実行推進すべき。
第７次エネルギー基本計画についても、既に8月となり、今後の議論が発散しないよう、国が方向性を明示すべき。特に、原子力発電、ガスおよび石炭火力発電の位置付け、欧米など変動再エネを主力化した国や地域の実態および日本国土事情を踏まえた変動再エネの位置付け、将来のエネルギー自給率向上の視点などを明示すべき。
＜提言12>
安価安定供給可能かつ国産技術で導入可能な再生可能脱炭素電源である水力発電の位置付けを強化すべき。
水力発電は、多雨に恵まれ水を集める山の多い日本の国土事情に有った技術的にも完全に自給できる再生可能エネルギーであり、
需要に合わせた発電量調整も可能。また、進め方を工夫することで、水源地帯保全や過疎対策にも繋がる可能性が高い。
従って、我が国にとって水力発電は太陽光や風力発電以上に重要であると考えられる。
既設ダムの常時満水水位アップ、嵩上げ、治水・利水ダムや砂防ダムなど発電機能の無いダムへの発電設備設置などによる、
環境への影響を最小限に抑制しつつ水力発電量増加を国の方針として明確にすべき。
・第７次エネルギー基本計画での水力発電の位置付け明示
・第7時エネルギー基本計画に水力発電量目標明示（例えは、現在の発電量の2倍 等）
・河川法など、必要な法律改定を行うべき。（例えば、第一条に治水、利水に加え、発電を追加 等）
＜提言13＞
・現在、2040年などの最適電源構成のシミュレーションが各機関で行われているが、各新技術のコストなどは将来の技術進展も踏まえた値として、国の各委員会で整理された数字を採用し行われていると認識しているが、かなり挑戦的なコスト低減を見込んでいる技術も散見され、エネルギー価格の想定外の上昇を通じたGX国家戦略への大きな悪影響の懸念がある。
そこで、想定通りのコストダウンが進まない場合のケースもシミュレーションに含めるべき。
・変動再エネのコストについては、出力変動調整コスト（統合コスト）が掛かるが、欧米の実績から変動再エネ比率の増加に伴い直線的ではなく、ある比率から指数関数的にコストアップを示すことが判っており、確実にその実績を踏まえた統合コストをシミュレーションに織込むべき。
また、同様に系統整備コストも変動再エネ比率増大した場合、大きな送電網投資が必要になると思われ、そのコストも確実にシミュレーションに反映すべき。
・個別技術で最も気になるのがCCSにおける排気ガスからのCO2分離回収コストである。国の資料にはCO2 1t当たり4000円とされているが、米国での実績から推定すると1t当たり数万円になる。4000円はPSAプロセスなどから排出されるCO2濃度50%レベルの極めて高濃度CO2排ガスではないかと推察され、精査のうえ、正しいコストでシミュレーションすべき。
尚、CO2分離回収コストは排気ガスのCO2濃度や圧力に左右されると考えられるが、一般的な排ガスは常圧でCO2濃度は10%以下と考えられるので（ガス火力の排気ガスはCO2濃度数%レベ ル）、排気ガス濃度も考慮したCO2分離回収コストを再精査し、シミュレーションに反映すべき。エネルギー安価安定供給とエネルギー安全保障と脱炭素の両立にはCCSが重要と思われるが、CCSコストーオ過小評価した場合、エネルギー価格の想定外の上昇を通じたGX国家戦略への大きな悪影響の懸念がある。
＜提言14>
・COP29の議論（金融COPとして緩和・適合・loss&damageに対する極めて巨額拠出金議論メイン）や、EUドラギレポート、
米国トランプ新政権の政策要綱などから、下記の大きな国際情勢変化の可能性がある。 1）現状のCOP議論を考慮すると、各国公平な脱炭素コスト負担とならない、各国平等な脱炭素価値とならない可能性が高いと思われる。
その場合、炭素クレジット含め結果的に多額資金を拠出する側になるであろう我が国は、脱炭素による経済成長は見込めない、
つまり、GX国家戦略は極めて実現困難となると考えざるを得ない。 2）現状の実態から欧州は2050年カーボンニュートラルは目指すと表明しつつ、CO2排出削減実績は大きく未達成なる可能性が極めて高いと思われる。ドラギレポートでは、従来のグリーン至上から化石燃料のクリーン使用も容認しエネルギー安価安定供給と安全保障を改善、CCSで 2050年カーボンニュートラル達成の考えと思われる。しかしながら、追加で年間8000億ユーロもの巨額公共投資（政府支出）が必要との提示であり、実現困難な可能性が高いと思われる。 3）現状から、このままではCOPの枠組みは持続困難と思われる。
上記の国際情勢変化も踏まえ、我が国の国益最優先のエネルギー基本計画を策定頂きたい。
また、国連IPCC等に対し、太陽の放射エネルギーや地球の太陽エネルギー反射率なども変数とした超長期間の平均気温変化との関
連整理を要求し、人類の排出する温暖化ガスと地球平均気温の関係精査を要請すべき。
その結果、2050年カーボンニュートラルではなく、2200年まで猶予がある等、現実的な方向性が見える可能性があると思われる。
<提言15> 2050年カーボンニュートラルに向けCO2排出をリニアに削減する場合の2040年電源構成例が示されたものの、一般には極めて
理解しずらい内容であり、工夫が必要。
エネルギーは国益を左右すると共に、食糧と同様に国民生活の基礎であり、あらゆる経済活動を通して物価への影響も甚大。
国民理解促進および国民の総意を反映する世論形成のためには、エネルギー消費の約7割を占める燃料・熱需要分野も含め、一般家
庭に於ける国民一人当たりの電力および燃料含む全エネルギーに対する平均的な推定支出額、および、平均物価指数への推定影響を
示すのが有効と思われ、ご検討願いたい。
その場合、時期は、東日本大震災前、現在、2040年とし、各カーボンニュートラル燃料や脱炭素技術のコストは、現状の実態値、およ
び、将来のコストダウンを見込んだ目標値の2種類を、為替影響や化石燃料価格影響は除いた推定値で提示するのが良いと考える。
弊社では、昨年および本年、欧州に数ヶ月間身を投じ、脱炭素化で急進的に先行する欧州の実態を確認した。
その結果、ウクライナ戦争による安価ロシア産燃料途絶に加え、急進的な脱炭素化推進によりエネルギー価格が高騰し、一般国民生活
が極めて困窮している事を強く実感。
その他、移民急増などの生活に直結する環境の大きな変化も加え、国民生活が大きく不安定化しており、
それが顕在化しつつある欧州各国の政権変化の背景と思われる。
つまり、政策達成過程での国民生活や経済活動の安定した維持無くしてはエネルギー転換は実現困難である。
従って、安定した政策遂行には、国民生活への影響を判りやすく示すことで国民理解を得ることが重要と思われる。",2025-01,2024-12-24,2024-12-27
1000,68.5,40代,"・意見箱の内容を無視しないでください
・科学的、世界的に認められる1.5度に整合した目標を立ててください
・石炭火力の廃止を明記してください
・再エネを最優先することを明記し比率を最大限上げてください
・原発の最大活用方針に反対します。原発からの脱却を計画してください
・アンモニア活用、水素活用は発電で利用することはコストに見合いません。コスト検討において、原発コストが安く見積もられているのではないでしょうか。世界的には安全対策コストが非常に高く見積もられています。",2025-01,2024-12-24,2024-12-27
1001,68.5,40代,とにかく、基本計画で再エネ50-60で頭打ちにするのをやめてくれ。原発、石炭、石油火力の温存をやめてくれ。原発%も無理があり、かつ何か問題があれば全機停止になる。つまり火力が3-4割を越えて利用されることになる。原発はウランが旧東側、ロシア、中国、カザフスタンに生産量、燃料への加工に偏っていて、枯渇の問題も含めると燃料高騰とセキュリティリスクにまみれている。原発は国民負担の領域が大きすぎるし、リプレースのコストもうなぎ登りの可能性が高い、核燃料サイクルが実現できなければいずれ詰みだし、直接廃棄が法律で出来ないのも大問題。再利用より、今は直接廃棄がよいと言われているのに。世界で原発の政府試算と実質の解離は230%を越えて高くなっている、風力は1%。データを見て語ってくれ。赤旗でも抜かれていましたが、原発利益共同体の企業が、危険な老朽原発の再稼働や新増設を推進する自民党側に１年間で６億円を超す献金をしていたことが本紙の調べでわかりました。つま り、前年から続く裏金、献金の問題と地続きで、エネルギー基本計画は、原発・石油、石炭火力温存と、再エネ抑制とハッキリしています。電気代も、再エネ投資シナリオの方が安くなるデータもある。政府は科学者の声をきいてくれ！結局2050年に温室効果ガス発生目標が達成できない、早く達成できればその分将来世代に負担がいかない。地球やノンヒューマンズの破壊や絶滅を防ぐ方法にいく。とにかく、経産省、環境省は、無責任な既得権益層への追従をやめて、もっと市民、科学者、生活者の声を取り上げろ！,2025-01,2024-12-24,2024-12-27
1002,68.5,60代,原子力発電のコストが米国、英国、仏国等でのコストの半分もしくは四分の一に設定されている。これでは正しい判断ができるはずがない。コストに関して、含めないで計算した項目も含めて、なぜ含めないのかを理由をつけてすべてを公開し、討議の材料とすべきです。,2025-01,2024-12-24,2024-12-27
1003,68.5,40代,"現状の第7次エネルギー基本計画を一度撤回して、根本的に見作り直して！！！！
今回の原案までに至るプロセスは、第7次エネルギー基本計画での議論の開始前に、原子力と火力依存の継続のための経済的支援策を導入し、それらを前提に既定方針を確認するものに過ぎない。事務局原案の最後にある政策立案プロセスの透明化と双方向的なコミュニケーションの充実、とはかけ離れた結論ありきのプロセスだぞ。ようやく審議会の実情を国民が知って、このことが国民の前に明らかになりつつある。何やっとんじゃ政府って思ってるみんなが！危険な気候変動は国民の生命や生活基盤そのものを脅かすものであり、日本の経済に大いにかかわる。
石炭火力は2030年までに0にしなくてはならないのに、JERAがアンモニア混焼（石炭）をすすめている、のみ、その言葉が第7次から削除されている。JERAの意向（誤解を招くから、使わないことにした。）によっているなど、誰のための計画？まず国民じゃない、公務員なのに、どゆこと？
そして再エネ頭打ちがいちばんよくない、原発に問題あれば、火力が持ち出される、そして、既に再エネ率50-60%を前提に広域連携系統が作られている、これが結局再エネ100%の足枷に なっている。脱炭素電源オークションが、大部分火力と原子力に使われていて、電力会社に 渡っている、それでも原発新設に資金調達できないだから、RABモデル検討しているとか、、国民負担のシナリオで理解が得られるわけがない。だから、政府の発電コスト計算は、原発に甘い試算で、再エネに辛い試算になっているのでしょう？再エネを高く見せている政策コストの試算でも、既に再エネ競争入札になって、補助など政策コストかかってるのかわかってないとこも、政策コスト入れてるとか。大規模風力もう安いのに、勘案されてないとか。第7次エネルギー基本計画の前提の資源エネルギー庁発電コスト検証ワーキンググループの直近の結果が、甚だ恣意的（に◯◯電力らや、原発建設事業者など、利権に群がる輩に寄ってるじゃ
ん）。電力需要もすぐに増えない、グラフの操作で急勾配に見せるとか、詐欺だろ！
それを裏付ける最大の不備が、第６次エネルギー基本計画（2030）でのエネルギー構成が、原発20-22%、再エネ36-38%、火力41%
だったのと、
第7次エネルギー基本計画（2040 GXビジョン）原発2割、再エネ4-5割、火力3-4割、
で、10年間の電源構成が全く変わらない。
つまりGX（グリーントランスフォーメーション）していません。メディアも報じない。何もしないということですよ！世界は脱炭素がんがんやるのに。ふざけんな！
気候危機の最悪のシナリオの一つ、温室効果ガス減らさないと、暖流がヨーロッパに流れなくなって氷河期並みに寒くなって食料生産壊滅する、というのもありますが、結局政治家、官 僚、電気事業者やメディアのみなさんの子供たちや、国民、その先の世代が死ぬだけなのに、一体何のために、何をやってるんでしょうか？
原発の再稼働だリプレースメントだって、前から何か仕事してるように見える、格好だけの内容なんじゃないか？と何となく思っていたのですが、やっぱりそうだっようですね。経産省
（事業者にかしずいてる、正確には政府与党の大口献金先に、かしずいてる、そしてそっちを通すことに、くちゃくちゃクチャクチャなんかやって、はい、任期終わり転属、、、無責任だよ。）や環境省の言ってるGXとは、全く地球環境とか関係なく、火力を減らして再エネに変えてく、でもなく。ただ、事業者の利益のために火力発電所と原子力発電所を、少なくとも向こう2040まで温存することだったということが明らかになりましたよね。政府与党がたっぷり献金を受け取って、国民の未来売り渡してる、という有様。
今話題のオーストラリアモデル（2030年で再エネ82%、ドイツも80%）ぐらい大胆な再エネ80%コミットを実現して（つまり原発+火力の排除）、若い世代に繋ぐような計画でお願いしま
す！というか何でオーストラリアと同じで再エネに適した国が、10年遅れの2040年で再エネ4-5割、火力3-4割って、原発うまくいかなきゃ火力がさらに増える！狂ってるよ、あんたら以外誰が見てもおかしい。
というかまず間違いなく実際の電気代はコスト計算より高くなる（つぶさに見ると〇〇費、などよくわからないものでヤケぶくれしたものになる）だろうし、国民をコケにし過ぎです。 国民、市民の声を反映させて下さい。この意見箱も、原発反対、再エネ増やしての意見が圧倒的多数。しかし出てきた計画は真逆。なんだそれ？ＧＸのときのパブコメもそう、政治家の意見だけ反映させた、国民はほとんど反対だったのに。。。まずは、意見箱の意見をきいて、広域連携系統マスタープラン、発電コスト検証、原発関連核燃料サイクルやめて直接廃棄もできるようにして、再エネ投資型に金融面の政策も変更！やりがいのある仕事いっぱいですよ！ここで自分たちが頑張ったから日本の未来が原発・石炭火力なくても明るくなった、そう誇れる本当の仕事をして下さい！次世代太陽電池ペロブスカイト/各種再エネ＋蓄電池で、旧東側のいずれ高等し枯渇するウランや、石油に頼らなくても再エネ100いけそうなエネルギーセキュリティ的にもよいプランも経産省はもっているでしょう！そちらを前に出せば中国・ロシア・北朝鮮対策にもなる保守市民も革新市民も納得のシナリオで素晴らしいです（絶対電気代も安い。鉛の回収は必須ですが。）、それこそテクノクラートとしての経産官僚の腕のみせどころでしょう。旧来の政治構造とエネルギー構造が問題の裏表なのはわかる、だからこそ、旧弊な制度疲労と自己矛盾まみれの既存のシステムより新機軸の方が大胆でヘルシーです。つまり環境保全型・成長型経済/社会を目指しましょう。というか原発+石炭火力温存では、屋外作業員や路上に違いひとたちが持たないし、海外からインバウンドも来なくなりますよ。",2025-01,2024-12-24,2024-12-27
1004,68.5,30代,冷房がないと命にかかわるほど夏が暑くなったり作物や魚の供給が不安定になるなど、気候変動の影響はすでに身近なところまで迫っていると感じています。WWFの提唱しているような、再生エネルギー中心社会への大幅な方向転換が必要です。 https://www.wwf.or.jp/activities/data/20240531climate01.pdf,2025-01,2024-12-24,2024-12-27
1005,68.5,60代,"エネルギー政策の再生可能エネルギー化は待った無しです。
トイレの無いマンションと呼ばれる原子力発電は新たに活断層や対テロ、国防の観点からも無くすべきであり、代替として生物に特段の配慮をした上で太陽や地熱、水力、風力の各エネルギーに変えるべきです。
自然エネルギーは不安定ですが、スマートグリットや水素と電気に変換して蓄えるなどで賄える。
当然増設は大前提ですが、国民各々の理解と行動も必要ですので更なる啓発活動をするべきです。",2025-01,2024-12-24,2024-12-27
1006,68.5,30代,"4歳、2歳、0歳の3人息子がいますが、この気候変動の時代に子供を産んで良かったのだろうかと悩むことがあります。これからの時代を生きていく彼らは、確実に今よりも暮らしづらい気候環境に直面します。暑い夏、激しい自然災害、、想像するだけで絶望的な気持ちになることもあります。彼らが今の私と同じ30代になった時、果たして子供を産みたいと思うでしょう か？どんな地球になっているでしょうか？でも、前を向いて生きていくしかないので、私にできることは何かを考えてこのパブリックコメントを書いています。wwfでは2050年までに100%再生可能エネルギーに転換することができるとしています。ぜひ次の世代、これを読んでいる方の子ども、孫の世代にどんな未来を残したいかを考えて、再生可能エネルギーへの転換に前向きな選択をしてほしいと思います。
自分にできることのひとつとして、新築で建てた家は断熱等級6で太陽光パネルを積んで石油エネルギーに依存しない家にしました。中古のevを買って、ガソリンを使わない暮らしいいしています。でもやはり一個人でできることには限界があります。社会の仕組みそのものを変えるには、政府の舵取りが大事です。次の世代のために、どうか積極的な再生可能エネルギーの採用を検討ください。",2025-01,2024-12-24,2024-12-27
1007,68.5,60代,"今年の夏の猛暑は、地球が命を育む星であることから遠ざかりつつあることを、あらためて切実に感じるものでした。
このまま進んで行く未来を思うと、子どもや若者に申し訳ない気持ちでいっぱいです。もう、これまでのような呑気な政策では追いつかないのは目に見えています。
再エネ比率を増やすスピードを上げていく政策を、本気で考えて欲しいと思います。",2025-01,2024-12-24,2024-12-27
1008,68.5,20代,国民的議論ができていないのにもかかわらず、原子力への依存度を可能な限り低減するという文言をなくすのはやめてください,2025-01,2024-12-24,2024-12-27
1009,68.5,50代,原子力発電は、放射性廃棄物の処分の問題が解決しないまま、原子力発電を活用するべきではありません。,2025-01,2024-12-24,2024-12-27
1010,68.5,40代,"0.基本計画に関する審議会小委員会の動画及び議事録を参照して (1)語るべきものを自ら用意出来ずに用意された台本を読む’高級’官僚と審議員が多数を占める審議会の典型を見た気がする。特に原子力に関しては、「人々を感動させるにはまず語り手が感動していなければならないという真理」（出典リチャード・ニクソン指導者論（文藝春秋）P19）の正反対を審議会小委員会で明らかである以上は、後述する経営資源の特に人材供給はお先真っ暗を通り越して漆黒の闇と言える。自ら原子力に感動し原子力の未来を信じて語る人間が皆無な以上、放っておいても原発依存度は低下すると確信した。 (2)2024年は選挙に関する課題設定が民意で左右された年であることはお分かりと思う。
ならば立法府への民意反映と同様に、行政の審議会に対しても「そもそも課題設定を役人がやるのがおかしい。てか何で審議員とか小委員会委員にこの人選んでんの？民意を問われた覚え無いんだけど？」と疑問の声が強くなるだろう。年明けの国会対応・質問主意書対応・政府交渉対応は上記そもそも論から問われるだろうから、予めお疲れ様と労っておく。 1.米国テック企業が原子力活用するからという出羽守的虚仮脅しは通用しない時代だと認識されたい。
そんなに原子力が有望なら、米国NYSE上場のETF=URA/NLRがここ10年以上最高値を更新できない理由は何か？世界中の個人投資家が放射性汚染水みたいな金融商品と蔑んでいる／金融庁の言う通りインデックスファンド積立購入が一番賢いと認識しているからと思うが 2.経営資源であるヒトモノカネ枯渇問題をアッサリ書きすぎ (1)日本原電からナニワ金融道ばりに資金引き上げつつある銀行がある状態で、誰が新規資本投下するのか？出典：選択9月号’日本原電「東西再分割抗争」が再燃’ (2)以前も記したが、自らの子孫に影響与える放射線影響を確実に受ける原子力産業より、貴省庁が力を入れている人工知能・半導体・再エネを運ぶ電力同線などへ若者は進むだろう。 何より親が'奇形児の孫は見たくない'と止めると思う。’原子力依存度を低める’文言を少数与党内閣閣議決定対象文書如きから削除したとて、原子力業界を目指す若者が増えるなどという考えは、いただき女子りりちゃんの信頼関係構築術にも劣る。つくづく’仕事は人がするもんです。日本人は会社（組織）が仕事をすると思っている’（谷崎光著てなもんや商社（文春文庫）より）という言葉を思い出す。 3.12/25発表の意見箱に「無過失無限責任の原子力損害賠償制度の対象枠を狭めろ」というものがあった。 (1)こんな実現しそうにない希望を書き綴る位なら、真面な損害賠償責任保険に加入したらどうか？
大都市圏での違法走行がヘイトを買っている電動キックボードすら、自賠責保険には加入しているのにそれ未満だから、原子力ムラは白痴扱いされる。 (2)福島第一原発事故の補償ですら不十分なのに、更にそれを狭めるなんて法案がしかも少数与党内閣で誰が国会で通すのか？
思わず貴省庁をはじめとする関係各省庁の大臣官房総務課国会連絡室職員が質問主意書対応で倒れないかと心配になる。 (3)以前も書いたが、原子力損害賠償支援対象が狭まったとはいえ、過酷事故発生時の廃炉費用・除染費用の懸念から来る株価下落による責任から経営陣は免れない。
恐らくそれを痛感しているのは、原子力部門出身ではない電力会社トップだろう。13兆3210億円の損害賠償が旧経営陣に命じられた東電株主代表の控訴審が2024/11/27（水）結審したが、電力会社経営陣は大注目であろう。結審後の記者会見説明にあるように（※）、10月末死亡した勝俣恒久被告の遺族は、賠償債務を背負わないよう相続放棄したように株主代表訴訟賠償債務は自身の責任で済まず、家族親族を巻き込むからだ。 https://www.youtube.com/watch?v=zAbnPLAi85c&t=3360s&ab_channel=UPLANpart3、45:19～ (4)1995年発覚の大和銀行NY支店米国債巨額損失事件での株主大法訴訟から現在まで、裁判所商事部は経営陣の任務懈怠を厳しく問う姿勢であることを付け加える。同事件では国内畑を歩いていた同行頭取も巨額賠償を一審判決では命じられている。 (5)そう考えると結局電力会社は、Jパワー大間原発のように運転も建設も出来ない（したくない）状況を言い訳かまして（いやあ函館市との訴訟が影響しちゃってーとか）長引かせ塩漬けに終わる気がする。いくら基本計画だか何だかで役所が原発活用を叫んでも、再稼働スイッチを押す主体の電力会社経営陣が我が身と子孫可愛さに従う意思が無ければ画餅である。 4.最後に AmazonPrime'沈黙の艦隊'の如く軍事オプションとして核武装の手を残したいというなら、それを貴省庁出身者が公約にして国政選挙の場で議論してほしい。軍事目的を隠して国策民営とかの手段で、民間資本市場を歪ませないことを望む。尤も日本の核武装議論前に2011/4/4から続く海外からの批判’太平洋をMINAMATAにするのか’(出典：FACTA2011年5月号「東電を去勢した生兵法」)と
福島第一原発の後始末を求められるだろうけど。",2025-01,2024-12-24,2024-12-27
1011,68.5,80代以上,"全電源の再エネ化は、再エネの大量供給および大電力の出力調整手段があれば実現する。大電力の出力調整は、百年超も実用されている「揚水発電」の使用で確実にできる。
実現は、気候変動・環境汚染の対策と脱原発・脱火力発電に伴う莫大な燃料費の節約になる。脱原発で、事故・放射性廃棄物・軍事攻撃などによる放射能汚染の危険が減る。 Ａ．再エネの量だが、地上に降り注ぐ1～２時間の太陽光エネルギーは人類の年間消費電力量に匹敵する。経済性を加味した日本の再エネの潜在的な供給量は、年間供給電力量の最大２倍ある（環境省推定）。 Ｂ．再エネは供給量が変動する。昼と夜、夏と冬、強風と無風、等。再エネを安定供給して主力電源にするには、再エネの余剰分を貯め不足分を補う出力調整手段が必要。 Ｃ．原発と火力発電（原発等）は、大量の夜間余剰電力を昼間に使うための出力調整手段として、揚水発電所（淡水、全国４５ヶ所、合計２８ギガワット）を使用している。２８ギガワットは、標準的原発２８基の出力に相当する。
再エネにも、揚水発電を使う。但し、現在ある揚水発電所（淡水）は原発等が優先する（優先給電ルール）。 Ｄ．大量の再エネの出力調整は、現在ある揚水発電所を再エネに使用できない場合、島国日本に水源が豊富な海水を使う「海水揚水発電所」を導入する。
海水揚水発電所の貯水池は、島や半島に作り、海から切り離す（漁業等との摩擦回避など）。海水揚水発電所の例に国連支援のチリのタラパカ計画がある。 Ｅ．揚水発電は、上下２つの貯水池の間で、「電動ポンプで大量の水を揚水し貯水（蓄電）、貯水を放水し水車で発電」を反復する技術。大量貯水（大量蓄電）できるので、大電力の出力調整（安定供給）に使える。長期貯水すれば、大電力を長期間蓄え得る。揚水に使う電力（電力の由来は不問）の70％を発電できる。地産地消も企業共用も可能。 Ｆ．蓄電手段として一般によく使う蓄電池や水素利用蓄電（蓄電池等）は、コスト・性能（蓄電量・蓄電期間・安全性・耐用年数など）・器の大きさ等に革新がない限り、大量蓄電（大電力の出力調整）には使い難いとされる。 Ｇ．大電力の出力調整費用。敢えて蓄電池等を使うより、揚水発電所を使えば割安。揚水発電所のポンプ水車等の更新は、大量の蓄電池等の耐用年数毎の更新より、年数が経つほど割安になる。原発等が揚水発電所を使う理由。",2025-01,2024-12-24,2024-12-27
1012,68.5,80代以上,"今般のエネルギー基本計画（案）に対して、下記の通り加筆修正意見を提出します。
記
案 P28 21行目
「波力・潮力等の海洋エネルギーを始めとする・・・」を「波力・潮力・海洋温度差等・・・」と加筆挿入する。
修文理由
① 令和5年4月に閣議決定された第4期海洋基本計画と平仄を合わせる。
② 海洋温度差エネルギーを利用した発電施策は、すでに沖縄県久米島町で小規模実証実験を終えており、さらに、200KW規模の拡張計画が進展しているなどステップアップの段階にあ
る。
③ ODA事業において、パラオ共和国に海洋温度差発電計画の導入に向けてのフィージビリティスタディが進められている。
④ P28 18行目に「海水熱」の表現があるが、海洋温度差エネルギー利用の実用化に向けての施策の展開を考慮すると、区別して明記することが適当であると考える。",2025-01,2024-12-24,2024-12-27
